region,fam_type,earncomp,bls_urbn,cutenure,age_ref,sex_ref,marital1,educ_ref,inclass,kids,inc,food,house,transport,utili,health,enter
3,4,1,1,2,54,1,1,11,9,0,100887,2946.6668,3872,1468,2496,576,584
2,9,1,1,1,55,2,3,13,8,0,65668.6,3813.3332,7860,2960,4192,11740.8,800
3,4,2,1,1,54,1,1,14,9,0,72573,2773.3332,11604,1600,3756,2560,824
3,5,1,1,2,62,2,1,12,8,0,69278.4,3882.6668,10037.3332,3292,2792,20598.4,1040
4,5,2,1,4,41,1,1,16,9,0,82806.8,6586.6668,27472,9872,1600,640,1380
1,1,2,1,1,55,1,1,15,9,0,121787,3380,5249.3332,2362.6668,1940,7786.6672,680
2,1,2,1,1,52,1,1,15,9,0,198273.4,4333.3332,7392,836,1520,6208,8876
3,1,2,1,1,47,1,1,13,9,0,100048,4906.6668,5604,1504,2628,2480,3597.3332
4,1,2,1,1,31,1,1,16,9,0,111591.2,9808,14244,6521.3332,2744,35264,5076
1,1,2,1,2,57,1,1,12,9,0,106729.6,3986.6668,11286.6668,5213.3332,4716,9557.3328,13048
3,1,2,1,4,27,2,1,15,9,0,75185,6933.3332,16045.3332,6473.3332,1528,71488,1424
3,1,2,1,4,31,2,1,13,5,0,20182,2600,4352,2621.3332,448,800,180
3,1,2,1,1,63,1,1,14,8,0,49536.6,3640,6516,2920,2928,5472,1288
2,1,1,1,4,57,1,1,15,3,0,13417,1213.3332,4012,2824,220,896,32
4,1,2,1,1,51,1,1,15,9,0,133699.4,7626.6668,25128,26390.6668,3572,23360,2000
3,1,2,1,1,62,2,1,13,9,0,131422,6864,25128,6737.3332,5432,11530.6672,2880
4,9,1,1,1,60,1,5,16,8,0,47669,3120,7210.6668,3612,2616,7904,352
3,1,1,1,4,27,1,1,12,3,0,14436,2946.6668,8060,1817.3332,1540,1664,864
2,9,1,1,4,46,2,3,13,7,0,39847.6,1906.6668,3456,2504,2576,7040,736
2,1,2,1,1,56,1,1,12,9,0,83774,5200,6908,800,4360,15328,512
4,1,2,1,1,45,1,1,15,9,0,103567.6,3254.6668,6520,833.3332,1416,6240,520
4,1,2,1,2,56,1,1,16,8,0,60849,11250.6668,11674.6668,6618.6668,5352,21568,6020
3,1,2,1,1,29,2,1,15,9,0,81728.4,4073.3332,4872,2300,1452,5568,156
3,1,2,1,1,60,1,1,15,9,0,74901,8560,6186.6668,5464,5128,20917.3328,2844
3,1,2,1,1,27,1,1,15,8,0,48007.6,3986.6668,13134.6668,480,2320,1600,304
2,1,2,1,1,52,1,1,11,9,0,64475.6,1265.3332,5705.3332,829.3332,1412,4442.6672,380
3,1,2,1,1,52,2,1,13,9,0,140471,6853.3332,34521.3332,3452,3140,17066.6672,1120
2,9,1,1,4,48,2,2,13,8,0,44310,1900,3908,604,628,3808,92
2,1,2,1,4,57,1,1,16,9,0,82613.6,3380,42388,3476,2072,1898.6672,460
3,1,2,1,2,56,2,1,12,5,0,20707,2013.3332,8352,7842.6668,2692,5893.3328,2628
3,1,2,1,1,28,2,1,13,8,0,53165,2513.3332,6572,580,820,2880,1264
3,1,2,1,1,54,1,1,15,9,0,123208.6,5806.6668,6292,1616,1372,6144,2596
3,1,2,1,2,58,1,1,14,8,0,56602,2860,3450.6668,626.6668,880,4800,1076
1,1,2,1,1,39,1,1,15,9,0,76887,4160,9696,1600,1172,9600,708
3,1,2,1,1,31,1,1,13,9,0,80252.4,6066.6668,3312.6668,964,1540,1760,488
1,1,1,1,1,61,1,1,15,8,0,61489,1282.6668,8336,373.3332,2120,24320,360
1,1,2,1,1,55,1,1,16,6,0,35501.6,3813.3332,17705.3332,2000,3436,4544,1960
2,1,2,1,1,54,1,1,15,9,0,85824,8666.6668,18569.3332,2266.6668,3576,8544,632
3,1,2,1,1,58,1,1,13,9,0,77315,6172,6813.3332,4592,1948,30944,480
4,1,2,2,2,62,1,1,15,8,0,52107,4086.6668,5532,3128,1872,29168,1380
3,1,2,1,1,33,1,1,14,9,0,77422,5578.6668,7365.3332,336,2160,9600,904
2,1,2,2,2,64,2,1,12,5,0,29478.4,780,1070.6668,252,740,1920,68
2,1,2,1,4,37,1,1,16,9,0,90290.4,6053.3332,10520,2874.6668,2680,6560,164
2,1,1,1,2,59,1,1,16,9,0,90867.4,3674.6668,3842.6668,1888,1480,32613.3328,520
1,1,1,1,2,63,1,1,15,8,0,51557,2340,4040,4080,2384,4021.3328,320
4,9,1,1,4,60,2,3,12,6,0,31313,2080,3920,1200,480,1280,1144
4,1,2,1,2,51,2,1,13,8,0,47728.4,4510.6668,3701.3332,5840,2728,4842.6672,1084
2,1,2,1,1,32,2,1,15,9,0,92751,4160,5785.3332,796,1608,4037.3328,1376
4,1,2,1,4,40,1,1,15,9,0,103717.6,9562.6668,11844,3788,1500,28896,624
2,9,1,1,1,51,2,3,12,1,0,5025,1300,5492,2692,1880,6558.4,448
4,1,2,1,2,63,2,1,16,9,0,90067.6,3293.3332,3976,736,756,43897.0672,228
3,1,1,1,2,58,2,1,15,9,0,95480,2392,7673.3332,1200,904,7008,604
4,1,1,2,4,31,2,1,13,7,0,43466.6,3640,7228,3342.6668,1700,1678.4,920
3,1,1,1,1,64,1,1,13,5,0,21244.4,2600,4702.6668,724,900,12160,496
3,1,2,1,4,27,1,1,15,8,0,54882.4,3640,11052,8696,1844,12528,140
3,1,2,1,2,60,1,1,15,9,0,186435,3380,5009.3332,6988,2272,2602.6672,1360
1,1,1,2,4,58,2,1,12,7,0,39755,2600,5752,480,2332,1440,1232
3,1,2,1,2,60,2,1,15,9,0,64208.8,2773.3332,4100,960,1912,21066.6672,600
3,1,2,1,1,50,2,1,15,9,0,127479.2,6413.3332,6142.6668,1596,1352,4160,868
3,1,2,1,1,57,1,1,15,9,0,118279.4,8468,21028,9386.6668,3026.6668,8213.3328,1516
3,9,1,1,2,41,2,5,13,6,0,29257,2240,2572,725.3332,880,2000,240
4,1,2,1,4,29,2,1,13,9,0,68334,5730.6668,20634.6668,2984,924,4416,1568
2,1,1,1,1,60,2,1,15,9,0,69254,5546.6668,14389.3332,5360,3680,105856,656
3,9,1,1,4,46,2,4,13,1,0,2540,1733.3332,4152,1580,1032,3152,276
4,1,2,1,1,59,2,1,12,9,0,87569.6,2998.6668,61126.6668,3996,12492,2560,644
1,1,2,1,1,57,2,1,12,9,0,77453,2478.6668,3896,2532,2980,3840,1920
1,1,2,1,2,54,1,1,12,9,0,61872.6,1040,4348,872,1156,1984,580
1,1,2,1,1,45,1,1,14,9,0,85676,2773.3332,11392,4860,3360,10538.6672,720
4,1,1,2,1,62,2,1,12,8,0,51603,1646.6668,3216,800,1192,6080,412
4,1,2,1,2,44,1,1,14,9,0,118485.6,6113.3332,39928,5269.3332,2884,8874.6672,3832
4,1,2,1,1,40,2,1,14,9,0,67484,4056,13024,3760,2796,13920,80
1,1,2,1,1,58,1,1,15,8,0,59026.8,1733.3332,11993.6668,2960,840,4736,440
4,1,2,1,1,56,2,1,15,5,0,21355,8640,7269.3332,8432,1868,1920,3608
1,9,1,1,1,52,1,4,11,9,0,84836,3120,14088,13012,3884,901.3328,556
2,1,2,1,1,50,2,1,14,9,0,69444.8,4680,5800,828,1680,10122.6672,360
3,1,2,1,2,43,1,1,11,8,0,51032,1733.3332,5971.3332,1126.6668,2612,11648,240
2,9,1,1,4,38,1,5,10,4,0,15399.2,866.6668,4200,200,1400,480,160
3,1,2,1,1,54,1,1,16,9,0,156513,1560,18029.6668,481.3332,1408,4256,1496
4,1,2,1,1,43,1,1,15,9,0,128431.6,3120,4209.3332,1200,928,6720,320
1,1,1,1,2,64,2,1,15,9,0,83686,3693.3332,5588,2545.3332,1112,8318.4,712
4,1,2,1,1,38,2,1,15,9,0,118885.4,2253.3332,10489.3332,6160,1200,3840,892
4,1,2,1,1,54,2,1,14,8,0,54009,4477.3332,29028,3796,1192,14400,764
2,1,2,1,1,53,1,1,16,9,0,115781.8,5040,20091.3332,1461.3332,3852,3680,4628
3,1,2,1,4,40,2,1,16,9,0,203488,4680,6730.6668,945.3332,1786.6668,8960,256
1,1,1,1,2,58,2,1,15,9,0,137734.8,4840,13530.6668,944,4508,31036.8,1440
3,1,2,1,4,50,1,1,14,9,0,70812.6,7626.6668,14616,4242.6668,5080,7541.3328,2604
2,1,2,1,2,57,2,1,12,9,0,187537,3320,6465.3332,2844,2052,18112,960
1,1,2,1,2,56,1,1,15,9,0,106490,5633.3332,10525.3332,1333.3332,1844,14096,1832
3,1,2,1,2,60,1,1,15,9,0,82019.2,3813.3332,10441.3332,2000,3164,6784,1284
4,1,2,1,1,36,1,1,12,9,0,90209.8,6933.3332,13937.3332,11181.3332,3220,17952,2160
4,1,2,1,2,58,1,1,12,8,0,54924,3813.3332,4821.3332,2842.6668,1928,10538.6672,488
4,1,2,1,4,34,2,1,12,8,0,49972,3033.3332,7138.6668,424,816,2880,796
3,1,2,1,1,29,2,1,14,8,0,49021,5200,8010.6668,2960,3344,4992,4456
3,1,1,1,2,61,2,1,14,8,0,60013,1040,2136,480,1176,14638.4,224
1,1,2,1,1,55,1,1,14,9,0,152922,6920,65153.3332,3370.6668,2504,6762.6672,1900
4,1,2,1,1,62,1,1,14,9,0,104981.2,2773.3332,12928,10221.3332,1736,49600,5600
3,1,2,1,2,64,1,1,12,6,0,37127.6,8666.6668,7974.6668,8540,4144,25504,1400
2,1,2,1,1,51,2,1,14,9,0,128908,2166.6668,4510.6668,1216,1280,16240,1080
4,1,2,1,1,51,1,1,15,9,0,93376,5200,13088,2814.6668,2552,26186.6672,1568
3,1,2,1,1,54,1,1,11,9,0,98589.6,5893.3332,19217.3332,3850.6668,1960,36160,5868
3,1,2,1,1,47,2,1,12,9,0,69237.2,2686.6668,5402.6668,960,1100,14736,400
1,1,2,1,1,63,1,1,15,9,0,156327,10077.3332,28930.6668,19736,5180,10560,5584
4,1,2,1,1,57,1,1,12,9,0,97760,1993.3332,8364,2174.6668,840,3653.3328,960
2,1,2,1,1,45,1,1,15,9,0,114425.8,4368,15242.6668,1110.6668,1904,5136,2432
1,9,1,1,2,51,1,5,11,6,0,33049,1560,1108,857.3332,788,6080,640
4,1,2,1,4,31,2,1,15,9,0,85479,4160,7492,960,1148,1552,508
1,1,2,1,4,58,1,1,15,9,0,66397,10200,13128,6380,576,5696,2992
3,1,2,1,1,53,1,1,13,9,0,83212,4140,6130,43000,1712,7696,1284
3,1,2,1,1,56,1,1,12,6,0,35180,1317.3332,5005.3332,813.3332,2404,15605.3328,512
1,1,2,1,1,53,1,1,13,9,0,100646.8,6656,15758.6668,3640,2504,20533.3328,596
3,9,1,1,1,63,2,3,14,3,0,15594.2,2080,55666.6668,2001.3332,1540,8174.4,1452
2,1,2,1,1,56,1,1,15,9,0,116672.4,2489.3332,3778.6668,1244,1796,5008,360
2,1,2,2,4,63,1,1,16,9,0,83670,1698.6668,3228,1737.3332,1080,528,160
3,1,2,1,2,59,1,1,13,9,0,144496,8320,5613.3332,3840,2360,37120,12800
1,9,1,1,4,61,2,4,10,5,0,30847,6046.6668,2829.3332,5368,669.3332,17484.8,2380
2,1,1,1,4,58,1,1,12,7,0,39307,3813.3332,7456,1110.6668,848,9248,568
1,1,2,1,4,61,1,1,12,9,0,126787,901.3332,6581.3332,4132,1168,9824,480
3,1,2,1,1,56,1,1,12,8,0,46816,1646.6668,1926.6668,2390.6668,1364,2330.6672,260
1,1,2,1,2,60,2,1,12,9,0,94442,5893.3332,2669.3332,1920,1476,19413.3328,928
3,9,1,1,4,58,2,2,13,5,0,25121,2553.3332,7108,2466.6668,1080,9344,1840
2,1,1,1,4,62,1,1,12,5,0,27199,3293.3332,9740,1600,3616,9600,712
2,1,2,1,4,52,1,1,12,9,0,82317,1733.3332,9112,1228,2168,2602.6672,2416
4,1,1,1,1,44,1,1,13,8,0,50599.6,5373.3332,8448,3024,2392,9365.3328,2920
2,1,2,2,2,53,1,1,12,9,0,72969.6,5070.6668,3152,4720,1900,7125.3328,2348
3,1,2,1,1,38,1,1,15,9,0,207784,6066.6668,11093.3332,3853.3332,1620,3989.3328,664
2,1,2,2,2,61,1,1,12,7,0,46298,3245.3332,4233.3332,640,3100,12800,864
1,1,2,1,1,47,2,1,14,9,0,67612,7626.6668,11289.3332,4132,3316,8944,980
4,1,2,1,1,53,2,1,13,8,0,63446.2,2166.6668,6197.3332,848,720,9920,3796
4,1,2,1,1,55,1,1,15,9,0,146589.8,2253.3332,12020,2900,1516,9397.3328,1144
4,1,2,1,1,59,2,1,14,9,0,82282,6000,23412,11414.6668,7188,7040,4108
3,9,1,1,1,55,2,3,15,8,0,54154,6714.6668,13446.6668,11184,4160,5120,4664
2,1,2,1,1,58,2,1,12,8,0,53623.2,5546.6668,7077.3332,4104,3592,4896,1328
2,1,2,1,1,57,2,1,15,9,0,65298.4,1993.3332,7037.3332,968,2272,8650.6672,1480
1,1,2,1,1,63,2,1,14,9,0,66278.2,5373.3332,7029.3332,3756,2296,7596.8,1552
3,1,2,1,4,57,1,1,14,9,0,127360,8620,12896,2924,4536,14464,760
3,1,2,1,1,63,1,1,14,7,0,42943,4506.6668,11548,3268,3776,20544,800
4,1,2,1,1,57,2,1,13,9,0,90697.6,3813.3332,4342.6668,1600,920,2320,1600
4,1,2,1,2,49,1,1,16,9,0,62115,2961.3332,4664,153.3332,104,2400,1624
3,1,2,1,1,31,1,1,13,8,0,54034,3173.3332,20222.6668,3848,2584,1280,724
2,1,2,2,1,51,2,1,15,9,0,74898,1733.3332,11640,1704,2312,19200,912
3,9,1,1,4,55,1,3,15,8,0,49121,2253.3332,10724,1673.3332,1148,1386.6672,440
3,1,2,1,2,48,2,1,13,9,0,106317,2426.6668,13584,4000,1836,6080,640
1,1,2,1,1,48,1,1,13,9,0,65585,3120,6182.6668,1460,1600,7626.6672,1660
3,1,2,1,1,27,1,1,13,7,0,42390,2600,9216,1280,2100,9386.6672,1176
3,1,2,1,2,63,1,1,15,9,0,96168,866.6668,7286.6668,1148,6420,17392,556
4,1,1,1,2,60,2,1,15,8,0,55510,1300,1908,400,1040,10606.4,1740
1,1,2,1,1,52,1,1,12,9,0,76432.2,3640,3452,4432,1272,13866.6672,1424
3,1,2,1,2,62,1,1,13,9,0,99651,14200,5253.3332,5928,3184,22677.3328,824
4,1,2,1,4,59,2,1,15,9,0,139313,2600,8488,5676,900,14213.3328,256
3,1,1,1,1,60,2,1,13,5,0,23942,3466.6668,6890.6668,3800,2120,9746.1328,680
2,1,2,1,1,33,2,1,15,9,0,74311,1906.6668,7377.3332,2968,1680,8320,1512
1,1,2,1,2,54,1,1,12,9,0,101299.2,6586.6668,10800,5420,5960,12160,1360
3,9,1,1,2,41,1,5,14,5,0,21799,1906.6668,440,800,268,2718.4,240
3,1,2,1,1,62,2,1,12,8,0,49499,2600,8664,600,3152,15360,220
3,1,2,1,2,52,1,1,14,9,0,97589,572,2502,1676,861.3332,10048,100
3,1,1,1,1,60,2,1,13,8,0,53468,3813.3332,3342.6668,9256,2680,3836.8,880
4,1,2,1,1,45,2,1,12,9,0,87386,3293.3332,6588,1160,1840,5253.3328,3896
2,1,2,1,2,62,1,1,13,9,0,87908.8,2594.6668,3870.6668,1676,2568,6768,1208
3,9,1,2,2,54,2,3,14,8,0,47919.6,2253.3332,7628,2913.3332,3764,18076.8,760
2,1,2,1,1,59,1,1,12,9,0,103198,7626.6668,9104,157104,3532,960,1904
2,1,2,1,1,61,1,1,13,9,0,72291.6,4333.3332,6937.3332,1636,1492,8426.6672,784
4,1,2,1,4,60,1,1,12,9,0,63598,2652,5848,2904,832,25594.6672,232
3,1,1,1,4,58,1,1,12,9,0,74876,6453.3332,11756,2444,2924,17888,1548
1,1,1,1,2,56,2,1,15,9,0,102424.2,7973.3332,23364,1872,4384,40604.8,5044
2,1,2,1,2,31,2,1,16,9,0,94665,2600,3361.3332,3040,1808,3248,2348
2,1,2,1,1,53,2,1,16,9,0,118535,5672,22265.3332,17088,4928,18000,3348
2,9,1,1,2,56,1,5,16,9,0,76869.8,2808,2000,600,1072,2581.3328,2036
2,1,2,1,1,60,2,1,12,9,0,77226.8,4626.6668,8485.3332,15278.6668,3712,10560,204
2,1,2,1,1,46,1,1,12,8,0,53123,6240,9376,1992,3640,20629.3328,1080
4,1,1,1,4,36,1,1,16,9,0,75395,2133.3332,5526.6668,1250.6668,1266.6668,14944,64
3,1,1,1,1,57,2,1,15,8,0,52091.2,4160,18092,6033.3332,2440,64000,1520
3,1,2,1,1,42,1,1,13,9,0,74186,2045.3332,10901.3332,800,2120,70901.3328,632
3,1,2,1,2,62,2,1,13,9,0,71333,6240,37841.3332,3356,2588,16800,9392
4,1,2,1,2,58,1,1,15,9,0,100040.6,5200,8690.6668,3300,1380,6933.3328,200
4,1,2,1,1,38,1,1,12,8,0,61906.4,5920,14162.6668,1440,3384,15253.3328,2072
3,1,2,1,2,58,1,1,12,8,0,46907,2080,2168,1380,1808,10000,512
3,1,1,2,1,56,1,1,13,5,0,23138,4333.3332,6190.6668,3160,2668,5120,784
3,1,1,1,4,28,1,1,12,7,0,41079,7706.6668,9496,16814.6668,3896,21568,4768
3,9,1,1,2,61,2,3,10,8,0,48231.4,1622.6668,2254.6668,960,1488,5081.0672,544
2,1,1,1,1,54,1,1,16,9,0,115297,1906.6668,10852,326.6668,2132,22862.4,1788
4,1,2,1,1,30,1,1,12,8,0,56543,2946.6668,1848,64206.6668,848,3813.3328,172
3,1,2,1,1,48,1,1,14,9,0,124957.6,6341.3332,21062.6668,11884,1600,21456,2176
3,1,2,2,2,55,2,1,12,7,0,46058.6,2773.3332,3306.6668,3504,1488,15282.1328,1000
4,1,1,1,1,51,2,1,13,4,0,15639,1040,8004,320,2272,1040,312
1,1,1,1,2,60,2,1,16,8,0,45106.6,3584,3889.3332,1800,1700,5436.8,2720
2,1,2,1,1,51,2,1,15,9,0,85211,3026.6668,2724,2504,1104,3952,644
2,1,2,1,2,39,1,1,14,9,0,91711,2946.6668,5237.3332,3276,4256,10400,632
4,1,2,1,2,62,2,1,13,8,0,46454,3466.6668,5612,3064,4292,9792,1048
4,9,1,1,1,53,2,3,15,5,0,26339,1126.6668,2262.6668,504,832,496,372
2,1,2,1,1,58,1,1,15,9,0,63760.4,2520,3798.6668,942.6668,1088,7973.3328,560
3,1,1,1,2,54,1,1,12,9,0,72614.6,2253.3332,2540,420,1800,4000,280
3,1,2,1,2,58,1,1,15,9,0,96098,2652,2158.6668,1524,1112,17481.0672,1084
4,1,2,1,4,36,2,1,11,9,0,121524,2773.3332,15244,5436,1524,13866.6672,1320
4,1,1,2,1,62,1,1,12,5,0,20000,1040,7184,400,1044,2912,724
3,1,1,1,2,63,1,1,12,8,0,58421,3304,2528,433.3332,820,7550.4,2100
3,1,2,1,1,51,1,1,15,9,0,126015,9533.3332,10848,6008,3604,4096,432
2,1,2,2,1,53,1,1,15,9,0,116129.6,2253.3332,9966.6668,1600,2192,1664,1292
3,1,2,1,1,59,1,1,16,9,0,117055,3900,12462.6668,1028,2864,3728,1200
3,1,2,1,1,44,1,1,12,9,0,88272.6,5200,10086.6668,3450.6668,2960,7626.6672,2600
1,9,1,1,1,58,2,3,12,5,0,25927.6,2340,4589.3332,1896,2208,1760,952
3,1,2,1,2,60,2,1,12,9,0,51999,1022.6668,1188.6668,2333.3332,992,1568,244
3,1,1,1,1,64,1,1,12,8,0,64495.2,2513.3332,4528,896,1624,7200,836
4,1,2,1,1,64,1,1,13,9,0,130580,5522.6668,32009.3332,8570.6668,6004,16992,10616
3,1,2,1,1,27,1,1,15,9,0,82500,4333.3332,10741.3332,2536,2000,4400,536
1,1,2,1,1,37,2,1,16,9,0,123338,5321.3332,14562.6668,2064,3096,6933.3328,2460
2,9,1,1,2,48,2,3,14,6,0,31787.6,1820,4346.6668,826.6668,1640,4122.6672,240
1,1,2,1,4,47,2,1,15,9,0,106532,433.3332,6112,360,420,4000,344
3,1,2,1,1,30,1,1,15,8,0,48439,3986.6668,16069.3332,1592,2400,23658.6672,2356
3,1,2,1,2,62,1,1,13,9,0,216589,10400,4928,1600,1760,11200,480
3,1,1,1,2,64,1,1,15,9,0,88148,5373.3332,11424,2584,3468,11936,3172
2,1,2,1,1,63,1,1,14,4,0,18397,1906.6668,3597.3332,844,1960,8432,320
3,1,2,1,1,49,1,1,13,9,0,115703,7800,12634.6668,1066.6668,2680,5760,1760
2,1,2,2,2,63,2,1,15,6,0,37597.6,4826.6668,11756,2416,1312,7328,396
3,1,2,1,2,55,2,1,15,9,0,108675.8,3120,9158.6668,1104,2512,3600,2812
2,1,2,1,4,37,1,1,15,9,0,87585.4,2600,6512,1233.3332,1840,5557.3328,1656
2,1,2,2,2,60,2,1,12,8,0,59499,624,2685.3332,304,1012,13760,472
3,1,2,1,2,55,2,1,13,9,0,62360,3640,5732,2124,3400,10624,1544
3,1,2,1,1,53,2,1,15,8,0,57037.8,1906.6668,5309.3332,3612,3852,8880,632
3,1,2,1,2,54,2,1,14,9,0,68498.4,11960,4469.3332,1456,2104,5738.6672,1208
1,1,2,1,2,53,2,1,12,7,0,39603.2,3293.3332,4333.3332,620,2840,6933.3328,320
4,1,1,1,1,63,2,1,13,9,0,84918,2946.6668,15181.3332,5008,3280,74.6672,3514.6668
4,1,2,1,1,45,1,1,13,9,0,63572,6240,10277.3332,1988,3632,61888,3080
3,1,2,1,1,56,1,1,15,9,0,238380.4,22320,35210.6668,3116,3956,5664,1524
4,1,2,1,4,33,2,1,14,9,0,86598,9813.3332,17120,3436,2168,9434.6672,4028
2,1,2,1,1,56,1,1,12,8,0,59225,3466.6668,11408,4000,3304,20000,872
4,1,2,1,1,63,1,1,14,9,0,75599,5994.6668,10261.3332,5086.6668,3152,9536,676
2,1,2,1,1,60,1,1,16,9,0,169747.8,3626.6668,30618,12506.6668,3780,56000,6944
3,1,2,1,2,56,2,1,14,9,0,127965,3120,16078.6668,1280,2840,29930.6672,940
3,1,2,1,1,50,1,1,13,8,0,65723,2166.6668,4786.6668,748,1756,33136,5832
3,1,2,1,4,28,2,1,15,8,0,48620.2,1126.6668,2933.3332,2160,400,720,32
4,1,1,1,2,61,1,1,16,9,0,88179,3746.6668,1624,18432,1032,5520,80
3,1,2,1,4,27,2,1,16,8,0,56582,4373.3332,4260,860,612,4320,2264
2,1,2,1,2,59,1,1,15,7,0,40357.8,4472,5758.6668,5580,3308,43034.6672,1224
3,1,2,1,1,51,1,1,15,9,0,122413,4680,8829.3332,6136,5144,18304,1832
1,1,2,1,2,49,2,1,12,9,0,80056,1733.3332,6328,1680,2004,480,252
2,1,2,1,1,42,2,1,13,9,0,145390.6,6066.6668,11932,7168,4140,4160,2436
3,1,1,1,4,28,1,1,15,9,0,75246,3773.3332,5126.6668,885.3332,520,1728,240
1,1,2,1,4,31,1,1,16,9,0,95071.4,21093.3332,13820,9678.6668,2304,15200,4968
4,1,2,1,1,44,2,1,12,8,0,62085,2080,5346.6668,2104,1036,2560,744
4,1,2,1,1,39,2,1,16,9,0,93028,3481.3332,7028,1613.3332,1044,1792,228
3,9,1,1,4,47,1,5,13,6,0,40220,1213.3332,2932,660,1200,1678.4,440
2,1,1,1,2,64,2,1,16,9,0,81046,2340,3500,533.3332,1552,6640,3992
3,1,2,1,1,47,1,1,14,5,0,25901.6,2520,2170.6668,80,700,1248,140
1,1,2,1,1,51,1,1,16,9,0,102125,2340,10049.3332,2120,1940,5066.6672,308
3,1,2,1,4,38,2,1,13,9,0,92306,4853.3332,10152,4316,1912,11520,880
4,1,2,1,4,51,2,1,11,5,0,28166,1300,5156,361.3332,748,240,496
3,1,1,1,1,49,2,1,12,7,0,41343.8,1386.6668,21856,760,1164,912,588
3,1,2,2,2,34,1,1,13,8,0,44198,2600,3426.6668,4978.6668,3040,6400,600
1,1,2,1,2,53,1,1,13,9,0,74702.4,1733.3332,1469.3332,484,616,2400,220
1,1,2,1,1,48,1,1,15,9,0,114610.4,2686.6668,8444,1729.3332,2356,4197.3328,1008
3,1,1,1,2,58,1,1,12,9,0,89158,7072,4841.3332,5445.3332,3040,8960,2144
3,1,2,1,1,58,2,1,13,9,0,121929,1040,5800,653.3332,2736,640,640
1,1,2,1,2,62,2,1,11,9,0,70390,3120,4842.6668,3428,3580,9927.4672,2344
2,1,2,2,1,50,2,1,14,9,0,81772.2,5857.3332,6617.3332,5780,2920,5120,1912
3,1,2,1,4,54,1,1,15,5,0,21827,3501.3332,7464,2780,2240,11861.3328,756
3,1,2,1,2,51,2,1,12,7,0,42269,5800,4428,12049.3332,2220,6378.6672,568
4,1,2,1,1,45,2,1,14,9,0,127411,4160,8285.3332,1564,1300,58048,1888
3,1,2,1,1,28,1,1,13,8,0,48897,2065.3332,5560,3792,1232,480,472
3,9,1,1,2,34,1,1,12,9,0,67303.4,13693.3332,1776,7940,1344,3356.8,768
4,1,1,1,4,58,2,1,12,6,0,33948,346.6668,5640,400,440,3342.4,32
2,1,2,1,2,62,1,1,12,8,0,48375,2166.6668,3785.3332,1100,2052,4085.3328,800
2,9,1,1,4,48,1,3,14,8,0,44465,2874.6668,6016,1930.6668,736,6794.6672,1552
1,1,2,1,4,34,2,1,12,8,0,57976,2600,3560,726.6668,1340,8650.6672,600
4,1,2,1,1,45,2,1,13,9,0,103689,6760,16400,1752,4324,10848,808
3,1,2,1,1,38,1,1,15,9,0,170490,6600,14013.3332,8210.6668,2652,13045.3328,2908
4,9,1,1,1,60,1,5,16,8,0,49570,866.6668,4217.3332,173.3332,1816,8903.4672,104
2,1,2,1,1,54,2,1,10,9,0,156765,2946.6668,16381.3332,3300,3664,8320,664
4,1,2,1,2,62,1,1,13,9,0,191085.6,6633.3332,18941.3332,2314.6668,2980,20030.4,1496
1,1,2,1,4,36,2,1,13,9,0,66172,5546.6668,13064,3088,2280,41600,1376
3,1,2,1,4,58,2,1,15,5,0,26361,4853.3332,7280,1932,1240,5920,776
3,1,2,1,1,32,2,1,15,9,0,112574,6141.3332,24170,254400,2880,800,4696
1,1,2,2,1,51,1,1,15,9,0,72418,3380,5496,1041.3332,940,3258.6672,60
3,1,2,1,1,61,2,1,15,9,0,74967.8,1906.6668,15701.6668,1889.3332,1988,3248,332
2,9,1,1,1,56,1,3,12,8,0,43984,1733.3332,4613.3332,2388,1040,2010.6672,432
3,9,1,1,1,45,1,5,13,8,0,48614.8,8320,5721.3332,2080,1928,10450.1328,616
2,1,2,1,1,35,2,1,15,9,0,164958,5893.3332,5690.6668,4153.3332,1408,15498.6672,340
3,9,1,1,1,49,2,3,16,7,0,37464,1560,5630.6668,500,836,10272,592
3,1,2,1,1,53,2,1,13,9,0,80935.6,2472,11813.3332,6980,3200,9504,472
3,1,2,1,2,56,1,1,15,9,0,67102,6933.3332,13638.6668,4736,1616,12224,940
4,4,1,1,4,48,2,1,12,6,0,32266,1958.6668,5404,2000,824,4800,348
2,4,2,1,1,46,2,1,13,9,0,95553,5754.6668,8541.3332,6400,3076,18240,4984
4,4,1,1,4,58,1,1,15,6,0,35955,5200,28214.6668,5600,2126.6668,384,560
3,4,2,1,2,56,1,1,13,9,0,81439.2,6933.3332,8412,4920,3648,15360,2364
4,4,2,1,1,47,1,1,13,9,0,149106,7973.3332,23314.6668,4485.3332,7440,11824,1536
3,4,2,1,1,48,2,1,13,9,0,101412,2426.6668,9582.6668,1276,1964,11200,712
2,4,2,1,2,48,2,1,13,8,0,59123,7184,6861.3332,3540,5136,16400,928
4,4,2,1,2,46,2,1,15,9,0,161622.4,11373.3332,39208,11996,5492,85856,5344
3,5,2,1,1,50,2,1,13,9,0,113074.4,3553.3332,8501.3332,1274.6668,1704,9610.6672,3524
3,9,1,1,1,27,1,5,13,5,0,28575,3013.3332,6189.3332,2258.6668,2224,6400,864
2,4,2,2,1,46,2,1,12,9,0,129637.4,2773.3332,9132,5905.3332,3320,18864,524
3,9,1,1,1,41,1,5,15,5,0,22421,4506.6668,7600,1420,1920,19049.6,428
3,4,2,2,1,44,1,1,12,9,0,115387,10746.6668,11926.6668,6737.3332,5212,4800,1600
3,5,1,1,2,61,1,1,13,9,0,79399.8,2253.3332,3770.6668,637.3332,1684,9929.0672,504
3,5,2,1,2,53,2,1,14,9,0,76244,1906.6668,4274.6668,1664,3140,7246.4,400
2,5,2,1,1,53,1,1,15,9,0,199827,4686.6668,18996,62853.3332,4880,21086.4,1852
3,4,2,1,1,59,2,1,12,9,0,122887,13000,17481.3332,2980,3496,28720,2016
1,4,1,1,1,57,1,1,16,9,0,93846,7626.6668,20073.3332,3509.3332,5328,10538.6672,720
3,9,1,1,4,48,2,3,12,6,0,38636,3466.6668,15016,1268,3440,1280,232
3,4,2,1,1,50,2,1,13,9,0,97333.6,10400,8572,3856,4000,9429.3328,1200
3,9,1,1,1,57,2,2,12,5,0,27711,8496,6758.6668,1728,2868,5264,480
1,5,2,1,1,53,2,1,15,9,0,121605.8,5720,17309.3332,5242.6668,4484,28202.6672,848
1,5,2,2,1,50,2,1,12,9,0,73857,1733.3332,8013.3332,944,3600,8985.0672,288
3,4,2,1,1,55,2,1,14,8,0,54064,1820,3918.6668,1002.6668,1800,28800,40
1,4,2,1,1,47,1,1,13,9,0,69571.8,8320,24581.3332,12872,4796,19242.6672,1076
3,8,1,1,1,60,1,2,12,5,0,21663,3813.3332,6016,3324,4016,6517.3328,1056
1,8,1,1,4,51,1,3,16,8,0,50069,1473.3332,8038.6668,2850.6668,1924,4992,1480
3,8,1,1,1,60,1,1,15,9,0,92144,6293.3332,14594.6668,5052,2072,7056,1396
3,8,1,1,1,60,2,5,15,7,0,37180,2773.3332,4948,2204,1220,14144,4220
1,8,1,1,4,39,1,5,15,8,0,52649,2426.6668,14096,3796,1316,5024,1224
4,8,1,1,1,52,1,1,12,9,0,83641,3224,10390.6668,416,972,5248,420
3,8,1,1,1,41,2,5,16,9,0,88030.4,1282.6668,7837.3332,888,1288,3285.3328,2640
4,8,1,1,4,47,1,5,15,9,0,58694.4,8493.3332,29032,981.3332,3520,19200,1104
3,8,1,1,4,46,1,5,14,8,0,51920,4853.3332,7152,1280,1432,3200,568
4,8,1,1,1,48,1,1,15,8,0,48988,5546.6668,9306.6668,1600,2488,8000,428
3,8,1,1,1,63,2,2,15,9,0,129604.2,2846.6668,17464.3332,4781.3332,2720,46442.6672,980
2,8,1,1,1,55,2,3,12,8,0,48976,1317.3332,9581.3332,2592,2676,2576,1400
2,8,1,1,2,50,1,3,14,8,0,47867.4,6413.3332,6573.3332,3930.6668,2468,18026.6672,1328
3,8,1,1,4,48,1,1,12,4,0,14097,1560,3988,80,1040,1040,340
3,8,1,1,1,62,2,5,16,8,0,49894,1106.6668,2913.3332,1220,2040,5728,480
2,8,1,2,2,55,2,5,16,5,0,27972.8,2600,4845.3332,3432,2072,7116.8,64
2,8,1,1,4,45,1,3,13,6,0,30854,1906.6668,7549.3332,2669.3332,661.3332,11029.3328,240
3,8,1,1,1,36,1,1,12,8,0,57987,9533.3332,12261.3332,4746.6668,3580,11946.6672,1000
4,8,1,1,1,27,2,5,16,7,0,42728,5453.3332,26284,3381.3332,1636,1754.6672,1080
3,8,1,1,4,46,1,3,15,8,0,42186,1906.6668,5512,1360,640,3680,680
2,8,1,1,1,54,2,3,15,8,0,47142.2,2426.6668,8533.3332,1224,3200,13034.6672,560
3,8,1,2,4,34,1,4,14,7,0,34776,1286.6668,2868,1160,688,3381.3328,292
4,8,1,1,1,45,1,3,15,8,0,58138,2640,26616,7413.3332,1104,3200,4440
2,8,1,1,4,35,1,5,15,7,0,36456,1993.3332,3480,1496,480,1562.6672,732
4,8,1,1,1,43,2,5,16,8,0,50735,4333.3332,11249.3332,1644,1140,4960,144
3,8,1,2,2,40,1,5,14,8,0,53830,5373.3332,3690.6668,7172,2824,8181.3328,11000
2,8,1,1,4,57,1,3,13,3,0,11750,2486.6668,2836,160,120,96,1472
1,8,1,1,1,53,1,5,12,8,0,48577,2426.6668,6315.3332,4296,1140,11200,1200
3,8,1,1,1,54,1,5,15,9,0,78993,2993.3332,15980,1324,4994.6668,3786.6672,1948
3,8,1,1,1,62,2,3,13,7,0,42646,953.3332,4370.6668,592,1188,2842.6672,320
2,8,1,1,4,60,2,3,13,6,0,30900,1386.6668,7648,1153.3332,912,3829.3328,712
3,8,1,1,1,28,1,5,15,7,0,42678,1812,4578.6668,2386.6668,1436,320,396
4,8,1,1,4,60,2,3,13,9,0,81766,7397.3332,18140,5254.6668,1392,2090.6672,1648
1,8,1,1,4,38,1,5,13,6,0,30624,3120,9076,5844,1716,3349.3328,1320
3,8,1,1,1,46,1,4,12,1,0,2153,1733.3332,3329.3332,2133.3332,1840,320,160
1,8,1,2,1,53,2,3,16,6,0,37567,2744,13217.3332,3214.6668,2984,6304,800
4,8,1,1,4,28,2,5,13,5,0,25388,2253.3332,6640,704,1068,2080,1112
4,8,1,1,4,30,1,5,15,2,0,6171.6,1666.6668,6652,2386.6668,512,2528,493.3332
1,8,1,1,4,37,1,5,15,8,0,48299,11786.6668,11676,1560,1440,1525.3328,1600
2,8,1,1,1,28,1,5,15,9,0,60511,3466.6668,8924,12,1912,2080,1308
3,8,1,1,4,45,1,5,15,8,0,53080,4658.6668,9620,7468,1320,16800,4464
3,8,1,1,4,56,2,2,12,6,0,29475,1300,3132,480,632,560,116
2,8,1,1,1,38,2,5,13,6,0,30634.8,1473.3332,3125.3332,120,1028,208,1052
3,8,1,1,1,54,2,4,13,2,0,8686,2773.3332,2312,880,1245.3332,7114.6672,560
2,8,1,1,4,38,1,5,12,6,0,29630,2773.3332,4492,200,820,800,1452
3,8,1,1,4,30,1,5,16,6,0,34233.2,3482.6668,7496,160,1096,3605.3328,840
1,8,1,1,2,57,1,5,15,9,0,84696,2253.3332,2070.6668,620,620,485.3328,468
2,8,1,1,4,29,2,5,15,9,0,79255.2,5546.6668,12578.6668,3040,1380,4864,1200
4,8,1,1,1,51,2,3,15,9,0,117898,6266.6668,18528.6668,7120,1300,2848,7528
4,8,1,1,4,55,1,5,13,8,0,47109,3813.3332,5956,1724,600,640,400
2,8,1,1,1,57,2,5,16,9,0,80113,2080,15876,21017.3332,2516,17536,3668
4,8,1,1,4,57,2,3,13,7,0,41645.2,866.6668,6200,480,808,6400,284
3,8,1,1,1,64,1,1,16,9,0,90085,3033.3332,5870.6668,325.3332,2436,8478.4,2408
2,8,1,1,1,47,1,3,15,9,0,63010,2766.6668,5968,2205.3332,784,698.6672,440
3,8,1,1,1,62,2,3,15,4,0,18072,4437.3332,7165.3332,512,2840,175552,680
2,8,1,1,1,56,1,2,13,9,0,74140,1560,3194.6668,244,2328,3200,504
4,8,1,1,1,54,1,3,12,8,0,45886,4624,2909.3332,1396,800,4960,400
3,8,1,1,1,31,2,5,16,7,0,36484,2850.6668,5649.3332,484,1512,1952,2840
4,8,1,1,1,49,1,4,15,7,0,41811.6,866.6668,2289.3332,480,520,8224,32
1,8,1,1,1,30,1,5,15,6,0,27634,1877.3332,12205.3332,960,1824,1664,144
1,8,1,1,1,33,2,5,15,9,0,93685,2676,15178.6668,1708,748,2501.3328,1192
2,8,1,1,1,38,1,4,13,5,0,23390,780,6530.6668,528,1292,1856,600
2,8,1,2,4,54,1,3,13,9,0,70672.4,2600,3312,2900,372,20752,760
2,8,1,1,4,30,1,5,15,9,0,70063,1040,5652,974.6668,312,730.6672,1612
3,8,1,1,2,62,2,5,14,6,0,34412,3610.6668,8117.3332,680,2984,42853.3328,1132
3,8,1,1,1,41,1,5,15,7,0,39789,4013.3332,11169.3332,3700,1632,960,2152
3,8,1,1,1,55,2,2,16,9,0,67535,10016,6481.3332,800,1876,12464,220
4,8,1,1,4,30,1,5,13,6,0,29574,2426.6668,4442.6668,2086.6668,640,869.3328,352
4,8,1,1,4,35,1,5,10,6,0,31324.4,10920,15664,3060,960,5936,960
2,8,1,1,4,62,2,3,12,8,0,55072.4,780,4564,408,1116,26384,1324
4,8,1,1,4,40,1,5,16,7,0,40647,5200,7468,1000,1840,7680,1048
4,8,1,1,1,62,1,5,16,9,0,84505,4826.6668,16318.6668,3740,1860,32426.6672,12856
3,8,1,1,1,46,2,5,13,8,0,47907,4680,9017.3332,600,1792,11408,816
2,8,1,2,4,52,1,5,12,5,0,24001,693.3332,1580,400,240,8832,240
2,8,1,1,4,29,1,5,15,6,0,30641,520,2812,340,376,8666.6672,240
4,8,1,1,1,56,1,3,13,8,0,53570,3120,12805.3332,6280,2072,5600,986.6668
3,8,1,1,1,62,1,3,12,6,0,34680,1646.6668,3056,1593.3332,1120,7472,1368
3,8,1,1,2,59,2,3,13,6,0,30735,1560,3257.3332,344,1608,11520,300
4,8,1,1,4,39,2,5,15,7,0,35621.6,9706.6668,34072,800,5360,88736,2980
4,8,1,1,4,42,2,3,12,6,0,27019,3320,7020,344,768,3125.3328,576
1,8,1,1,1,54,1,4,15,8,0,49190,3570.6668,11104,3356,1532,15024,1560
3,8,1,1,4,31,1,5,15,5,0,26676,2773.3332,2720,240,344,3411.7328,260
3,8,1,1,1,54,2,3,14,9,0,78743,1473.3332,3738,1136,1516,5130.6672,1552
4,8,1,1,1,60,1,3,15,5,0,25800,2426.6668,14244,1194.6668,3320,6876.8,1160
3,8,1,1,2,51,2,3,12,6,0,27990,2080,4522.6668,22520,2256,26517.3328,20
3,8,1,1,2,54,2,5,14,3,0,10333,3293.3332,2649.3332,1008,1552,16528,808
4,8,1,1,4,51,1,5,13,9,0,59439,658.6668,6264,344,424,1600,320
3,8,1,1,4,45,2,5,14,6,0,32775,5546.6668,5152,1520,2352,9909.3328,472
4,8,1,1,1,31,2,5,15,9,0,86854,1640,1320,506.6668,636,6208,996
4,8,1,1,2,52,1,5,12,6,0,34873,589.3332,3902.6668,3100,2432,1280,476
4,8,1,1,4,28,2,1,12,7,0,38812,4160,11780,880,444,17632,320
3,8,1,1,1,32,1,1,15,8,0,55984,33953.3332,8573.3332,184,2200,1200,5752
3,8,1,1,1,49,2,5,15,6,0,31699,2622.6668,5184,3501.3332,1040,8512,928
1,8,1,1,1,29,2,4,14,6,0,26677,2426.6668,13757.3332,4228,3488,3136,940
3,8,1,1,4,33,2,5,15,8,0,55605,7986.6668,10417.3332,7240,1576,3541.3328,1704
4,8,1,1,4,47,2,3,13,6,0,29773,3986.6668,7196,1304,1940,5520,396
1,8,1,1,4,57,2,3,16,8,0,42273.2,1980,15916,1732,1692,17648,368
3,8,1,1,2,64,2,2,11,6,0,27327.2,2008,2713.3332,1564,2580,4853.3328,768
3,8,1,1,2,62,1,3,12,6,0,31065,5026.6668,2694.6668,4888,2022.6668,10912,912
4,8,1,1,1,49,2,4,16,8,0,45483.6,6226.6668,10353.3332,5093.3332,3400,25248,2944
3,8,1,1,1,64,2,3,15,6,0,31675.6,3482.6668,4673.3332,1156,2640,9600,768
3,8,1,1,1,46,1,3,11,7,0,38966,433.3332,1812,853.3332,1156,9706.6672,10968
4,8,1,1,2,54,1,1,11,9,0,91496,5026.6668,3709.3332,146061.3332,1744,9040,760
2,8,1,2,1,53,1,3,11,5,0,20649,3466.6668,5702.6668,800,2824,3392,1120
4,8,1,1,4,37,1,5,12,8,0,53197.8,3922.6668,11080,1812,1560,5546.6672,760
3,8,1,1,1,37,1,5,15,7,0,37930,3466.6668,6454.6668,3242.6668,1112,3840,876
4,8,1,1,1,34,1,5,15,9,0,67401,3466.6668,9238.6668,1036,1724,3648,352
3,8,1,1,1,40,1,3,14,4,0,17201,3813.3332,4428,2620,1760,2773.3328,352
3,8,1,1,4,43,1,5,15,8,0,48962.4,3640,8468,1049.3332,1720,6432,3212
2,8,1,1,1,40,2,5,15,6,0,32938,1386.6668,5142.6668,804,792,9642.6672,668
4,8,1,1,4,51,2,3,15,5,0,23454,426.6668,2904,1936,336,4746.6672,512
2,8,1,1,2,58,2,2,15,8,0,49527,1473.3332,3670.6668,2128,1724,9632,716
4,8,1,1,1,55,1,5,15,8,0,50856,1993.3332,5921.3332,2220,453.3332,2448,2508
3,8,1,1,1,58,2,5,16,9,0,87138.6,1473.3332,4712,3704,780,35296,2372
2,8,1,2,2,52,1,5,14,7,0,36487.6,3986.6668,2698.6668,748,2132,3200,400
3,8,1,1,1,39,1,3,14,8,0,46365.4,3120,7652,1020,2572,4160,808
4,8,1,1,1,29,2,5,15,9,0,117129,2773.3332,10544,400,660,8000,1732
2,8,1,1,4,59,2,5,16,8,0,47257,1872,2292,516,452,34784,400
1,8,1,1,4,28,1,5,12,8,0,49029,3293.3332,2252,596,752,1664,336
3,8,1,1,4,39,1,3,15,8,0,44080,1386.6668,7480,3712,1080,14800,1480
4,8,1,1,4,35,1,5,15,8,0,43109.6,1646.6668,6080,2508,784,2048,228
3,8,1,1,4,64,1,3,14,9,0,78466.2,3026.6668,5272,4036,1236,11584,5244
3,8,1,1,1,42,2,3,15,9,0,66653,2600,3660.6668,3176,1580,1626.6672,988
2,8,1,1,1,64,2,3,14,6,0,30784.4,1126.6668,3156,358.6668,724,6288,360
4,8,1,1,2,62,2,3,13,5,0,22225.6,3813.3332,3725.3332,952,1704,12485.3328,624
3,8,1,1,4,45,2,3,14,7,0,40201,606.6668,4146.6668,2292,880,4832,1960
2,8,1,1,1,61,2,5,15,8,0,57184,2449.3332,4862.6668,2192,1620,3680,452
3,8,1,1,1,44,1,5,14,9,0,85395,1560,6068,664,1884,8522.6672,1056
2,8,1,1,1,43,2,3,15,6,0,27855,3680,8080,2602.6668,2780,2064,448
1,8,1,1,4,36,1,5,16,6,0,27636.8,2600,16960,2120,2000,14080,1200
4,8,1,1,4,36,1,5,13,5,0,24899,2426.6668,10152,636,1176,6336,816
3,8,1,1,4,27,1,5,15,9,0,76465,4680,3100,153.3332,520,1040,1300
1,8,1,1,1,37,1,3,16,8,0,48244,693.3332,3740,2880,1040,9504,468
3,8,1,1,4,53,1,3,12,7,0,42375,3120,9344,1928,2080,2570.6672,696
1,8,1,1,4,48,1,3,15,9,0,57129,2513.3332,6536,1584,132,7200,448
3,8,1,1,4,59,1,3,12,6,0,27581,1386.6668,2340,445.3332,620,960,320
2,8,1,2,2,49,2,5,16,6,0,35497,2080,2365.3332,960,1732,26752,164
3,8,1,1,4,40,2,5,15,6,0,33894.8,1906.6668,13228,2348,1920,1317.3328,1124
1,8,1,1,1,49,1,3,12,9,0,96600.6,4680,16925.3332,65832,1848,480,80
2,8,1,1,4,42,1,3,15,9,0,55263,5304,7850.6668,600,664,16896,3728
3,8,1,1,4,58,1,3,11,6,0,31300.4,3482.6668,7020,3648,1076,18965.3328,592
1,8,1,1,4,47,1,3,15,8,0,47597,1733.3332,18064,1513.3332,2832,3184,968
3,8,1,1,1,52,2,3,15,6,0,35257,5373.3332,8725.3332,2704,1640,29232,720
4,8,1,1,4,40,1,3,16,9,0,83721.6,2426.6668,7292,893.3332,1092,3813.3328,3900
1,8,1,1,4,59,1,5,15,8,0,47104.6,3466.6668,11052,960,744,5573.3328,560
3,8,1,1,4,32,2,5,16,7,0,41527,2946.6668,5618.6668,1857.3332,512,400,828
4,8,1,1,4,28,1,5,14,5,0,22715,7280,10464,2932,440,3200,616
2,8,1,1,4,34,2,5,14,5,0,21656.2,1386.6668,3704,1022.6668,1424,3520,1032
4,8,1,1,1,51,1,5,13,7,0,46022,3306.6668,16826.6668,2313.3332,2164,7424,88
3,8,1,1,4,32,1,5,16,9,0,68840,2813.3332,7888,4206.6668,960,4480,1372
3,8,1,1,4,36,1,5,16,8,0,45717,1213.3332,5904,592,1712,592,1052
3,8,1,1,4,30,1,5,12,6,0,28742.4,2600,6440,1100,2104,693.3328,824
2,8,1,1,1,30,2,5,15,5,0,24161,780,2569.3332,420,1224,2186.6672,352
4,8,1,1,2,61,1,5,14,5,0,20211,3726.6668,3456,1120,704,13216,296
1,8,1,1,1,62,2,5,14,9,0,107108,918.6668,5018.6668,773.3332,652,800,760
1,8,1,1,4,49,2,3,12,4,0,14431.8,1906.6668,4384,824,1514.6668,3616,256
4,8,1,1,1,33,1,5,16,9,0,95984,2506.6668,7366.6668,1678.6668,1412,1920,600
2,8,1,1,1,55,1,5,13,5,0,20425,1126.6668,2760,348,748,4506.6672,640
3,8,1,1,2,44,2,3,13,5,0,21720,1386.6668,3513.3332,3308,1660,37184,1160
2,8,1,1,4,32,1,5,14,8,0,42839,1160,2616,850.6668,360,800,1716
2,8,1,2,1,58,2,2,12,3,0,11854,1300,2093.3332,173.3332,1360,160,168
3,8,1,1,1,56,2,5,16,8,0,45590,520,1492,696,880,1888,748
3,8,1,1,4,32,1,5,15,9,0,85120,3536,6184,1484,784,4800,1340
2,8,1,1,4,53,2,3,14,5,0,20772,3640,5532,256,1172,7152,3648
3,8,1,1,4,33,2,5,15,8,0,43409,2800,10005.3332,1324,1912,9301.3328,792
4,8,1,1,4,49,1,3,13,7,0,36064,7922.6668,11297.3332,1488,1988,4096,404
2,8,1,1,1,32,1,5,13,8,0,46802.6,6586.6668,10661.3332,9644,5444,5760,1280
3,8,1,1,4,44,1,3,15,9,0,55783,1213.3332,4180,5678.6668,468,4442.6672,272
3,8,1,1,4,29,1,5,16,7,0,36896.2,606.6668,7640,480,132,2272,292
3,8,1,1,1,49,1,5,12,9,0,56661,1906.6668,2190.6668,1112,1320,1386.6672,652
2,8,1,1,1,58,1,3,12,8,0,52925,1906.6668,3325.3332,676,1084,2949.3328,428
3,8,1,1,4,53,2,5,13,5,0,25778.2,4920,9949.3332,3570.6668,4644,39536,960
4,8,1,1,4,28,1,5,16,9,0,65027.4,4272,6008,4010.6668,1424,13120,6912
3,8,1,1,4,50,2,5,16,8,0,45862,1386.6668,3108,4296,492,1040,284
3,8,1,1,4,36,1,5,13,6,0,28151.8,3482.6668,11656,1200,2480,277.3328,656
3,8,1,1,4,38,1,5,15,8,0,48403,4853.3332,4398.6668,1140,806.6668,9760,524
4,8,1,1,1,62,2,2,16,9,0,90485,4285.3332,29309.3332,1468,2060,8640,1008
3,8,1,1,1,63,2,2,16,8,0,59310.2,1820,24921.3332,840,1192,4080,240
3,8,1,1,4,55,1,5,13,7,0,38553,2773.3332,5376.6668,800,3220,160,800
4,8,1,1,4,44,1,5,13,8,0,48796,953.3332,4080,849.3332,780,69.3328,268
2,8,1,1,1,46,2,5,13,8,0,44193,433.3332,2917.3332,81458.6668,880,1285.3328,1488
1,8,1,1,2,45,1,5,13,9,0,86066.8,2006.6668,2556,1120,1532,2912,504
1,8,1,1,2,47,1,5,15,9,0,102777,3986.6668,8053.3332,8902.6668,432,29792,2304
3,8,1,1,1,43,2,5,13,6,0,31912,693.3332,5402.6668,960,748,3328,320
3,8,1,1,1,29,1,5,13,8,0,56019,2946.6668,1522.6668,800,840,1200,284
4,8,1,1,4,57,1,5,15,8,0,56462.4,6066.6668,10300,1596,1188,16560,3028
3,8,1,1,4,40,1,5,12,6,0,28698.8,3006.6668,6980,2345.3332,1364,4416,608
2,8,1,1,1,53,1,3,13,8,0,53584,3494.6668,4585.3332,4593.3332,680,7626.6672,492
4,8,1,1,1,52,1,3,15,9,0,113598,1386.6668,7485.3332,592,820,1557.3328,284
3,8,1,1,1,32,1,1,16,9,0,92246,3900,27861.3332,2889.3332,2180,13120,456
1,8,1,1,1,59,2,3,12,7,0,46200.2,2426.6668,10922.6668,608,920,1920,2408
1,8,1,1,4,54,1,3,15,8,0,44228,1213.3332,2520,520,252,1072,332
3,8,1,1,1,35,1,5,16,7,0,36469,4680,6817.3332,3497.3332,1280,1978.6672,1108
4,8,1,1,4,29,2,5,16,5,0,23630,7573.3332,18264,8764,480,800,1496
1,8,1,1,4,45,1,5,15,9,0,62254,1426.6668,7348,808,592,2016,260
3,8,1,1,2,43,1,5,16,9,0,95380,7540,2242.6668,1481.3332,1024,960,1076
2,8,1,1,2,54,1,3,13,8,0,43543,2080,2496,2880,1796,2080,340
1,8,1,1,1,54,2,3,15,9,0,79942,5213.3332,15274.6668,4108,2180,1792,1144
3,8,1,1,4,27,2,5,15,8,0,47090,2166.6668,2440,1720,60,8512,592
1,8,1,1,1,56,1,3,15,1,0,1801,1040,3528.6668,3136,1540,2830.4,456
1,8,1,2,4,40,1,5,14,6,0,30849,3946.6668,5725.3332,1716,4277.3332,1802.6672,1132
4,8,1,1,4,55,1,3,13,6,0,32776,1976,9320,1476,368,160,888
2,8,1,1,1,38,1,5,13,9,0,78131.8,6586.6668,14168,6248,2148,3520,10872
2,8,1,1,4,29,2,5,15,7,0,36502,3466.6668,2352,4804,604,1488,1592
3,8,1,1,1,53,1,3,12,6,0,30608.2,2080,2567.3332,406.6668,1280,4160,400
3,8,1,1,2,30,1,5,13,2,0,8481,2946.6668,3024,448,2784,288,40
3,8,1,1,1,54,1,3,15,8,0,43671.2,3482.6668,7404,480,2192,640,664
1,8,1,1,1,47,1,5,12,8,0,49761,7973.3332,10373.3332,4000,3588,4853.3328,4220
3,8,1,1,2,57,1,3,13,7,0,36263,9880,5221.3332,2001.3332,1664,480,1624
3,8,1,1,4,55,1,5,10,4,0,18271,1906.6668,2584,800,588,1317.3328,260
1,8,1,1,4,58,1,4,12,6,0,30590.6,953.3332,5020,1640,840,4853.3328,296
2,8,1,1,4,61,1,3,15,7,0,38357,1560,8712,50384,1192,1024,1488
3,8,1,1,4,36,1,5,15,9,0,58453.4,3640,6324,4424,1448,2736,784
4,8,1,1,4,46,2,5,15,3,0,11305,2704,8532,1720,996,5488,832
4,8,1,1,1,56,1,3,14,8,0,58792,1993.3332,9081.3332,600,1888,2944,1240
4,8,1,1,1,40,1,5,13,7,0,42206,2392,4505.3332,2680,1120,778.6672,500
4,8,1,1,4,56,2,3,15,5,0,22351,1733.3332,4640,360,1660,2080,400
1,8,1,1,4,59,2,3,12,5,0,18477,866.6668,3340,496,240,16240,220
2,8,1,1,4,35,1,5,16,8,0,53089,2806.6668,5304,2810.6668,1032,2048,496
3,8,1,1,2,48,2,5,12,4,0,17143.2,693.3332,3134.6668,240,1196,1146.6672,444
1,8,1,1,4,27,2,5,16,5,0,20065,3904,4090.6668,912,352,8320,36
1,8,1,1,4,49,2,5,16,8,0,46158.6,7149.3332,5016,5904,1048,5056,1096
3,8,1,1,4,54,2,3,12,7,0,40201,693.3332,2472,580,560,3328,1436
4,8,1,1,4,49,2,2,13,4,0,17801,1733.3332,5344,904,344,2464,560
1,8,1,1,1,56,2,5,15,8,0,52958,5893.3332,9644,220,1204,6880,540
3,8,1,1,2,61,2,3,12,5,0,24323,4680,2504,640,1312,3584,552
1,8,1,1,1,43,1,5,15,8,0,45647,5200,10952,1870.6668,4188,6240,2340
3,8,1,1,1,62,2,5,15,9,0,72488,4333.3332,6224,2533.3332,2360,6400,10104
1,8,1,1,4,32,2,5,15,6,0,27824.4,3446.6668,19692,4161.3332,460,2064,228
4,8,1,1,4,27,2,5,14,6,0,28410,3293.3332,8408,1732,344,320,744
3,8,1,1,2,56,1,3,12,7,0,40949,2600,1068,10148,904,1728,916
3,8,1,1,4,56,2,1,16,8,0,52626,1440,9609.3332,2588,504,320,188
3,8,1,1,1,61,2,3,16,9,0,102725,3906.6668,17713.3332,2352,4904,18581.3328,528
4,8,1,1,4,46,1,3,14,9,0,83680,13000,11536,400,1616,17920,1464
1,8,1,1,4,60,2,5,12,9,0,60394,1300,4646.6668,200,720,106.6672,416
4,8,1,1,4,35,1,5,13,6,0,29163.2,4072,6360,1252,648,5856,1680
2,8,1,1,1,33,2,5,16,8,0,52709,1820,4608,428,1424,416,436
3,8,1,1,1,56,1,3,15,8,0,55220,10330.6668,16945.3332,2520,2200,14560,872
2,8,1,1,4,29,2,5,15,8,0,47121,1906.6668,9005.3332,420,316,869.3328,232
3,8,1,1,4,52,1,5,15,4,0,16583,1456,7996,538.6668,2788,10240,2480
3,8,1,1,4,29,1,3,12,5,0,21468.6,1993.3332,2120,320,720,5200,280
1,8,1,1,4,34,2,3,15,6,0,33912.2,4981.3332,14984,8440,2492,2560,956
3,8,1,1,1,48,1,5,16,9,0,103708.4,2006.6668,13086.6668,2860,2832,9344,2120
3,8,1,1,1,44,1,3,16,9,0,83049.8,2080,1738.6668,1436,1140,2080,316
3,8,1,1,1,50,2,5,14,5,0,25735.4,2008,2949.3332,200,1744,2432,64
3,8,1,1,2,27,1,5,13,7,0,35949,7373.3332,10933.3332,8316,2220,6976,4908
2,8,1,2,1,29,1,5,15,7,0,36962,1525.3332,4061.3332,8266.6668,2160,7552,816
4,8,1,1,2,54,2,3,12,5,0,26306,1993.3332,2021.3332,1208,1500,2368,740
2,8,1,1,1,43,1,3,16,9,0,89658,2942.6668,11009.3332,2036,2064,2218.6672,1308
4,8,1,1,4,33,1,3,15,8,0,42307,2600,7444,892,1088,640,9492
4,8,1,1,4,30,1,5,15,8,0,48857.8,3482.6668,8252,106.6668,1844,4160,1202.6668
1,8,1,1,4,29,2,5,14,5,0,24374.6,1733.3332,3288,20,1500,3813.3328,332
4,8,1,1,4,58,2,3,13,5,0,26603,1866.6668,8848,4178.6668,912,44240,324
4,8,1,1,1,44,2,5,15,9,0,64299,1733.3332,5422.6668,3780,756,10197.3328,1100
2,8,1,1,4,35,1,3,15,9,0,75281,6240,10072,1624,720,3466.6672,552
3,8,1,1,4,51,2,3,16,9,0,92807,3761.3332,4645.3332,6974.6668,836,1520,552
4,8,1,1,4,51,2,5,15,8,0,49810.2,5200,28696,1205.3332,1080,3466.6672,1276
3,8,1,1,2,52,2,5,15,2,0,7348.4,780,2894,432,1360,816,120
2,8,1,1,2,64,2,5,16,3,0,15316.2,2773.3332,3732,680,2172,20736,372
3,8,1,1,2,57,1,3,12,9,0,91514,866.6668,6624,400,1580,3466.6672,500
2,8,1,1,1,61,2,3,12,8,0,45527,3466.6668,7161.3332,1956,1664,3040,208
2,8,1,1,4,42,1,5,16,9,0,65674.6,606.6668,3858.6668,2640,652,4512,544
4,8,1,1,4,48,2,3,15,8,0,42293,3120,7272,1524,320,6880,576
2,8,1,1,4,27,1,5,15,8,0,44485,3920,4600,6233.3332,600,9013.3328,1200
3,8,1,1,1,45,1,5,16,9,0,81499,2932,21670.6668,1462.6668,1980,1760,1412
3,8,1,1,4,37,1,3,15,9,0,86848,4853.3332,8648,3968,1360,7904,3424
3,8,1,1,4,62,1,1,12,7,0,34435,1178.6668,3952,4364,1152,2032,172
3,8,1,1,4,34,2,5,15,6,0,33401,1646.6668,4088,788,520,1941.3328,720
3,8,1,1,1,55,1,3,13,9,0,65038,4160,9202.6668,11018.6668,3520,12192,4660
2,8,1,2,4,48,1,3,11,6,0,33203.2,1508,964,1192,844,2176,316
3,8,1,1,1,47,2,5,16,9,0,63981,1040,3654.6668,300,844,42922.6672,512
1,8,1,1,1,61,1,3,12,6,0,32000.4,1560,6212,3084,1784,7680,1680
4,8,1,1,4,29,2,5,15,2,0,7800,1400,3896,1310.6668,100,304,1192
3,8,1,1,1,41,1,5,12,7,0,37649,2373.3332,3833.3332,3172,1588,5760,688
3,8,1,1,1,62,2,3,16,9,0,61757,3373.3332,14396,520,1048,2688,672
1,8,1,1,1,55,2,3,13,7,0,39714.8,4968,22925.3332,4848,2584,28448,1220
2,8,1,1,1,45,2,5,15,9,0,75318,1213.3332,1962.6668,122.6668,1196,1120,2700
3,8,1,1,1,50,1,4,15,1,0,3946,1612,2950.6668,366.6668,1812,1968,612
4,8,1,1,4,48,2,5,15,9,0,61896.2,6413.3332,8872,1848,672,1280,1880
1,8,1,1,4,43,2,3,15,8,0,53332,3466.6668,13242.6668,3040,922.6668,25920,480
2,8,1,1,1,44,1,5,15,9,0,107375,5706.6668,27976,4042.6668,1976,3584,8080
2,8,1,1,1,44,2,3,11,5,0,22968,1300,2436.6668,480,1704,1904,132
4,8,1,2,4,39,2,3,15,5,0,24376,1594.6668,1916,2232,1496,2400,720
4,8,1,1,4,28,2,5,16,5,0,20527,5200,10720,1360,1440,18432,640
3,8,1,1,1,58,1,3,12,7,0,40442.4,2773.3332,2308,2412,1664,6400,32040
2,8,1,1,1,58,2,3,12,8,0,45193,1386.6668,10348,516,1488,1600,312
3,8,1,1,2,62,2,3,15,8,0,41232,2553.3332,5788,2400,3520,2560,1484
3,8,1,1,2,44,1,5,12,7,0,34996.6,1906.6668,1760,800,1340,1040,320
1,8,1,1,4,30,2,5,15,3,0,12261.2,7466.6668,8704,826.6668,804,26880,1656
3,8,1,1,1,32,2,5,16,9,0,60928,2253.3332,5217.3332,724,860,1109.3328,3456
2,8,1,1,4,31,1,5,13,6,0,30396.8,2253.3332,6460,780,1320,1386.6672,16
4,8,1,1,4,58,2,3,13,5,0,21341,1386.6668,2580,180,148,3098.6672,516
4,5,2,1,2,62,2,1,13,9,1,74041,1906.6668,3112,4684,1940,5230.4,8
1,5,2,1,4,40,2,1,13,8,1,54384,3380,8798.6668,1700,1312,2240,220
4,5,2,1,1,42,2,1,16,9,1,200627,10573.3332,36973.3332,5493.3332,2653.3332,4160,600
2,5,2,1,1,47,2,1,12,9,1,70113.8,7973.3332,8177.3332,4636,1792,45952,1140
4,4,2,1,1,48,1,1,12,9,1,159372,2080,13658.6668,10360,2192,9440,1972
3,5,2,1,1,54,1,1,15,9,1,99094,5306.6668,14049.3332,5768,3520,31954.1328,4420
2,4,2,1,1,53,2,1,15,9,1,183628.2,16813.3332,16342.6668,14800,5792,2720,1072
4,4,2,1,1,44,1,1,11,8,1,49303,5026.6668,13334.6668,1644,2593.3332,17472,100
3,4,2,1,2,45,1,1,11,6,1,34112,7973.3332,3296,2592,3196,2240,304
1,4,2,1,1,53,1,1,15,9,1,92023,1485.3332,5456,3173.3332,2180,7802.6672,1080
3,9,1,1,2,32,1,3,12,9,1,110471,5566.6668,5940,64800,1920,266.6672,440
4,4,2,1,4,44,1,1,13,8,1,59391,6937.3332,11880,744,2120,3978.6672,3868
4,4,2,1,1,54,1,1,14,9,1,98134,1906.6668,10825.3332,5416,2408,16992,980
2,5,1,1,1,52,1,1,15,8,1,63333.4,13866.6668,20979.3332,5640,5356,21040,800
2,6,1,1,4,38,1,5,11,6,1,36626.4,2946.6668,13488,2800,2800,11733.3328,312
1,6,1,1,1,57,1,2,15,6,1,34603.4,1126.6668,5568,613.3332,1172,7120,292
4,7,1,1,4,55,2,4,13,6,1,30668,3120,13600,320,800,213.3328,440
1,7,1,1,1,38,2,1,15,9,1,66418,2500,6858.6668,720,1380,2080,1920
3,7,1,1,2,51,2,3,16,9,1,75440,3866.6668,5441.3332,1100,1688,21760,5200
3,7,1,1,2,40,2,3,16,8,1,52925,2513.3332,8012,2100,1748,2832,1204
2,6,1,1,4,32,1,3,15,8,1,55000,2920,7840,1240,3840,1376,240
3,7,1,1,1,34,2,1,16,9,1,93415.4,6153.3332,23053.3332,2413.3332,2872,8000,5592
3,7,1,1,4,37,2,3,13,5,1,26529,2993.3332,9028,794.6668,800,1920,444
3,6,1,1,4,27,1,5,13,8,1,48674,1560,5802.6668,1002.6668,840,2544,940
3,6,1,1,4,31,1,5,14,8,1,50904,5026.6668,14960,5040,3520,5269.3328,552
3,9,1,1,4,54,2,5,12,4,1,22982.6,1446.6668,3649.3332,2297.3332,2556,1678.4,524
3,7,1,1,4,44,2,3,15,8,1,49660,4073.3332,5520,864,2080,4832,120
3,7,1,1,4,40,2,3,13,7,1,41894,5200,12244,4530.6668,4020,192,2324
3,7,1,1,4,32,2,5,14,5,1,28208,2218.6668,4104,2408,1864,736,320
2,6,1,1,2,43,1,5,12,9,1,109096,2426.6668,2372,3317.3332,1160,13866.6672,900
3,7,1,1,1,36,2,4,12,6,1,29849,1866.6668,4440,1180,968,3536,448
2,7,1,1,4,44,2,3,12,5,1,25147,2088,10190.6668,2000,3308,9290.6672,912
3,6,1,1,1,30,1,3,14,6,1,36772,1386.6668,4586.6668,752,1380,869.3328,1878.6668
3,7,1,1,1,46,2,4,13,4,1,21419,2600,3629.3332,320,1736,2160,520
3,7,1,1,4,30,2,3,13,7,1,43913,3640,6240,400,940,4320,280
3,6,1,1,2,42,1,5,11,7,1,40992,4800,2338.6668,796,1616,11093.3328,1544
3,7,1,1,1,28,2,4,15,7,1,38030,1820,4492,789.3332,916,9344,704
3,7,1,1,4,55,2,3,14,5,1,23364.2,3606.6668,10436,800,1756,8000,720
2,7,1,1,4,27,2,5,13,4,1,22196.2,2426.6668,7224,3088,2152,4160,152
3,7,1,1,1,31,2,2,13,3,1,17674,4610.6668,13405.3332,5220,4504,4160,784
4,7,1,2,1,50,2,5,12,5,1,23552,1109.3332,3497.3332,600,1168,2800,276
4,7,1,1,4,39,2,4,16,9,1,85590,2773.3332,19652,4306.6668,1376,24960,964
3,7,1,1,1,38,2,5,12,5,1,24693,173.3332,6686.6668,2592,1208,2602.6672,812
4,7,1,1,4,31,2,3,11,5,1,28722,3813.3332,14480,2026.6668,3700,3840,1304
3,7,1,1,1,52,2,3,13,7,1,38968,4680,8820,2000,2904,21776,2996
1,6,1,1,1,57,1,2,11,6,1,35305,2664,4089.3332,3540,1404,4714.6672,872
3,7,1,1,1,43,2,3,15,8,1,55924,5040,11989.3332,2408,1860,10880,1960
3,9,1,1,2,53,1,1,13,8,1,56874.6,2773.3332,3341.3332,800,1484,4298.6672,444
4,7,1,1,4,41,2,3,16,9,1,64655,12133.3332,13093.3332,2864,1464,13680,3828
3,5,2,2,1,34,1,1,13,9,1,78223.6,4333.3332,6205.3332,6225.3332,940,8000,11268
1,5,1,1,1,46,1,1,15,9,1,110016.4,5546.6668,17346.6668,1280,2200,32000,240
2,2,1,1,1,30,1,1,15,7,1,45455,1973.3332,4204,6820,1388,18773.3328,488
1,2,1,1,4,37,1,1,16,9,1,63803,2426.6668,20716,5124,5120,17066.6672,2368
1,3,2,1,4,51,1,1,16,7,1,42178.4,4301.3332,13746.6668,1236,2680,752,244
3,3,2,1,1,43,1,1,13,9,1,66950,3640,4334.6668,1000,1588,5589.3328,696
4,3,2,1,1,40,1,1,13,8,1,56469,2513.3332,6502.6668,706.6668,2248,8666.6672,656
1,3,2,1,1,55,2,1,15,9,1,148037,1733.3332,8377.3332,1885.3332,1880,8960,1496
1,2,2,1,4,31,1,1,12,7,1,40919,3640,8380,1636,1500,6080,1976
2,3,2,2,2,46,2,1,13,9,1,69712,3726.6668,16972,3004,2592,2720,448
4,2,2,1,4,54,1,1,11,8,1,49480.4,3310.6668,5800,3680,1400,1920,996
3,7,1,1,4,39,2,5,13,8,1,51662,5373.3332,14184,1344,3660,4000,3304
4,2,2,1,4,27,1,1,12,9,1,81211.4,5026.6668,5168,2240,2208,7600,600
4,3,2,1,4,30,2,1,13,7,1,42889,2330.6668,5360,766.6668,560,208,1272
3,3,2,1,2,51,1,1,15,9,1,114862.6,7901.3332,6148,13940,3976,23136,5536
1,2,2,1,1,39,1,1,15,9,1,133069.2,4905.3332,15186.6668,794.6668,2020,12693.3328,7644
3,3,2,1,1,42,1,1,15,9,1,165656.8,4546.6668,18088,1220,2324,21552,10308
3,2,2,1,1,34,2,1,15,9,1,87284,3560,9646.6668,8033.3332,2848,55568,904
3,2,2,1,1,28,1,1,16,1,1,3116,3536,31568,3916,3640,693.3328,1000
3,2,2,1,4,31,1,1,12,6,1,33624,4680,18048,1740,2464,21600,400
4,2,2,1,1,40,2,1,16,9,1,144587,3553.3332,22641.3332,5304,1812,2880,5364
3,3,2,1,1,41,1,1,16,9,1,78084,8840,9330.6668,3053.3332,3756,57436.8,1920
3,3,2,1,4,35,2,1,13,9,1,100635.4,3120,4192,960,1300,15104,3644
3,3,1,1,1,59,1,1,16,9,1,73935,7106.6668,14094.6668,2984,4249.3332,10528,400
4,2,2,1,4,35,2,1,15,9,1,67630,3328,15853.3332,14260,4092,1600,2912
2,2,2,1,4,31,2,1,15,9,1,134468,3640,13808,2660,3008,130400,720
4,2,2,1,4,33,2,1,15,9,1,134373,6240,17932,2100,720,1760,3264
1,2,2,1,1,33,1,1,16,9,1,100146,5893.3332,15908,140480,3160,64,168
3,2,2,1,1,38,1,1,14,9,1,106164,7973.3332,25033.3332,4816,3776,23360,2680
2,3,1,1,1,44,2,1,11,3,1,17274,10686.6668,3946.6668,2133.3332,1720,7941.3328,500
2,3,1,1,1,44,1,1,15,8,1,53024,3986.6668,11052,3685.3332,2508,9344,1200
2,3,2,1,4,48,1,1,12,8,1,53173,5320,8328,3428,1216,10608,2396
4,2,2,1,1,32,1,1,13,9,1,153043,8666.6668,34089.3332,7269.3332,3812,13280,2416
4,3,1,1,1,62,1,1,14,5,1,32290,3120,14872,2252,1600,2720,480
3,3,2,1,1,48,1,1,15,9,1,147243,13729.3332,14360,5752,2884,7824,1040
4,2,2,1,1,47,1,1,15,9,1,81104.6,5026.6668,6466.6668,856,1356,640,152
4,3,2,1,4,37,2,1,12,7,1,44589,1560,6588,1712,1028,6240,980
1,3,2,1,4,37,1,1,12,9,1,125480.2,2270.6668,5104,1906.6668,1084,7925.3328,2604
4,2,2,1,1,29,1,1,15,9,1,107717,1126.6668,10590.6668,2200,2600,7802.6672,8320
1,3,2,1,4,49,2,1,12,8,1,56086.2,5314.6668,7112,3194.6668,800,10640,2920
4,2,2,1,4,29,2,1,15,9,1,118045,3085.3332,11032,736,1020,1040,1664
3,2,2,1,1,36,1,1,15,9,1,129984,4992,16417.3332,82726.6668,1204,6805.3328,12616
4,3,2,1,1,60,2,1,12,9,1,115440.2,2493.3332,10290.6668,1165.3332,2028,15520,2944
3,3,2,1,1,44,1,1,12,9,1,75889,3346.6668,5968.6668,2473.3332,1900,6960,1240
3,3,2,1,1,53,1,1,13,8,1,50091,5106.6668,6170.6668,7680,1532,33904,632
3,3,2,1,1,48,2,1,15,9,1,136275,5160,12290.6668,780,1396,7168,3216
3,2,2,1,1,31,2,1,16,9,1,78158,2125.3332,15141.3332,3165.3332,3032,6080,3560
2,3,2,1,1,41,1,1,13,9,1,70288.6,2233.3332,4132,1906.6668,2060,4757.3328,984
3,2,2,1,1,35,1,1,13,9,1,122488,3361.3332,15709.3332,5436,1260,7360,1504
3,2,2,1,4,30,2,1,16,9,1,122821.4,5269.3332,27020,1036,1076,21306.6672,912
2,3,2,1,2,50,2,1,14,9,1,116188.2,3640,2397.3332,800,988,20293.3328,496
1,2,2,1,1,31,2,1,16,9,1,131173,3586.6668,9956,2620,1504,8864,9356
3,3,2,1,1,49,2,1,12,9,1,106188.6,6066.6668,9897.3332,12500,4280,1760,5236
2,2,2,2,2,35,2,1,13,6,1,33439.8,4160,6793.3332,4908,3672,8320,1464
3,7,1,1,1,46,2,3,13,1,1,1330,2426.6668,5724,1284,2704,6592,952
3,2,2,1,4,33,1,1,13,7,1,39928,2426.6668,4100,1880,720,4506.6672,4032
3,3,2,1,1,42,2,1,13,9,1,74735,4626.6668,17345.3332,3932,3600,7349.3328,1480
3,3,2,1,1,45,1,1,12,9,1,87633,6933.3332,11134.6668,2776,4108,6400,2320
1,2,2,1,1,34,2,1,15,9,1,96039,2080,58004,1172,1600,6949.3328,596
4,3,2,1,1,47,1,1,16,9,1,157056,15612,15884,6272,1592,34432,3628
3,2,1,1,4,35,1,1,15,7,1,48926,2504,6760,1401.3332,700,832,356
3,3,1,1,2,38,1,1,14,8,1,59123,3530.6668,7401.3332,2400,2450.6668,512,1496
3,3,2,2,1,29,2,1,13,6,1,35339,1733.3332,3446.6668,384,1836,720,1720
2,3,2,1,1,59,1,1,13,9,1,79739,3813.3332,5632,1036,2432,8842.6672,4640
3,2,2,1,1,43,2,1,16,9,1,66244.6,11613.3332,17530.6668,2000,4172,6400,1480
3,3,2,1,4,28,2,1,12,7,1,44360,2773.3332,6613.3332,360,780,5760,600
3,3,2,1,1,44,1,1,11,8,1,63222,4626.6668,24480,1912,2428,62800,1008
4,2,1,1,1,43,1,1,14,9,1,91929.6,6933.3332,16849.3332,640,2400,5962.6672,1584
2,2,2,1,1,31,2,1,15,9,1,80269,2600,5470,800,1188,3040,396
4,2,2,1,1,30,1,1,14,9,1,117062,3900,17937.3332,4693.3332,1820,8666.6672,2484
3,2,2,1,1,30,2,1,15,8,1,56228,3120,7774.6668,2236,1640,5872,396
3,2,1,1,1,38,1,1,15,8,1,57538.8,3380,9297.3332,4612,1312,8320,456
4,2,2,1,4,43,2,1,15,9,1,65172,3813.3332,11660,6185.3332,2980,16965.3328,264
4,3,2,1,4,34,1,1,16,9,1,94381,1820,7292,4600,1208,2400,422.6668
1,3,2,1,1,41,1,1,15,9,1,121822.4,6466.6668,22233.3332,7013.3332,4080,9760,5556
2,3,1,2,2,48,1,1,10,8,1,53511.2,1213.3332,5916,440,2080,30320,900
3,2,2,1,1,29,2,1,14,8,1,58161,1473.3332,9543.3332,12269.3332,1144,9664,2176
2,2,2,1,1,37,1,1,13,9,1,96833,2946.6668,10105.3332,1084,1680,1909.3328,160
3,2,2,1,1,43,1,1,16,9,1,113829,2600,7024,400,1280,4800,1156
3,3,2,1,1,53,1,1,12,9,1,80133,3553.3332,12509.3332,756,2660,4880,312
3,2,2,1,1,30,1,1,13,8,1,64974,2314.6668,7485.3332,1476,1700,14373.3328,1140
3,3,2,1,1,43,1,1,16,9,1,146216,22034.6668,26950.6668,13002.6668,4632,67072,9520
1,3,2,1,1,39,2,1,15,9,1,83260,5346.6668,13337.3332,5990.6668,3980,2112,3084
3,2,2,1,1,32,1,1,16,9,1,101860,2253.3332,10582.6668,1400,1324,7680,692
2,2,2,1,1,38,1,1,16,9,1,133019.2,2426.6668,4916,2680,1164,11200,1792
3,3,2,2,4,37,1,1,12,9,1,75386,3553.3332,3960,1669.3332,1760,10592,520
1,2,2,1,1,38,2,1,15,9,1,121133,5452,18761.3332,2477.3332,1880,7413.3328,6756
2,3,2,1,1,37,1,1,12,8,1,57390,5893.3332,21386.6668,2920,4128,3466.6672,1704
2,3,2,1,1,49,1,1,15,9,1,123947.2,4333.3332,16941.6668,3648,2460,1920,436
1,7,1,1,4,41,2,5,14,9,1,88198.6,6933.3332,82189.3332,1237.3332,4664,1838.4,392
1,2,2,1,1,40,1,1,14,1,1,1783,6229.3332,21557.3332,61520,4112,16000,4712
4,3,2,1,4,28,1,1,13,7,1,46708,8973.3332,10244,610.6668,856,8736,1300
3,2,2,1,1,30,1,1,15,9,1,96462,6860,4050,1125.3332,1076,9333.3328,436
3,2,2,1,1,37,1,1,15,9,1,66528,3813.3332,11317.3332,800,2484,6080,2060
3,3,2,1,1,50,1,1,15,9,1,132931.2,6906.6668,8930.6668,15200,4180,17440,1624
2,3,2,1,1,36,1,1,14,9,1,93906,4160,10862.6668,640,4624,8800,1064
1,3,2,2,4,54,2,1,12,6,1,33748.6,3006.6668,4284,640,1792,2928,240
3,3,2,1,1,43,1,1,16,9,1,77768,2773.3332,9497.3332,2224,2392,2048,720
1,3,2,1,4,45,1,1,15,9,1,84756,3986.6668,13352,1420,3672,8581.3328,1816
3,3,2,1,1,43,1,1,15,9,1,92597.6,2253.3332,2884,88,960,4784,464
3,3,2,1,1,42,2,1,15,9,1,102582.4,19064,16264,10060,5608,5216,9380
1,2,2,1,1,33,1,1,16,9,1,126883.8,3280,7090.6668,8789.3332,1092,5760,3960
2,2,1,1,4,34,1,1,15,9,1,61875,2401.3332,5704,1320,680,9402.6672,1324
3,2,2,1,1,27,2,1,13,6,1,33073,2166.6668,3865.3332,600,1392,1152,540
1,2,2,1,4,28,2,1,14,9,1,71027,4213.3332,11840,4121.3332,1448,6656,856
2,2,2,1,1,27,1,1,12,9,1,80107,2144,10521.3332,976,2340,16496,444
4,2,2,1,1,35,2,1,16,9,1,104461.4,5546.6668,15657.3332,932,1760,6400,1040
3,3,2,1,1,39,2,1,14,9,1,66075,1910.6668,3936,1380,1468,3440,440
3,5,2,1,2,62,1,1,13,9,1,99497,8840,3270.6668,4780,2676,5909.3328,1016
3,2,2,1,1,30,2,1,14,9,1,88820,5026.6668,8700,5980,2896,12800,1680
4,2,2,2,1,37,1,1,15,9,1,93156,2426.6668,21192,90816,1532,10880,2584
3,2,2,1,2,31,1,1,14,8,1,54610.2,4333.3332,6248,2400,1980,13445.3328,2236
2,3,2,1,1,39,2,1,12,9,1,68937,2946.6668,7869.3332,3120,2108,8853.3328,432
3,2,2,1,4,31,2,1,15,9,1,93756,1906.6668,5544,1372,1992,9200,816
1,2,2,1,1,41,2,1,13,9,1,88741.4,1733.3332,8862.6668,600,1388,24266.6672,268
3,2,2,1,1,28,2,1,15,9,1,117769,10533.3332,42692,3673.3332,3920,6400,3020
3,2,2,1,1,34,2,1,16,9,1,103896.6,4073.3332,10516,1508,1448,3200,1408
1,3,2,1,1,58,1,1,15,9,1,150116,15520,34871.3332,9424,6588,67840,1360
1,2,2,1,1,40,2,1,12,8,1,53370,2080,6070.6668,2456,2104,3280,400
1,3,2,2,1,51,2,1,15,9,1,101137,6066.6668,11676,4488,4288,2154.6672,2836
3,7,1,1,4,39,2,3,15,8,1,47581,3120,15256,5996,4996,7701.3328,960
4,3,2,1,4,39,1,1,11,1,1,2354,1213.3332,2644,2725.3332,392,2992,240
1,3,2,1,1,53,1,1,16,9,1,123266.8,5893.3332,9838.6668,5357.3332,2280,3680,1592
4,2,2,1,1,31,2,1,13,9,1,109619.8,1733.3332,9997.3332,1612,1276,6400,880
2,3,2,1,1,54,1,1,15,9,1,100554.2,3293.3332,3721.3332,8040,1612,5200,296
1,3,2,1,1,45,2,1,16,9,1,68810,2173.3332,4724,2436,1856,16250.6672,2320
1,3,2,1,4,33,1,1,15,9,1,64309,2773.3332,23117.3332,12620,3308,1088,380
4,2,1,1,4,36,1,1,13,9,1,65501,17160,18302.6668,9552,2276,19168,224
4,3,2,1,4,43,1,1,13,9,1,94823,8173.3332,18028,3980,3080,23893.3328,832
4,3,2,1,1,50,2,1,14,9,1,76760,1733.3332,6718.6668,9720,2316,3466.6672,264
4,3,2,1,4,40,1,1,12,6,1,31615.4,872,15164,3402.6668,1064,8960,544
3,5,1,1,1,58,1,1,13,9,1,82341,2238.6668,4336,800,992,2094.4,480
3,9,1,1,4,34,1,5,12,6,1,34830,1040,3908,1360,1004,7626.6672,316
4,5,2,1,2,41,2,1,16,9,1,127601.4,7072,3073.3332,7664,1540,12110.4,2688
4,4,1,1,4,49,1,1,15,8,1,60991,7106.6668,16340,7836,5420,26048,960
4,5,2,1,1,40,1,1,14,9,1,121934,6066.6668,16360,18756,2112,8000,2520
3,7,1,1,2,50,2,3,15,9,1,68117,2800,2138.6668,464,1772,5468.8,1080
1,4,2,1,1,51,2,1,15,9,1,87504.8,2540,10237.3332,4536,1701.3332,13866.6672,440
3,3,2,1,1,45,2,1,15,9,1,86412.4,8653.3332,9602.6668,3388,3440,6720,3720
3,3,2,1,1,31,2,1,15,8,1,63942.4,2773.3332,3015.3332,800,1352,4544,360
1,3,2,1,1,34,1,1,11,9,1,108544.6,5026.6668,13860,1372,2680,4800,8360
1,2,2,1,1,38,1,1,16,9,1,212364.6,4680,19252,4260,2040,10853.3328,4844
3,3,2,1,1,41,1,1,15,9,1,96193.8,6986.6668,10528,3652,2428,9013.3328,9764
3,2,1,1,1,35,1,1,16,9,1,104931,5913.3332,13080,2216,1880,22400,1760
3,3,1,1,4,38,1,1,12,8,1,55450,3346.6668,6828,9969.3332,2256,5024,4780
3,3,2,1,1,44,1,1,15,9,1,83575,2080,3785.3332,292,1700,15600,800
1,3,2,1,4,34,2,1,12,9,1,66437,11786.6668,21304,9720,2384,20800,560
3,3,1,1,1,29,2,1,15,7,1,46026,10746.6668,5246.6668,1844,1384,2565.3328,36
3,3,2,1,1,45,1,1,15,9,1,117377,6426.6668,17308,3600,3928,15936,2272
3,3,2,1,2,35,1,1,15,9,1,87367.6,6634.6668,16889.3332,1720,1880,10400,496
2,3,2,1,1,34,1,1,12,9,1,104277,6933.3332,26837.3332,4020,3520,20373.3328,2400
3,2,2,1,1,34,1,1,16,9,1,106519.6,7696,39200,2520,3840,560,2232
3,2,2,1,1,32,1,1,16,9,1,101375.6,6586.6668,23121.3332,5804,3744,16640,2488
1,3,2,1,1,45,2,1,15,9,1,121472.2,8925.3332,13432.6668,7198.6668,2472,21157.3328,1364
1,2,1,1,1,31,1,1,15,9,1,86379.4,2940,4684,8337.3332,2680,7626.6672,692
3,2,2,1,1,33,2,1,15,9,1,101502,4226.6668,9953.3332,1498.6668,1500,7072,1484
4,2,2,1,1,27,1,1,13,9,1,91945,3466.6668,6177.3332,5356,1396,2368,2864
3,3,2,1,1,41,1,1,12,9,1,109161.6,5520,5220,1532,2120,12133.3328,424
4,3,2,1,1,46,2,1,16,9,1,113667,7193.3332,22752,5265.3332,1616,1360,4372
2,9,1,1,4,32,1,5,10,5,1,31924,2773.3332,4080,400,1348,1578.6672,660
3,3,2,1,1,40,2,1,15,9,1,126074.4,4073.3332,6698.6668,2640,2256,5962.6672,1920
3,3,2,1,1,43,2,1,15,9,1,80952,6066.6668,2006.6668,2392,1400,17333.3328,2940
2,3,2,1,1,38,2,1,15,9,1,139714,3860,14108,4640,1172,13445.3328,2180
2,3,2,1,1,43,2,1,14,9,1,143784.4,5113.3332,10133.3332,1012,1824,10421.3328,1612
3,3,1,1,2,36,2,1,13,6,1,37464,4288,3466.6668,3030.6668,1208,17920,1400
4,3,2,1,1,45,1,1,15,9,1,112594.4,4046.6668,13497.3332,644,2064,224,3976
1,3,2,2,1,39,1,1,15,8,1,58842.2,7490.6668,13562.6668,4941.3332,4120,3356.8,1036
1,3,2,1,1,38,2,1,14,9,1,69519,5373.3332,12552,2380,2840,2101.3328,820
3,3,2,1,1,44,1,1,15,9,1,137208,4333.3332,19320,2793.3332,448,5120,1376
2,3,2,1,2,31,1,1,15,9,1,78191,4160,8876,2921.3332,3608,8181.3328,1180
4,3,2,1,1,33,1,1,12,9,1,78972.8,7530.6668,10937.3332,3052,3680,13440,3216
3,2,1,1,1,35,1,1,16,9,1,118807,3380,9041.3332,2520,1044,2778.6672,3692
1,3,2,1,2,48,2,1,15,9,1,86886,5277.3332,21663.3332,10448,5656,11733.3328,2116
3,3,2,1,1,42,2,1,16,9,1,175368,6792,11593.3332,1908,2760,21845.3328,3220
3,3,2,1,1,56,1,1,15,9,1,100901,8440,23314.6668,6720,5200,41600,1184
2,3,2,1,1,49,2,1,15,9,1,88431.8,3813.3332,12525.3332,2933.3332,4460,4800,800
3,2,2,1,1,38,1,1,13,9,1,63781.4,6240,8564,3444,3120,20960,5800
4,2,1,1,1,40,1,1,15,8,1,56997,6413.3332,13480,1920,2848,50282.6672,8244
3,3,2,1,1,37,2,1,13,8,1,52792.8,7493.3332,18706.6668,53280,4740,14880,1024
4,3,2,1,1,38,1,1,13,8,1,60659,950.6668,3986.6668,720,1144,4090.6672,180
3,9,1,1,2,56,1,3,14,9,1,69287.8,3644,2049.3332,1600,1216,3171.7328,400
3,3,2,1,1,39,2,1,16,9,1,108029,5821.3332,10956,2416,2220,8032,3052
1,2,2,1,1,45,1,1,13,9,1,133164.8,6066.6668,21106.6668,2272,5496,5120,2096
1,3,2,1,1,53,2,1,16,9,1,96236.4,9146.6668,26028,3453.3332,4500,36320,7352
4,3,2,1,1,45,1,1,13,9,1,90981,4493.3332,35181.3332,1040,3024,9706.6672,2624
2,3,2,1,1,44,1,1,15,8,1,60318.2,3293.3332,5309.3332,606.6668,1360,8149.3328,320
4,3,2,1,1,52,2,1,15,9,1,179050.4,7306.6668,30785.3332,2800,5764,16000,1440
1,3,2,1,1,38,2,1,13,8,1,57965,3994.6668,42206.6668,8173.3332,6760,20160,1960
3,3,2,1,4,45,1,1,12,8,1,62175,2080,11320,4300,1660,1600,880
3,3,2,1,1,31,1,1,15,9,1,86269.6,3054.6668,5688,2300,2360,3930.6672,620
4,3,1,1,4,35,1,1,10,6,1,36649,4880,7840,1280,640,8042.6672,12
2,3,2,1,1,45,2,1,16,9,1,113245,10666.6668,10161.3332,4300,3500,10986.6672,1464
4,7,1,1,2,33,2,5,12,2,1,13106.4,3466.6668,5813.3332,1604,2720,28604.8,1400
2,3,1,1,1,53,1,1,16,9,1,125300,6980,12760,816,1828,37984,1428
2,3,2,1,1,38,2,1,15,9,1,91723,5581.3332,12302.6668,4173.3332,4768,7797.3328,3536
4,3,2,1,1,49,1,1,13,8,1,57332,8320,11796,1572,3256,20064,1512
3,3,2,1,1,29,2,1,13,8,1,60736.2,3120,9313.3332,4692,3100,9728,1528
4,3,2,1,2,43,1,1,15,9,1,182733,6066.6668,6116,2132,1588,17440,10249.3332
4,3,2,1,4,32,2,1,11,8,1,54669,11200,9592,12840,1800,3648,776
4,2,2,1,1,27,1,1,13,6,1,37463,6101.3332,14556,5052,2680,33008,1796
4,2,2,1,4,33,2,1,15,9,1,125601,3553.3332,9480,826.6668,700,24864,400
1,2,2,1,4,36,2,1,15,9,1,89669.2,5506.6668,39428,2340,4368,29440,2400
1,3,2,1,1,40,2,1,15,9,1,88120.6,2333.3332,11369.3332,96529.3332,4040,256,4180
1,3,2,1,1,50,1,1,12,9,1,103016.8,2773.3332,20262.6668,4466.6668,4480,19200,600
2,7,1,1,1,38,2,4,12,8,1,50720.6,4506.6668,10294.6668,1500,2088,3744,100
3,3,2,1,1,32,1,1,16,9,1,80964,3986.6668,4972,5473.3332,1956,560,92
3,3,2,1,1,42,1,1,12,8,1,55006,9760,15426.6668,3200,3932,19200,2448
4,2,2,1,1,32,2,1,15,9,1,107817.6,7800,20749.3332,10708,3668,3744,3812
3,3,2,1,1,47,1,1,15,9,1,139314,10640,21349.3332,10205.3332,4824,26304,10256
3,3,2,1,1,43,1,1,14,9,1,92405.4,4214.6668,7633.3332,5580,1680,2560,1412
3,2,2,1,4,27,1,1,14,8,1,63101,4240,15500,2585.3332,2660,3840,2104
1,3,2,1,1,52,2,1,15,9,1,125902,12133.3332,13486.6668,8950.6668,5704,13632,7092
4,2,2,1,1,35,1,1,15,9,1,90066.2,5538.6668,9268,3773.3332,2232,14250.6672,1204
2,3,2,1,1,38,2,1,16,9,1,151964.6,6586.6668,20714.6668,4288,4256,16960,680
3,3,2,1,1,40,2,1,14,9,1,67800,1906.6668,6965.3332,1312,1780,12133.3328,484
2,3,2,1,1,42,1,1,16,9,1,154411.6,5434.6668,29496,1400,2984,22186.6672,2632
2,3,1,1,1,33,1,1,15,9,1,88498,3506.6668,6621.3332,2520,1720,3882.6672,2048
1,3,2,1,4,41,2,1,12,8,1,56371.2,3440,15626.6668,4510.6668,976,3356.8,480
2,3,1,1,4,45,1,1,11,7,1,40645.4,2686.6668,3740,3400,688,96,788
1,2,2,1,1,36,2,1,12,9,1,143866,4266.6668,25043.3332,3000,4768,29648,784
4,3,2,1,1,41,2,1,15,9,1,125114,5026.6668,33761.3332,5541.3332,3340,3424,1816
2,3,2,1,1,42,1,1,14,9,1,73758.8,8389.3332,10849.3332,2753.3332,1840,26885.3328,3604
4,2,2,1,1,35,2,1,13,8,1,55010.2,3293.3332,14698.6668,1852,3036,9200,2452
2,2,2,1,1,35,1,1,15,9,1,74946.4,2253.3332,9230.6668,1748,1532,22106.6672,1880
3,3,2,1,2,40,1,1,15,9,1,100033.6,13758.6668,28353.3332,7904,7320,33120,9520
1,3,2,1,1,46,1,1,15,9,1,228339,5546.6668,33592,2164,3276,11200,2656
3,3,2,1,1,49,2,1,15,9,1,131300,5766.6668,31009.3332,1566.6668,2069.3332,7744,2608
4,3,2,1,2,36,2,1,15,5,1,30204.2,2660,2869.3332,32486.6668,1196,6517.3328,9588
1,3,2,1,4,46,1,1,12,9,1,79081,8600,14880,2304,4828,18890.6672,1004
3,3,2,1,1,49,1,1,16,9,1,98213.4,3408,7256,652,2224,15200,332
4,3,2,1,2,39,2,1,14,9,1,70836.4,3153.3332,4166.6668,1600,2860,16960,800
3,2,2,1,1,32,1,1,14,9,1,104557,2080,10124.6668,1128,2024,4160,300
1,3,2,1,1,33,1,1,16,9,1,112555.6,4073.3332,16813.6668,2400,1640,16000,320
3,2,1,1,4,31,2,1,15,8,1,63557.6,3120,10388,1624,1784,1664,584
3,3,2,1,1,35,2,1,11,8,1,59769,4333.3332,10256,1132,1864,12832,1320
3,2,2,1,1,33,1,1,13,9,1,115362.4,3873.3332,14649.3332,3128,1900,143600,5684
3,5,2,1,4,35,2,1,13,9,1,79369,5866.6668,18084,4064,6072,9920,1528
1,3,2,1,1,33,2,1,12,8,1,61034.2,5114.6668,9986.6668,3824,1476,64,748
4,3,2,1,1,44,1,1,14,9,1,139935.4,6586.6668,30824,7418.6668,2804,15200,2064
3,3,2,1,1,44,2,1,13,9,1,99607.2,3466.6668,4612,640,1948,3680,460
2,3,2,1,1,36,1,1,13,9,1,90936.8,6200,7097.3332,2520,1608,10416,1732
4,3,2,1,4,44,2,1,12,9,1,68905,2340,6688,1850.6668,1724,7360,296
3,3,2,1,4,47,1,1,11,9,1,85016,4106.6668,13700,4050.6668,2640,12565.3328,3780
4,3,2,1,4,40,2,1,16,9,1,174181,12860,43236,9876,7704,192112,984
3,3,2,2,1,39,1,1,16,9,1,85556,3120,7222.6668,3644,1784,5664,348
3,2,2,1,1,34,1,1,15,9,1,72002,3020,7334.6668,800,1160,960,1440
3,3,2,1,1,34,1,1,15,9,1,165362,5418.6668,15400,5696,2112,8069.3328,2664
3,3,2,1,1,43,2,1,15,9,1,79083.4,3900,3002.6668,796,1020,3840,1456
2,3,2,1,1,38,2,1,16,9,1,111417,5200,7633.3332,869.3332,1420,25760,240
3,3,2,1,1,44,1,1,12,9,1,86467.4,2946.6668,6153.3332,400,840,5600,320
3,3,2,1,1,31,1,1,16,9,1,125349,7973.3332,17601.3332,9840,2820,11520,2392
2,3,2,1,4,34,1,1,12,9,1,94167,4546.6668,17544,1092,6464,26688,1752
1,3,2,1,4,39,1,1,10,7,1,42977.6,3206.6668,6513.3332,980,1541.3332,7278.4,320
4,3,2,1,4,48,1,1,13,9,1,87623,2669.3332,2760,2826.6668,640,8896,2080
4,3,2,1,1,36,2,1,12,9,1,68789.8,3466.6668,6041.3332,300,2100,160,536
4,3,2,1,4,44,2,1,13,9,1,88160.4,5113.3332,8084,2680,2176,12240,1496
3,3,2,1,1,43,2,1,12,7,1,45025,4146.6668,11070.6668,1600,4160,8672,1204
3,3,2,1,1,38,1,1,16,9,1,78810,12106.6668,8598.6668,5130.6668,2656,11200,1600
1,2,2,1,1,33,2,1,14,9,1,122956,4460,12318.6668,1028,3040,14074.6672,3012
4,3,1,1,1,33,1,1,16,9,1,117665,5200,16718.6668,816,1492,960,2008
2,2,2,1,1,36,2,1,16,9,1,116485,3813.3332,28660,1776,3168,18400,916
4,5,2,1,1,47,1,1,15,9,1,194655.2,11429.3332,14081.3332,21680,1756,16844.8,7620
3,5,2,1,1,35,1,1,11,9,1,82275.8,9133.3332,15484,3040,3824,3356.8,1064
1,7,1,1,4,38,2,5,12,8,1,59082,866.6668,6560,380,1120,3680,280
2,6,1,1,1,35,1,3,15,9,1,71171.6,4593.3332,7550.6668,696,620,1632,1712
3,7,1,1,1,42,2,3,12,9,1,80466,5760,5746.6668,4212,3272,12464,3244
2,7,1,1,1,32,2,4,16,6,1,40687,2773.3332,10824,3012,1752,4890.6672,1340
3,7,1,1,1,33,2,4,13,4,1,22903,2600,8373.3332,2216,1896,6592,816
3,9,1,1,4,52,2,3,16,8,1,55849.2,3120,4000,956,1400,11200,400
4,7,1,2,1,27,2,3,14,6,1,38338,1941.3332,4948,980,920,10826.6672,1336
2,9,1,1,1,44,1,5,13,9,1,73442,7973.3332,11456,2960,3324,8672,5236
2,7,1,1,1,41,2,3,14,8,1,49513,6477.3332,13330.6668,4008,2464,13952,3936
1,7,1,1,1,35,2,3,13,8,1,47023,2486.6668,4257.3332,5008,1460,4800,512
2,6,1,1,4,30,1,5,12,6,1,33158,2340,8632,353.3332,1120,160,4000
2,7,1,1,1,42,2,3,15,9,1,78884,3120,8186.6668,526.6668,1536,2538.6672,2680
4,7,1,1,4,54,2,3,12,6,1,32373,3033.3332,6296,360,1260,2149.3328,2204
4,9,1,1,4,59,2,4,13,8,1,52547,3466.6668,12000,640,1428,1760,3144
3,7,1,1,4,27,2,4,13,4,1,16244,6533.3332,8266.6668,1969.3332,1280,896,1048
1,7,1,1,4,35,2,3,12,4,1,27535,1820,3024,866.6668,156,16,1240
1,7,1,1,1,43,2,3,16,8,1,67213,10546.6668,26918,2800,4040,23280,744
2,7,1,1,1,41,2,3,13,3,1,16679,520,3282.6668,504,1836,912,1224
4,7,1,1,4,28,2,5,13,6,1,34874,3466.6668,12688,2984,1520,277.3328,64
2,7,1,1,4,31,2,1,13,4,1,25384.8,5408,10724,640,2408,2304,2624
1,7,1,1,1,44,2,3,14,7,1,39676.8,6373.3332,9725.3332,2160,3608,2837.3328,596
4,7,1,1,4,33,2,5,16,8,1,52536,7973.3332,13952,4520,2680,4640,5340
1,7,1,2,4,32,2,5,12,5,1,28326,1412,2896,1406.6668,640,2256,352
3,6,1,1,1,44,1,3,12,8,1,58360,5880,11880,3040,1872,67200,5332
4,6,1,1,1,47,1,4,16,9,1,167945,5113.3332,8178.6668,1829.3332,1012,1216,3684
4,3,2,1,1,35,1,1,13,9,1,66250.6,4680,11600,3124,2680,13120,200
3,3,2,1,1,45,1,1,16,9,1,176028,9133.3332,36470.6668,4514.6668,3524,21920,10668
3,3,2,1,1,46,1,1,13,9,1,87922,4853.3332,9773.3332,1600,3080,12480,1080
2,3,2,1,1,44,1,1,14,9,1,75291.4,8890.6668,12105.3332,8116,3384,12928,5844
3,3,2,1,1,43,2,1,13,9,1,86177,3093.3332,5060,6444,1416,16496,1576
2,3,2,1,1,51,1,1,15,9,1,144447.2,4092,13504,5042.6668,2936,8928,3368
3,2,1,1,1,40,1,1,15,9,1,102475,3553.3332,5402.6668,1160,2660,8400,308
1,3,2,1,1,37,1,1,13,9,1,68049,10280,13714.6668,2864,6060,25653.3328,3272
1,3,2,1,4,39,2,1,16,9,1,94908,8160,11224,9674.6668,1192,21120,1072
4,3,2,1,1,38,2,1,14,8,1,55035.4,1818.6668,11952,4364,3624,12800,5952
4,3,2,1,1,46,1,1,15,9,1,132042,5546.6668,37725.3332,3032,4904,79333.3328,1332
3,3,2,1,1,34,1,1,13,9,1,68827,1785.3332,6014.6668,928,2320,11680,2508
4,3,2,1,1,38,2,1,14,9,1,138020.4,2573.3332,7706.6668,885.3332,1540,11520,1248
3,3,2,1,2,44,2,1,11,8,1,63904,6760,4393.3332,2420,3400,5440,960
4,3,1,1,1,34,1,1,15,6,1,41417,4506.6668,15277.3332,8600,4160,12138.6672,720
2,3,2,1,1,36,1,1,15,9,1,85905,2773.3332,9276,912,1324,11600,160
3,3,1,1,1,45,1,1,13,9,1,50887,8397.3332,12222.6668,4920,5000,3488,6100
1,3,2,1,1,37,1,1,13,9,1,170201,11360,21478.6668,10662.6668,6336,9706.6672,1944
1,3,2,1,1,31,2,1,13,9,1,113084,4840,8397.3332,2140,1440,720,1140
2,2,2,2,2,43,1,1,14,9,1,71481.6,4730.6668,8520,1256,1424,5120,2960
4,3,2,1,2,49,1,1,15,9,1,156493.4,6240,27115.3332,3264,4960,22400,5400
3,7,1,1,2,42,2,5,12,5,1,33362.2,2080,2086.6668,708,1680,896,260
2,2,1,1,1,36,1,1,16,9,1,115776,8146.6668,16664,2692,4032,9536,1148
3,3,2,1,1,37,2,1,16,9,1,182861.8,6893.3332,32572,3168,4856,608,5828
1,3,1,1,1,46,1,1,16,9,1,95664.6,5026.6668,14903.3332,2133.3332,2016,14400,340
3,3,2,2,1,38,1,1,15,9,1,74982,3294.6668,6683.3332,2240,2580,3269.3328,2096
1,3,2,1,1,42,2,1,15,9,1,108804,4004,7802.6668,528,2776,11130.6672,2316
3,3,1,1,2,37,1,1,11,7,1,47914,5240,3893.3332,4164,2280,11200,308
2,3,2,1,1,34,1,1,16,8,1,53176,5442.6668,9912,4672,1940,14400,1652
4,2,2,1,4,29,2,1,15,9,1,86220,4861.3332,23572,5833.3332,1920,19360,2500
4,3,2,1,1,40,2,1,15,8,1,64740.2,3406.6668,9800,1796,1624,13760,344
1,3,2,1,1,44,2,1,12,8,1,61904,9013.3332,21318.6668,1770.6668,7464,37525.3328,1920
3,3,2,1,1,43,2,1,12,9,1,73150,4420,5188,494.6668,1780,13648,1249.3332
3,3,2,1,1,43,1,1,12,9,1,106903,8416,17009.3332,4226.6668,4224,46048,4628
1,3,2,1,1,47,2,1,12,9,1,101092,5546.6668,22842.6668,56344,5672,40613.3328,5664
2,3,2,1,1,40,2,1,15,9,1,129201.4,5026.6668,12384,1400,1668,7936,1360
2,3,2,1,1,36,2,1,16,9,1,133453.2,7853.3332,14264,1762.6668,2084,16320,740
3,3,1,1,2,28,1,1,11,5,1,30911,2513.3332,2474.6668,800,1276,1733.3328,400
4,2,2,1,1,41,1,1,12,9,1,92249,3380,6205.3332,1368,2184,23056,216
2,3,2,1,1,41,1,1,13,8,1,62841,5642.6668,14308,4584,4192,53333.3328,668
2,3,2,1,1,47,1,1,15,9,1,111802,13493.3332,19029.3332,2980,3184,14096,4400
3,3,2,1,1,37,1,1,12,8,1,61616.8,3900,3476,2640,1480,1248,1792
3,3,2,1,4,38,2,1,15,9,1,105089,15689.3332,18200,6056,3448,28480,1872
3,7,1,1,4,28,2,5,11,3,1,17754,2773.3332,2720,3026.6668,1896,4320,3328
3,7,1,1,4,47,2,3,14,7,1,44935,16466.6668,23892,1760,3012,12064,1360
3,7,1,1,4,29,2,3,13,5,1,26926.4,5866.6668,15624,1200,2576,8800,3000
4,7,1,1,4,42,2,4,12,6,1,39257.8,5346.6668,2200,800,800,8000,9280
1,7,1,1,1,29,2,5,13,5,1,31200,13178.6668,26217.3332,23600,3468,2773.3328,9908
2,6,1,1,1,34,1,3,14,6,1,37293.8,1993.3332,3309.3332,1116,1120,2160,760
3,7,1,1,4,35,2,5,11,5,1,29980,3120,7340,1204,2100,2880,800
3,4,1,1,1,51,1,1,15,9,1,134903,14282.6668,37276,2020,4560,16800,1512
4,9,1,1,1,55,1,3,12,9,1,74139,5720,8456,1280,2600,4718.4,2272
3,9,1,1,4,46,1,5,13,6,1,41105,5893.3332,14593.3332,3788,4920,10070.4,3220
3,4,2,1,1,40,2,1,11,5,1,35650.8,2537.3332,6458.6668,2944,2280,2880,520
2,7,1,1,4,48,2,3,16,8,1,63434,6346.6668,11810.6668,7977.3332,3280,6208,4552
3,7,1,1,1,38,2,5,14,5,1,31528.8,5720,13785.3332,2672,3800,3466.6672,512
2,7,1,1,4,33,2,5,13,8,1,53047.2,6509.3332,6980,1893.3332,1320,3356.8,2036
3,7,1,1,4,30,2,5,13,1,1,4503,6933.3332,11932,640,3132,2688,144
3,9,1,1,1,55,2,3,12,3,1,18857,866.6668,3702.6668,280,1080,3913.0672,1260
4,5,2,1,1,63,2,1,15,9,1,82650.6,1648,6876,3980,2008,8133.3328,428
2,3,1,1,4,31,1,1,10,8,1,65470,1126.6668,5160,1320,560,1280,44
1,3,2,1,1,31,1,1,15,9,1,104010,3640,11940,2126.6668,2720,2560,3348
3,3,2,1,1,43,1,1,15,9,1,147135,4853.3332,10157.3332,676,1436,5888,2856
4,3,2,1,4,31,2,1,13,6,1,42377.8,5200,12620,5300,2628,30134.4,1160
3,3,1,1,1,38,1,1,15,8,1,63959,4870.6668,3344,260,1496,3674.6672,36
4,3,2,1,4,42,2,1,12,7,1,50172.8,1854.6668,4280,2946.6668,1032,560,1068
3,3,2,1,1,36,1,1,16,9,1,145440,6133.3332,8496,1768,792,16768,908
3,3,2,1,1,38,2,1,15,9,1,79602,11053.3332,12469.3332,2080,2316,9472,4532
4,3,2,1,1,40,2,1,12,9,1,84554.4,3533.3332,13074.6668,3860,2836,22458.6672,264
2,9,1,1,1,48,2,5,12,7,1,46781,5026.6668,9752,3998.6668,5400,6880,700
4,3,2,2,4,36,2,1,12,9,1,78100.2,4853.3332,10632,8186.6668,3360,7680,1472
4,3,1,1,1,41,1,1,14,8,1,58281,5824,9852,1914.6668,3040,23466.6672,1928
4,3,2,1,1,40,1,1,14,9,1,101151.8,3146.6668,6548,1328,2800,7749.3328,240
2,3,2,1,1,53,2,1,15,9,1,76472.4,5600,14202.6668,2000,2016,5600,1120
2,3,1,1,1,41,1,1,12,9,1,86805,4706.6668,7338.6668,1000,1940,2160,12652
3,5,2,1,1,58,2,1,12,9,1,70005,10746.6668,13148,7020,2300,3232,1028
2,3,1,1,1,45,1,1,11,8,1,55070,4680,4522.6668,2694.6668,1660,4480,3896
4,3,2,1,1,42,1,1,14,9,1,136544,14608,19376,5812,4432,75146.6672,8400
2,3,1,1,1,45,1,1,16,9,1,106756.4,3466.6668,11185.6668,1520,1640,5376,2764
3,3,2,1,4,40,1,1,15,9,1,78665.8,11093.3332,18520,6160,5360,27872,2712
3,5,1,1,2,62,2,1,12,8,0,69308.2,4680,3933.3332,3816,2632,11094.4,672
1,4,2,1,2,51,2,1,16,9,0,159150,4940,8828,4434.6668,5328,4000,666.6668
2,9,1,1,1,55,2,3,13,8,0,65663,4957.3332,6100,4024,3492,10780.8,1760
3,4,2,1,1,57,2,1,12,8,0,60479,6500,26928,1728,6860,31680,780
3,4,2,1,1,50,2,1,14,9,0,100905.2,2600,35224,8196,7764,60384,2904
3,1,1,1,1,55,2,1,16,9,0,194477.8,3120,12844,3709.3332,4136,12880,1680
2,1,1,1,2,64,2,1,16,8,0,55717,9360,15560,7168,3648,34843.2,3596
2,1,1,1,1,53,2,1,12,6,0,32113,3900,7912,3624,2820,16720,2412
1,1,2,1,1,58,1,1,12,8,0,55031,5128,8782,5344,6668,5360,4028
3,1,2,1,4,33,1,1,16,8,0,62254.4,6940,19480,9624,3480,5120,5480
2,1,1,2,2,63,2,1,15,7,0,47641.6,6205.3332,7284,5136,1460,21056,1184
2,1,2,1,1,29,1,1,15,9,0,182065,10400,51128,5416,7968,5376,1316
1,1,2,1,1,51,2,1,15,9,0,66461.6,7108,22520,2888,3272,13664,432
4,1,2,1,2,62,2,1,13,8,0,46469,3120,6568,524,4376,4320,4408
4,1,1,1,2,60,2,1,15,8,0,55528,2253.3332,2000,864,988,13806.4,268
4,9,1,1,1,60,1,5,16,6,0,34005,1213.3332,3425.3332,333.3332,1784,19996.8,120
4,1,2,1,1,40,2,1,14,9,0,88364,4570.6668,11372,28440,2960,13920,5784
4,1,2,1,1,60,1,1,13,8,0,46454,7280,12140,4648,5832,20960,1008
4,1,2,1,1,43,1,1,15,9,0,125306.2,3206.6668,3658.6668,906.6668,1084,6720,232
3,1,2,1,2,44,1,1,12,8,0,48424,3813.3332,3524,1450.6668,2712,1856,1064
3,1,1,1,1,60,1,1,15,9,0,79663.6,5980,11632,6860,3900,29248,3212
1,9,1,1,4,55,2,5,13,2,0,9743,7280,18416,1920,4588,26891.2,1056
3,1,2,1,2,60,1,1,10,6,0,35307,3120,6330,6568,1716,4704,540
3,1,2,1,1,60,1,1,15,9,0,74923,6240,9618.6668,1372,4912,17141.3328,3476
4,1,1,1,2,64,1,1,16,9,0,89573,10244,56708,22740,3096,44155.2,3340
2,1,2,1,2,53,1,1,13,9,0,75926,6780,6560,8904,1860,15808,1688
3,1,1,1,2,54,2,1,16,9,0,120319,8060,18832,6208,7812,25920,3616
3,1,2,1,1,39,2,1,15,9,0,89316.2,7316,16892,6028,5136,14560,120
1,1,1,1,1,61,1,1,15,8,0,61504,1093.3332,6412,3844,316,24768,488
1,1,2,1,1,55,1,1,16,8,0,49787.4,3466.6668,18569.3332,4668,3572,5664,896
4,1,1,2,1,62,1,1,12,7,0,40897,1248,4084,1600,400,2912,680
3,1,2,1,1,49,1,1,13,9,0,101668,3120,13808,2812,3224,6240,704
4,1,2,1,1,63,1,1,14,9,0,75746,6186.6668,11737.3332,2381.3332,2700,27877.3328,904
3,1,2,1,1,45,1,1,12,9,0,100845.2,7800,31088,7752,5448,24128,2244
3,9,1,1,1,40,2,3,12,7,0,41107,6760,12540,1632,3800,7280,300
3,9,1,1,2,57,2,3,15,6,0,36457,5836,11404,3248,5624,12000,828
2,1,2,1,2,59,2,1,15,9,0,104779,7880,14056,9544,6496,47632,2308
2,1,2,1,1,42,2,1,13,9,0,141814,6173.3332,10532,13360,2796,38464,4884
3,1,2,1,1,27,1,1,13,7,0,41375,3966.6668,14766.6668,1492,1940,19306.6672,2088
4,1,2,1,4,57,2,1,16,8,0,58308,12164,26640,5016,3180,38560,332
2,1,2,2,1,60,1,1,13,8,0,54050,7800,18620,2816,7404,68422.4,540
1,1,1,2,1,57,1,1,13,9,0,65028,3380,9908,4852,2380,7984,1772
3,1,2,1,2,62,2,1,13,9,0,82266,9441.3332,10308,5629.3332,3044,7456,1556
1,1,2,1,4,31,2,1,13,9,0,67567.2,3466.6668,19516,5092,2648,12800,544
2,1,2,1,1,35,2,1,13,1,0,4024.8,6472,10432,2160,2488,1200,1612
4,1,2,1,4,36,2,1,11,9,0,121592,6266.6668,15528,5965.3332,2188,13866.6672,1800
1,1,2,1,4,32,1,1,16,9,0,80643.2,4680,19176,102804,2380,17392,1376
2,1,1,1,1,61,2,1,15,9,0,105857,5980,21356,10384,5300,14080,1284
3,1,2,1,2,60,1,1,13,9,0,144571,10226.6668,7125.3332,4180,3112,33280,6200
2,1,1,2,2,55,1,1,12,6,0,35837.2,6933.3332,8181.3332,6640,3280,30400,4880
3,1,2,1,4,27,2,1,16,8,0,57695,3086.6668,3648,2550.6668,680,1920,2032
3,1,2,1,2,56,2,1,13,9,0,67127.6,4333.3332,15957.3332,2445.3332,2544,20064,180
4,1,2,1,2,49,1,1,16,9,0,62183,3746.6668,5229.3332,188,665.3332,7280,776
4,1,2,1,1,30,1,1,15,9,0,68633,2912,16282.6668,1704,1968,480,2316
4,1,2,1,1,63,2,1,11,9,0,83786.6,9100,17900,4060,3736,42475.2,1708
3,1,2,1,1,45,2,1,12,8,0,55127,2340,4251.3332,3885.3332,2380,2704,520
3,1,1,1,1,33,1,1,14,9,0,65107,12508,27992,10828,2580,23520,2376
4,1,2,1,1,54,2,1,14,9,0,105500,6986.6668,9364,3306.6668,1192,15120,1680
3,1,2,1,2,58,1,1,12,8,0,53238,1733.3332,2416,1401.3332,1752,11408,1344
2,1,2,1,1,52,1,1,11,9,0,77200,1820,4021.3332,893.3332,1384,4554.6672,380
3,1,1,1,1,57,2,1,12,6,0,33552.6,2600,8276,5060,5512,19083.2,1232
4,1,2,1,4,29,2,1,13,9,0,68364,2253.3332,19560,1484,1844,1200,624
4,9,1,1,4,52,1,3,16,8,0,52971,4786.6668,7824,2212,616,2176,700
4,1,2,1,2,58,1,1,12,8,0,52825.4,3466.6668,4960,2262.6668,2000,2378.6672,488
3,9,1,1,1,55,2,3,15,8,0,54166,9186.6668,10626.6668,5508,3476,5120,520
4,1,1,1,2,63,1,1,12,6,0,30043.8,5200,10360,3384,3760,5035.2,3520
3,1,2,1,1,31,1,1,13,9,0,83078,2104,20254.6668,3008,2616,800,1532
2,1,2,1,1,32,2,1,15,9,0,111359.4,8060,14676,2944,4440,10400,1152
3,1,2,1,1,29,2,1,14,8,0,49036,5720,7898.6668,2920,3336,4992,1480
3,1,2,1,4,27,2,1,15,9,0,75200,5546.6668,16164,7129.3332,1868,7168,2164
1,1,2,1,2,62,2,1,11,9,0,81866,5026.6668,6520,640,2040,10023.4672,2448
1,1,2,1,1,62,2,1,16,9,0,170451.8,11476,39268,3816,6220,22624,2308
4,9,1,1,1,60,1,5,16,8,0,47549,2900,7550.6668,4672,3356,6144,32
4,1,2,1,1,56,1,1,13,9,0,110650,10400,19821.3332,2320,2384,3466.6672,2064
3,1,2,1,1,59,1,1,15,9,0,99387.8,10920,18540,5600,7632,16016,5284
3,1,1,2,1,56,1,1,13,9,0,69774,2080,7590.6668,3240,3948,34720,384
1,9,1,1,1,49,1,5,15,8,0,44219,7366.6668,10324,692,2208,2602.6672,540
1,1,2,1,4,33,1,1,15,9,0,149196,7800,43608,3720,4680,9840,620
1,1,1,1,2,63,1,1,15,9,0,86738.4,14112,19052,15436,7228,16592,3808
4,1,2,1,4,60,1,1,12,8,0,62880.2,2426.6668,6312,8636,844,19578.6672,688
4,1,2,1,2,39,2,1,12,7,0,43210,5373.3332,6132,320,400,4160,680
4,1,1,1,2,62,1,1,12,7,0,41689,3900,7924,2452,4196,14976,240
3,1,1,1,1,51,1,1,15,8,0,49785,11156,22652,9820,5784,11696,8036
3,1,2,1,1,28,2,1,13,8,0,47631,1958.6668,3849.3332,700,540,1600,296
4,1,2,1,1,31,1,1,16,9,0,78950,8357.3332,20280,3080,3688,43360,912
4,1,2,1,2,39,2,1,16,9,0,110483.4,11960,11188,1760,3540,3328,3588
3,1,2,1,1,27,1,1,15,9,0,76656,4940,4992,1320,1972,4400,740
1,1,1,1,2,63,1,1,12,9,0,63298,9100,20240,5236,4476,480,4092
3,1,2,1,1,52,1,1,11,9,0,65588,7020,18612,9936,3992,38000,960
1,1,1,1,1,62,1,1,15,9,0,116411.6,20360,37699.3332,9192,12444,25280,27548
3,1,2,1,1,54,1,1,12,7,0,43495.8,5797.3332,4576,2160,2940,10336,240
3,1,2,1,1,56,2,1,15,9,0,162056,10400,39252,5600,5068,13584,708
3,1,2,1,1,53,2,1,13,8,0,56410,3640,6946.6668,3840,2232,17600,876
4,1,2,1,4,47,1,1,13,5,0,26757,7800,21496,9256,6384,41552,1008
1,1,2,1,4,30,1,1,13,7,0,37637,11960,11980,1960,588,1536,120
3,1,2,1,1,63,2,1,13,9,0,131937,9005.3332,31216,3600,5104,2570.6672,2448
3,1,1,1,2,64,1,1,15,9,0,88939,3706.6668,3290.6668,1200,1324,5520,1992
2,1,2,1,4,54,2,1,12,8,0,54339,2253.3332,5596,908,1316,10133.3328,604
3,1,2,1,2,62,2,1,13,9,0,71347,3813.3332,2877.3332,3672,2552,24480,7516
3,1,1,1,1,58,2,1,13,8,0,54767,21680,19816,32968,5000,19467.2,4784
3,1,2,1,1,43,1,1,16,9,0,107114,5789.3332,7850.6668,10864,1280,5296,2440
3,1,2,1,4,54,2,1,13,6,0,31482,5200,6500,4404,1520,30992,1964
3,1,2,1,2,64,1,1,12,5,0,23267.8,8493.3332,5794.6668,3160,3285.3332,16544,2352
3,1,2,1,1,57,2,1,15,8,0,47780.8,6500,16508,3644,3104,16736,2020
3,1,2,1,4,27,1,1,16,9,0,88815,9780,35500,5812,4476,19056,5648
3,1,2,1,4,29,2,1,14,9,0,90350,4240,29128,3884,3296,10800,7440
1,1,1,1,2,59,2,1,15,9,0,145305.6,7280,10146.6668,4160,5272,43804.8,3244
3,1,2,1,2,52,1,1,14,9,0,98515,780,1064.6668,3014.6668,460,5024,80
4,1,2,1,1,57,1,1,12,9,0,105569,6708,18608,2596,3344,2880,2844
3,1,1,1,1,36,1,1,12,8,0,56076.2,3553.3332,10464,854.6668,1760,5760,424
3,1,2,1,4,27,1,1,15,6,0,32029,4680,6860,1820,1320,15392,796
3,1,2,1,2,56,2,1,14,9,0,127932,2426.6668,8541.3332,1200,2612,33957.3328,1692
4,1,2,1,1,44,1,1,14,9,0,122963,6066.6668,23858.6668,5328,2020,10261.3328,3796
4,1,2,1,2,59,1,1,15,6,0,31727.2,480,18476,2704,1488,528,2368
1,1,2,1,4,36,2,1,15,9,0,109360.2,1040,4408,824,596,54848,428
1,9,1,2,1,48,1,3,11,7,0,44181,1126.6668,2900,800,1800,3050.6672,420
3,1,2,1,4,54,1,1,15,5,0,21833,3293.3332,7240,7672,2040,14133.3328,728
3,1,2,1,1,54,2,1,13,9,0,91764,14820,22840,7692,6948,11648,1668
3,1,2,1,1,54,2,1,13,9,0,104469,7680,9236,10252,3600,16160,3640
1,1,2,1,2,37,2,1,13,9,0,113799.6,10400,20484,166492,8112,26880,1092
3,1,2,1,1,59,1,1,16,9,0,116999,4420,10298.6668,1100,2580,3728,720
1,1,2,1,2,58,1,1,12,9,0,144598.2,9360,12314.6668,117453.3332,4684,35669.3328,2020
2,1,2,1,1,46,1,1,12,7,0,49007,6240,25890.6668,2836,1920,8000,6884
3,1,2,1,2,42,1,1,16,9,0,113042.8,4420,15205.3332,1237.3332,1040,1552,4568
3,1,2,1,1,30,1,1,15,9,0,66075.4,9160,9989.3332,614.6668,3040,20458.6672,7384
4,1,1,1,1,60,2,1,13,9,0,64261,5026.6668,18041.3332,1365.3332,3200,15360,2064
4,1,2,1,2,58,1,1,15,9,0,167092.4,3640,3013.3332,3000,1600,7280,160
1,1,2,1,1,44,1,1,15,9,0,75415,13684,30584,10068,11040,8240,6796
1,1,1,1,2,59,1,1,12,9,0,66206,5460,6868,109060,1760,91195.2,1048
4,1,2,1,1,40,1,1,13,9,0,83932,2600,24389.3332,4140,2232,6720,240
3,1,2,1,1,56,2,1,13,9,0,68511.6,3917.3332,9148,4804,3200,9600,492
4,1,2,1,4,38,2,1,15,9,0,65847,2426.6668,6280,1258.6668,1124,3360,324
3,9,1,1,2,41,2,5,13,6,0,38434,1300,3678.6668,1308,920,2000,240
3,1,2,1,2,58,1,1,12,9,0,89672.8,12220,14676,4280,6240,28800,864
3,1,2,1,1,42,1,1,14,9,0,101006,9620,31100,18432,4580,23840,2700
3,1,1,1,4,28,1,1,12,7,0,41089,6360,7212,3017.3332,4068,16928,1372
4,1,2,1,1,53,1,1,16,8,0,62881.6,15100,42168,9756,6028,232528,2220
1,1,2,1,4,28,2,1,12,8,0,49822,5460,20552,4980,4680,5200,2088
3,1,2,1,1,40,1,1,12,5,0,26832.8,19500,6540,47840,3660,4256,624
4,1,2,1,2,56,1,1,16,9,0,81708.4,22637.3332,17642.6668,9980,2696,25728,12644
1,1,2,1,2,57,1,1,15,9,0,106600,6453.3332,6561.3332,8982.6668,2344,10853.3328,476
3,1,2,1,2,60,1,1,15,9,0,186440,9086.6668,5181.3332,6796,1180,2602.6672,2068
1,1,2,1,2,64,1,1,15,9,0,194189,13756,26252,10932,5924,2096,25732
3,9,1,1,4,48,2,3,12,6,0,33194,5026.6668,8016,1880,2816,1280,232
2,1,2,1,1,59,1,1,13,9,0,129376.2,17880,53804,12796,6620,19200,1128
3,1,2,1,1,51,1,1,15,9,0,126733,5546.6668,10800,5528,3600,30944,680
4,1,2,1,4,49,1,1,11,7,0,42690,4420,13432,840,1192,480,1080
2,1,2,1,4,27,2,1,14,8,0,58888.8,5373.3332,7300,6208,2100,3466.6672,424
2,1,2,1,1,58,2,1,15,9,0,90481,3033.3332,10957.3332,970.6668,1644,6544,660
3,1,2,1,1,61,2,1,13,9,0,107212,4160,23424,4236,2980,33568,1932
4,1,2,1,4,49,1,1,13,9,0,113192,7220,35402.6668,15080,1200,9920,2304
2,1,2,1,1,53,1,1,15,9,0,199416,4246.6668,7820,1118.6668,1848,4656,4392
3,1,2,1,1,29,1,1,14,9,0,164101.4,3986.6668,3784,2732,1516,7952,488
2,1,2,1,2,63,1,1,13,9,0,77539,2946.6668,1862.6668,3632,916,6208,360
2,1,2,2,2,53,1,1,12,9,0,63412,3813.3332,3520,11624,2560,7653.3328,648
2,1,2,1,1,29,2,1,14,8,0,53342,8320,20852,7104,3368,9632,1384
4,1,1,2,4,33,1,1,14,9,0,136197,9340,17352,8164,300,22464,2124
3,9,1,1,1,49,2,3,16,7,0,37407,1733.3332,6990.6668,486.6668,1100,2576,2308
3,1,2,1,1,30,2,1,15,9,0,111809.4,4160,12220,932,1368,5968,332
3,1,1,1,1,64,2,1,12,9,0,64159,5720,14002.6668,2432,3740,6400,1368
3,1,1,1,2,63,1,1,12,8,0,59143,2938.6668,3878.6668,950.6668,1116,7662.4,4808
1,1,2,1,1,55,1,1,15,9,0,121738.4,3120,4677.3332,4541.3332,1888,11786.6672,820
2,9,1,1,4,38,1,5,10,4,0,16357.2,2946.6668,3400,440,1000,2426.6672,160
3,1,2,1,4,34,1,1,15,8,0,51959.4,2253.3332,3820,1986.6668,680,17600,72
3,1,1,1,2,58,1,1,14,5,0,27212,3813.3332,1770.6668,620,880,4800,1084
1,1,2,1,4,59,1,1,16,9,0,69884,3553.3332,4576,548,896,25040,16
1,1,2,1,2,62,1,1,16,9,0,103622.2,5500,16076,10320,7556,5232,928
3,1,2,1,2,56,1,1,12,9,0,62870,6160,21164,360,2964,28352,1152
2,9,1,1,4,44,2,4,13,2,0,12937.4,1438.6668,3140,160,740,3200,236
4,1,2,1,1,36,1,1,12,9,0,88097.8,9020,15201.3332,8338.6668,2220,17312,2488
2,1,1,1,2,64,1,1,13,9,0,64415,5200,4029.3332,3458.6668,2296,69504,264
4,1,2,1,1,44,2,1,12,9,0,70397,1404,8302.6668,2928,920,16074.6672,928
2,1,2,1,1,35,2,1,15,9,0,165172,4160,5854.6668,6885.3332,1448,14149.3328,2204
4,1,2,1,1,28,1,1,11,9,0,112540,2340,8964,986.6668,720,7616,760
2,1,1,1,1,63,1,1,14,9,0,105382.8,4420,13044,3000,4340,18240,1008
2,1,2,1,1,57,1,1,16,9,0,104512,7956,33240,7020,5640,53216,2888
4,1,2,1,1,53,2,1,15,9,0,89622,10800,14900,6420,4392,52960,4684
2,1,2,1,1,39,1,1,15,9,0,117917,6586.6668,14842.6668,1180,3280,8042.6672,1928
3,9,1,1,2,61,2,5,14,8,0,57949.8,2340,1872,480,1488,3481.0672,496
4,1,2,1,2,51,2,1,13,8,0,47708,5120,5929.3332,3056,2748,2560,2536
4,1,2,1,4,31,1,1,12,7,0,45915,12740,17632,16772,2996,20368,2760
2,1,2,1,1,60,2,1,12,9,0,84694,6500,14352,76256,6656,38816,10764
4,1,2,1,2,63,2,1,16,9,0,101831.8,2080,4644,1354.6668,856,43417.0672,236
4,1,2,1,1,45,2,1,15,9,0,203256.6,15900,36832,13648,3388,14944,9504
4,1,2,1,1,38,1,1,13,9,0,85346,9100,16308,39040,4396,6000,1524
3,1,1,1,4,29,1,1,16,8,0,44805,1386.6668,11800,80,1720,2400,320
2,1,2,1,4,37,1,1,15,9,0,81761.4,2686.6668,6864,3020,1700,3317.3328,2216
3,1,2,1,1,42,1,1,16,9,0,116055,15208,38980,4752,2880,32400,3576
2,1,2,1,4,27,2,1,15,9,0,68108,2173.3332,3937.3332,2436,1044,3360,896
1,1,2,1,1,49,1,1,12,9,0,144926.8,10906.6668,21166.6668,10436,3756,56768,764
3,1,1,1,4,58,1,1,12,9,0,88620,5893.3332,15020,3852,1944,17888,1376
3,1,2,1,1,28,2,1,14,9,0,78939,2080,80956,8688,700,8160,4240
2,1,2,1,4,56,1,1,13,7,0,43921,3380,12260,4704,4080,55520,2452
3,9,1,1,1,43,2,3,12,9,0,128422.8,13000,9652,5724,6292,10075.2,3876
4,1,2,1,2,58,1,1,15,9,0,80062,8666.6668,9769.3332,480,1100,6933.3328,1048
1,1,2,1,1,52,1,1,15,9,0,106298.2,14800,39937,18968,12792,22560,23200
4,1,2,1,1,59,2,1,13,9,0,103027.8,10660,9216,11620,6096,28800,716
2,1,2,1,1,42,2,1,15,8,0,49136,4388,25796,2392,4656,18528,2060
2,1,2,1,1,45,1,1,15,9,0,128789,3033.3332,5817.3332,3277.3332,1492,2960,936
2,1,2,1,4,63,1,1,13,8,0,56004.8,3380,15900,856,4680,6720,768
2,1,2,1,1,54,1,1,15,9,0,85763,6933.3332,10325.3332,3180,3472,16704,1836
2,9,1,1,2,57,1,5,16,9,0,96637.6,1126.6668,8701.3332,548,1048,2789.3328,1024
4,9,1,1,2,53,2,3,13,9,0,93397.6,8952,18760,4412,6244,11771.2,12860
4,9,1,1,4,49,2,3,13,5,0,30340,8216,11344,3768,3668,1200,3036
2,1,1,2,2,61,2,1,10,6,0,38262.8,2045.3332,1850.6668,1396,1168,6064,392
3,1,2,1,1,38,1,1,15,9,0,179442,6678.6668,16701.3332,6302.6668,2920,12517.3328,7440
3,1,2,1,1,44,1,1,12,8,0,49041.2,3120,11026.6668,2780,2960,7946.6672,596
1,1,2,1,4,32,1,1,12,9,0,99550,2600,2676,3120,1108,2773.3328,652
3,1,2,1,1,58,1,1,15,9,0,73045,10920,5880,8568,2832,1040,4540
1,1,1,2,2,43,1,1,12,8,0,52236.8,19520,13648,7880,6784,24752,1028
1,9,1,1,1,64,2,5,11,6,0,35080.8,1906.6668,4953.3332,1048,2944,1568,608
2,9,1,1,1,56,1,3,12,7,0,38560,2600,2485.3332,1964,720,2010.6672,384
2,1,1,2,2,64,2,1,16,8,0,52304,6236,7164,7628,4160,36235.2,2896
2,1,2,1,1,61,1,1,13,8,0,60304,5020,18560,4340,5684,26208,1320
3,9,1,1,2,59,1,5,14,7,0,46031,2253.3332,4268,7392,2344,3356.8,1428
2,1,2,1,4,31,2,1,15,9,0,64934,5200,20084,5412,9400,13392,3764
1,1,2,1,1,27,2,1,15,9,0,97752,4736,18616,5936,3408,9776,4764
1,9,1,1,2,52,1,5,11,6,0,32980,2704,3080,2816,2400,6592,1240
2,1,2,1,1,51,2,1,15,9,0,87571,3497.3332,3512,1434.6668,1104,6336,4512
3,1,2,1,1,40,1,1,12,8,0,46553,2253.3332,7159.3332,1716,1700,1285.3328,564
3,1,2,1,1,31,1,1,13,9,0,79843.6,2253.3332,4406.6668,2780,1440,1600,492
2,1,2,1,1,56,2,1,12,8,0,51487,2600,19200,4644,3560,11760,1472
3,1,2,1,2,62,1,1,13,9,0,99703,7280,4945.3332,7600,3676,41669.3328,824
2,1,2,1,1,54,2,1,13,9,0,112414,12500,20240,8160,4128,1120,820
3,1,1,1,2,61,2,1,15,7,0,46182,3293.3332,6557.3332,1536,2620,14876.8,648
4,1,1,1,4,54,1,1,11,4,0,16425.8,3986.6668,13540,5260,3480,640,1168
3,1,1,1,4,47,1,1,13,9,0,88126,8140,22380,5624,4080,9920,4560
3,1,2,1,1,36,2,1,16,9,0,113889,9952,24832,1680,5580,10080,3508
4,1,1,1,1,60,1,1,15,9,0,108151,2773.3332,18133.3332,3016,2348,29408,1520
2,1,1,1,2,56,1,1,12,4,0,17639,1473.3332,1661.3332,4773.3332,1028,34544,320
3,9,1,1,2,53,2,3,16,8,0,56121,5200,16320,3600,1920,6240,1200
2,1,2,1,1,28,2,1,15,9,0,68253,6240,18264,3616,3128,18464,2088
2,1,2,1,1,33,2,1,15,9,0,92544,4680,6069.3332,660,1672,4000,808
4,1,2,1,4,51,2,1,13,9,0,65736,6656,14152,63276,2612,3536,1252
2,1,2,1,4,59,2,1,12,9,0,79348,7300,24276,6516,5916,8960,2252
3,1,2,2,1,47,2,1,14,7,0,44309.8,10140,10856,1820,6780,17952,1368
4,1,1,1,2,53,2,1,12,7,0,41243,3460,9900,2656,5480,52336,1244
2,1,1,1,2,64,2,1,16,9,0,83038,1993.3332,3108,1304,1768,2944,1048
2,1,1,1,2,59,1,1,16,9,0,88001.6,2912,7090.6668,741.3332,1188,6517.3328,16
1,1,1,1,2,56,2,1,15,9,0,101909.2,8666.6668,20296,1634.6668,5096,41372.8,4048
1,1,1,1,2,64,2,1,15,9,0,89207,4086.6668,4680,1604,1536,15134.4,1396
4,1,2,1,1,33,2,1,16,9,0,82750.2,1906.6668,8626.6668,1526.6668,1404,2000,700
3,1,2,1,2,56,2,1,12,9,0,72573,10400,29997,3868,8268,16704,1196
2,1,2,2,1,55,1,1,12,9,0,81386,2264,10306.6668,4084,3876,8528,144
3,1,2,1,1,54,1,1,11,9,0,70733,6933.3332,9153.3332,2648,1996,18880,4952
4,1,1,2,4,54,2,1,13,8,0,56190,9520,18928,4416,3692,36235.2,1420
3,1,2,1,2,63,2,1,13,9,0,75295.8,16480,24308,7568,2696,43600,6740
3,9,1,1,2,34,1,1,12,6,0,35056.2,5546.6668,1376,6533.3332,1376,3356.8,2496
2,1,2,1,1,46,1,1,12,9,0,65030.8,4333.3332,8756,2400,3640,19829.3328,1080
3,9,1,1,1,63,2,3,14,4,0,16837.4,3844,7782.6668,2893.3332,1536,8302.4,2132
1,1,2,1,4,57,2,1,13,9,0,73205,3952,17192,1516,2408,4480,740
1,9,1,1,4,33,1,5,11,7,0,44740,3120,10760,1668,4500,480,1292
3,1,2,1,1,46,2,1,13,9,0,91317.6,8320,26936,5072,5108,12688,1836
2,1,2,2,2,61,1,1,12,7,0,46308.8,3293.3332,4565.3332,400,2592,12800,800
2,1,2,1,2,52,2,1,12,9,0,101666,2686.6668,2092,220,1292,3040,600
3,1,1,1,1,63,1,1,14,2,0,7559,4680,17628,2436,1620,12476.8,480
4,1,2,1,1,49,2,1,12,9,0,74829.4,7644,16980,7312,4460,91008,3444
2,1,2,1,1,56,1,1,15,9,0,75107.4,4506.6668,3752,600,1896,4368,360
3,1,2,1,1,40,1,1,14,9,0,106814,4333.3332,24388,1540,1760,1360,11268
3,1,2,1,2,51,2,1,11,6,0,32522,2166.6668,2162.6668,1560,1596,5696,168
2,1,1,1,1,60,1,1,14,9,0,70426,4073.3332,1890.6668,640,1096,1472,120
3,1,2,1,1,47,1,1,14,8,0,53015.6,2725.3332,4536,80,700,1248,140
3,1,2,1,1,58,1,1,13,9,0,117601,5690.6668,7958.6668,4820,3508,23520,140
1,1,1,2,4,58,2,1,12,7,0,40513,2253.3332,5144,2372,1716,960,648
3,1,2,1,1,29,2,1,16,9,0,88891.2,6240,27884,5116,6364,16992,1796
3,1,2,1,1,34,1,1,15,9,0,86946.8,8280,15384,4720,3660,1200,912
3,1,2,1,1,44,2,1,15,9,0,144014,3466.6668,29478.6668,2660,1988,7765.3328,1024
4,1,2,1,2,46,2,1,16,9,0,139187,13000,28232,2800,1688,2400,436
1,9,1,1,1,52,1,4,11,9,0,84470,2426.6668,11840,900,4160,901.3328,360
3,1,2,1,1,49,2,1,12,9,0,101147.4,10400,15844,10780,7320,48000,2972
3,1,1,1,2,59,2,1,13,7,0,40568,3466.6668,3392,4600,1492,21170.1328,2928
3,1,2,1,1,57,2,1,13,6,0,31388.6,3466.6668,11904,3488,3300,36672,1600
1,1,2,1,4,41,1,1,16,9,0,122811,4766.6668,12360,1804,1560,2773.3328,672
2,1,1,1,1,55,1,1,16,9,0,105384,953.3332,5808,566.6668,2132,10526.4,468
4,1,2,1,1,45,2,1,13,9,0,103784,4333.3332,11193.3332,3440,4492,9280,808
4,1,2,1,1,56,2,1,15,6,0,34976,2253.3332,7645.3332,5452,1356,2480,1092
3,1,2,1,1,55,1,1,15,9,0,163352,9452,22616,17044,5740,5920,1820
3,1,2,2,2,46,2,1,15,9,0,63340,2946.6668,3557.3332,1800,1464,4960,440
3,1,1,1,2,57,1,1,16,3,0,10723.2,7280,12240,5732,3132,14080,1508
2,1,2,1,2,55,2,1,13,9,0,98680,3380,2121.3332,3681.3332,1408,6640,280
2,1,1,1,1,29,1,1,15,8,0,60192,6500,26152,12900,7960,13440,2564
3,1,2,1,2,63,1,1,11,8,0,52946,5981.3332,4013.3332,6276,1320,12160,64
4,9,1,1,4,60,1,2,12,8,0,48831,8840,10928,1096,580,720,1292
4,9,1,1,4,38,1,5,11,6,0,33884.8,2686.6668,4960,1016,772,6126.4,348
2,1,2,1,2,60,1,1,12,9,0,89193,6486.6668,13136,640,4092,5216,396
3,1,2,1,2,56,2,1,13,9,0,91177,4333.3332,1026.6668,2692,752,1184,196
3,1,2,1,1,62,2,1,12,8,0,50213,2912,4912,2216,1564,9290.6672,468
3,1,2,1,1,32,1,1,16,9,0,99053.2,4333.3332,6709.3332,2653.3332,1216,10240,220
3,1,1,1,1,49,1,1,13,8,0,59625,7522.6668,11458.6668,6184,3948,25120,576
2,1,2,1,4,29,1,1,15,9,0,93945,3293.3332,7572,1148,1320,3632,548
4,1,2,1,1,56,1,1,16,9,0,116791.4,7973.3332,15257.3332,12680,2888,1600,7368
2,1,2,1,2,39,2,1,15,7,0,44169,7800,13916,6348,6020,15296,3908
3,1,1,1,1,56,2,1,14,5,0,26579,2600,9080,116540,4344,14059.2,1332
3,1,2,1,1,48,1,1,14,9,0,129458.2,6933.3332,17338.6668,2398.6668,1400,16640,1340
3,1,1,1,1,62,2,1,13,8,0,56099,5304,20220,8112,7040,57243.2,3492
3,1,1,1,2,62,1,1,12,9,0,101646,18720,52136,13380,11396,38731.2,1440
4,1,2,1,4,38,2,1,13,8,0,60178.8,11960,18792,3816,2520,16800,2448
2,1,2,1,1,62,1,1,11,9,0,76296.6,4680,23952,2280,7932,23899.2,2112
2,1,1,1,2,53,2,1,16,9,0,106627,18620,4664,9300,2664,5760,12780
1,1,2,1,1,39,1,1,15,9,0,77399.6,4680,9940,2054.6668,1984,12800,436
3,1,2,1,2,60,1,1,11,5,0,20852.6,1386.6668,1533.3332,3316,1400,6400,2732
1,1,2,1,1,58,2,1,13,9,0,86921,3640,10068,4760,3444,11467.2,980
1,1,2,1,2,59,1,1,13,9,0,77999,5200,12144,4392,4240,73520,2948
1,1,2,1,1,43,2,1,16,9,0,122852.4,6673.3332,8744,360,632,6240,1800
1,1,2,1,1,51,1,1,16,9,0,102136,2513.3332,10153.3332,880,1900,5066.6672,312
3,9,1,1,2,55,2,5,12,5,0,29243,4160,10432,3576,9196,19067.2,2148
2,1,2,1,1,45,1,1,15,9,0,63943.2,10840,14004,10508,5240,3477.3328,968
4,1,2,1,4,28,2,1,13,7,0,39537,5180,14200,87008,1440,11568,400
3,1,2,1,1,50,1,1,12,9,0,62437,8933.3332,13940,4976,4600,22400,712
2,1,2,2,2,61,2,1,13,9,0,67678,3900,8612,1200,6240,111168,1080
3,1,2,1,1,29,1,1,14,8,0,54544.4,5720,8180,5040,4260,31200,1440
4,1,2,1,2,62,1,1,13,9,0,201499.4,7520,18229.3332,2073.3332,2500,15710.4,1988
3,1,2,1,1,51,1,1,15,9,0,129542,6705.3332,25849.3332,7174.6668,4556,18880,1592
4,1,2,1,4,58,1,1,15,9,0,64623.8,12480,32008,3564,8512,61920,960
2,9,1,1,1,43,2,5,16,9,0,57564,4560,14542.6668,9306.6668,4936,9040,1920
4,1,1,1,4,36,1,1,16,9,0,75417,1733.3332,4482.6668,3632,842.6668,5248,64
4,1,2,1,4,64,2,1,14,9,0,102773.4,9004,16840,4784,4228,5696,8732
2,9,1,1,1,44,2,3,11,5,0,27551,2946.6668,4736.6668,400,1684,8144,40
3,1,2,1,1,58,2,1,15,9,0,128633.2,5600,8916,14232,2720,16000,1520
3,1,1,1,1,50,2,1,12,5,0,23046,5020,9900,35156,4280,15115.2,1240
4,1,2,1,4,54,2,1,15,8,0,56369,5460,15360,1844,2332,26528,840
3,1,1,1,1,61,2,1,13,5,0,25482,2426.6668,6514.6668,3000,1640,10386.1328,688
3,1,2,1,2,49,2,1,13,9,0,110419,5026.6668,3596,7400,2408,11200,320
4,1,1,1,1,44,1,1,13,8,0,52598.8,7626.6668,17656,8288,3224,12325.3328,1904
1,1,2,1,1,58,1,1,15,8,0,57509.8,5026.6668,9573.6668,1760,1460,9024,1800
3,9,1,1,1,45,1,5,13,8,0,51192.6,8146.6668,5193.3332,2240,1968,11090.1328,696
3,1,2,1,1,46,2,1,13,9,0,100864,5200,11932,2320,3736,13589.3328,1076
3,1,2,1,1,61,2,1,12,7,0,36548,9100,15024,4848,10060,13168,1064
1,1,2,1,4,58,1,1,15,9,0,66412,3640,13008,5076,576,8224,1592
3,1,2,1,2,60,1,1,15,9,0,84533.4,6586.6668,6793.3332,2360,3340,8224,800
3,1,2,1,2,45,2,1,13,8,0,46014,5200,3044,1060,2620,20800,1736
2,1,2,1,1,60,1,1,15,9,0,103834,8416,20252,5548,5644,12448,2236
3,1,2,1,1,47,2,1,13,9,0,165767,2253.3332,5596,2904,1600,12800,896
3,1,2,1,1,29,2,1,15,8,0,52293,3276,17336,12864,5972,34816,3160
1,1,2,2,1,52,1,1,15,9,0,72595,1941.3332,6536,1600,1932,3989.3328,2620
3,1,1,1,2,45,2,1,12,3,0,12859,9880,5240,960,4032,3356.8,992
3,1,2,1,1,32,1,1,14,9,0,102269,4853.3332,29820,841.3332,1916,9600,1144
2,1,2,2,4,63,1,1,16,9,0,77017,2250.6668,3968,600,1200,12352,292
3,9,1,1,2,60,1,2,12,8,0,53415,1733.3332,5111.3332,560,1040,8611.7328,280
1,1,2,1,4,59,1,1,12,8,0,46890.2,5388,17300,4800,1816,11104,4596
3,1,2,1,1,42,2,1,16,9,0,126042,10400,42088,4160,4788,5760,1488
2,1,2,1,1,34,2,1,15,9,0,91628,4333.3332,7854.6668,2872,1680,1600,780
2,1,2,1,2,34,1,1,15,9,0,97586,520,3589.3332,3334.6668,1308,3360,612
3,1,1,1,2,56,2,1,11,7,0,43838.4,4420,11652,8436,4164,22880,912
3,1,1,1,1,56,1,1,12,5,0,24589,3120,4517.3332,640,2400,15605.3328,800
3,1,1,1,2,63,1,1,15,9,0,76538,866.6668,3610.6668,1105.3332,2677.3332,31792,1144
4,1,2,2,2,60,2,1,13,6,0,32027.8,3512,9774,10212,2516,32528,7188
3,1,2,1,1,53,1,1,16,9,0,156073,2686.6668,15253.6668,424,2560,8256,512
4,1,2,1,4,31,1,1,13,6,0,34330,4420,24524,2680,1600,640,696
3,1,1,1,1,57,2,1,16,9,0,89861,6700,13548,4184,3936,32715.2,3360
3,1,2,1,1,49,2,1,16,9,0,86072,7800,21144,4848,4708,6400,4104
4,9,1,1,4,41,1,5,13,5,0,22583.6,2792,7984,952,2616,6400,3264
4,1,2,1,4,60,2,1,15,9,0,139380,866.6668,13876,6554.6668,360,2080,716
3,1,2,1,1,32,2,1,15,4,0,16345.4,6500,6514,1200,4800,27648,780
1,1,2,1,4,35,2,1,12,8,0,57991,2686.6668,3564,1440,1224,480,496
4,1,1,1,2,62,2,1,15,9,0,79844,7840,13272,5544,4620,22512,6164
3,1,2,1,1,38,1,1,15,9,0,106779.8,18000,17068,12624,5884,40160,2412
2,1,2,1,4,40,2,1,12,6,0,34848.6,3640,8700,1316,2700,24000,1368
3,1,2,1,1,63,2,1,15,8,0,46119.4,8176,19096,1780,8212,15744,1008
2,9,1,1,4,48,1,3,14,8,0,44487,4080,6748,1690.6668,1328,6794.6672,32
1,1,2,1,1,45,1,1,14,9,0,85701,3466.6668,15704,1488,3440,10752,1200
3,1,2,1,1,63,2,1,16,9,0,107835,2426.6668,25904.3332,2644,2752,3182.4,532
4,1,1,1,1,32,1,1,16,9,0,141796,13266.6668,14713.3332,4800,2412,3200,1184
4,1,2,1,4,40,1,1,15,9,0,102983,5200,21572,6056,2324,17728,724
2,1,2,2,4,48,1,1,11,6,0,29266,1560,3752,1124,688,2176,316
4,1,2,1,2,51,2,1,12,7,0,39290,15340,11384,7148,3508,6720,6056
3,1,2,1,1,28,1,1,16,9,0,80341,4160,15068,3984,5220,22800,2520
2,1,2,1,1,61,2,1,12,9,0,75191,4386.6668,7940,1708,3588,7488,1472
2,9,1,1,1,51,2,3,12,1,0,4535.2,1213.3332,4100.6668,400,1860,2958.4,140
2,1,2,1,4,47,1,1,15,8,0,54221,9340,16248,10136,3240,15376,1140
3,1,2,2,2,47,1,1,15,9,0,84112,14733.3332,7717.3332,3200,2640,7520,696
2,1,2,1,1,61,1,1,13,9,0,72442.6,5200,12345.3332,2552,1356,5546.6672,828
4,1,2,1,1,53,2,1,14,9,0,163446.2,4766.6668,26632.3332,2100,3112,8000,1576
3,1,2,1,1,27,1,1,15,9,0,64982.2,2773.3332,11884,3878.6668,1388,2400,1712
2,1,1,1,1,57,1,1,12,7,0,46435,13866.6668,14036,1940,5464,15132.8,424
2,9,1,1,1,55,1,3,12,8,0,62366,1993.3332,4974.6668,1908,1552,13806.4,464
4,1,2,1,4,29,1,1,13,9,0,83995,2513.3332,6960,2056,1036,4021.3328,1848
1,1,1,1,2,63,1,1,15,8,0,51572,4680,4688,960,2328,7984,4
2,1,2,1,1,54,1,1,15,9,0,146593,4932,16576,6668,5160,8752,1512
4,1,2,1,1,48,1,1,14,9,0,113253,7773.3332,10733.3332,7254.6668,4544,7040,5400
2,1,2,1,1,30,2,1,13,8,0,57517,1640,8689.6668,1100,1276,7936,1040
3,1,2,1,2,62,1,1,16,9,0,126811,6156,14928,3220,4608,11520,1132
2,1,2,1,1,50,2,1,14,9,0,80645.4,1560,5518.6668,502.6668,1180,9194.6672,364
3,1,2,1,1,55,2,1,14,9,0,123680,10306.6668,52832,8600,6576,28885.3328,964
3,1,2,1,2,36,1,1,16,9,0,129324,11780,21576,15800,2040,9600,624
4,1,2,1,2,55,1,1,12,9,0,126669,5200,4852,5200,2764,4885.3328,1040
3,1,2,1,1,45,2,1,14,9,0,92716,3466.6668,4834.6668,1946.6668,3064,64608,1536
4,1,2,1,1,55,1,1,15,9,0,147713.8,2600,21081.3332,1964,1880,2357.3328,3228
3,1,2,1,1,41,2,1,13,9,0,106574,19564,19860,13412,6020,27200,2360
1,1,1,1,2,62,1,1,15,7,0,37721,4506.6668,3952,2160,2108,14250.6672,1876
3,1,2,1,1,51,2,1,15,9,0,121333.4,6653.3332,5138.6668,5876,1504,7600,628
4,1,2,1,1,33,1,1,13,9,0,69198,6760,22212,3644,4680,6720,2024
2,1,2,1,1,46,2,1,15,9,0,161998.4,4600,9389.3332,8240,840,4922.6672,4436
2,1,2,1,4,27,2,1,13,7,0,39996.2,797.3332,7093.3332,1664,1720,4480,780
2,1,2,1,4,38,1,1,16,9,0,90388.8,3986.6668,16064,645.3332,3416,22688,116
2,1,2,1,1,44,2,1,12,9,0,86692.2,18200,36404,8460,11428,57520,6912
1,1,2,1,1,55,2,1,15,9,0,146789,2773.3332,8253.3332,1752,2304,8960,468
1,1,2,1,2,60,2,1,12,9,0,72619,4333.3332,23669.3332,3600,1576,21536,848
3,1,2,1,1,53,2,1,14,9,0,152485,3380,12086.6668,1626.6668,1904,4960,1200
3,1,2,1,1,60,1,1,12,9,0,76092,5928,13852,7472,2160,20640,2348
3,1,2,1,2,38,1,1,14,8,0,59170,12480,7424,7200,4744,15600,1580
1,1,2,1,4,32,2,1,15,8,0,57040,1820,5484,1560,1224,3146.6672,260
3,1,1,1,2,62,1,1,12,8,0,56450.6,1536,3413.3332,2960,2320,14275.7328,180
2,1,2,2,2,55,2,1,11,4,0,19333.8,3466.6668,5856,5924,3136,7680,3264
3,1,1,1,2,55,2,1,14,9,0,69062,7176,13812,96220,7364,24011.2,1320
3,9,1,1,4,40,2,5,13,8,0,48212,7800,15932,6244,3980,24000,1200
2,1,2,1,1,48,1,1,13,9,0,80808.6,5440,16848,4968,5400,4048,1412
1,1,2,1,1,48,1,1,15,9,0,115069.8,2548,13328,725.3332,2448,9040,336
2,1,2,1,2,63,2,1,12,9,0,61698,1933.3332,2405.3332,300,996,26666.6672,80
4,1,2,1,4,37,2,1,12,8,0,56521,5200,13168,900,1468,10560,928
3,1,2,1,2,52,1,1,12,9,0,116664,2946.6668,973.3332,640,800,5472,276
2,1,2,1,1,29,1,1,15,9,0,98869.4,12133.3332,16785.3332,7200,2784,11200,1672
2,9,1,1,4,35,2,5,12,7,0,42615,3813.3332,7101.3332,1800,1536,3600,632
3,4,2,1,1,59,2,1,12,9,0,122945,11946.6668,8453.3332,4600,4016,16320,1936
3,4,2,1,1,51,1,1,13,9,0,81713,2426.6668,1718.6668,3472,904,5200,644
3,9,1,1,4,62,2,5,12,6,0,38964,4090.6668,11540,105396,3328,176,1376
4,4,2,1,4,49,2,1,13,9,0,92649,8305.3332,16312,1416,2312,9024,2284
4,4,1,1,4,53,1,1,10,6,0,34997.8,7626.6668,9064,1456,476,11290.6672,24
1,4,2,1,1,53,1,1,16,9,0,104656,2166.6668,7377.3332,1352,2956,10000,2696
1,4,1,1,2,55,1,1,15,7,0,42498,1473.3332,3278.6668,932,1884,12640,228
1,4,1,1,1,57,1,1,16,9,0,93244,1906.6668,17852,8320,4604,12138.6672,1064
1,4,2,1,2,49,1,1,15,9,0,83848.6,20652,27637,12264,9412,14400,2732
2,4,2,1,1,56,1,1,12,9,0,81714,7800,23484,2020,7044,10544,3088
1,4,2,1,1,62,2,1,15,9,0,89783.2,2969.3332,4892,2000,1592,3120,356
4,4,1,1,4,48,2,1,12,6,0,32304,1473.3332,5486.6668,2080,784,2496,224
2,5,2,1,1,62,2,1,15,9,0,119337.4,7800,11804,248,3224,21696,1320
1,4,2,1,1,47,1,1,13,9,0,69098.6,7368,8957.3332,4120,4568,3584,1256
1,4,1,1,4,49,2,1,15,5,0,31120,2253.3332,5148,240,1004,19616,272
2,9,1,1,4,31,2,5,16,8,0,49283.4,6240,15564,12128,6132,15435.2,2184
4,4,2,1,1,57,2,1,12,8,0,55764.4,9620,17176,900,3240,960,1688
1,4,2,1,1,44,2,1,12,9,0,95731.6,4680,10432,1564,4436,3642.6672,1036
2,5,2,1,1,58,2,1,13,9,0,85513.4,4804,45048,5984,6880,9600,680
3,4,2,1,4,41,2,1,12,6,0,34884,3900,16232,2940,4940,10880,888
2,5,2,1,1,57,2,1,13,9,0,140154.8,9620,26556,5428,5748,5867.2,4432
1,4,2,1,4,63,1,1,12,8,0,55796,6240,19236,1680,4116,19488,1020
2,5,2,1,2,49,2,1,11,9,0,82184.6,13520,8948,3680,5600,11755.2,1524
3,4,2,1,2,53,1,1,12,9,0,100329,11024,3425.3332,3574.6668,3172,4800,1008
3,4,2,1,4,45,2,1,15,9,0,109080,24266.6668,32936,3376,6428,16992,3488
1,4,1,1,2,60,1,1,14,6,0,34552,3293.3332,3190.6668,1564,2532,5205.3328,1320
3,4,1,1,1,54,1,1,15,9,0,67759.8,5938.6668,9948,1280,1920,736,992
3,9,1,1,1,28,1,5,13,5,0,28504,3466.6668,6068,1769.3332,2240,7164.8,64
1,5,2,2,1,50,2,1,12,9,0,72649,2253.3332,6157.3332,660,1736,8985.0672,428
3,4,2,1,1,49,2,1,13,9,0,90228.6,2513.3332,8498.6668,1168,1684,11280,716
3,9,1,1,1,42,1,5,15,9,0,72419.8,3640,12884,2560,1600,33337.6,980
4,4,2,1,2,46,2,1,15,9,0,149117,9441.3332,35997.3332,6436,1276,32368,3976
3,9,1,1,1,60,2,4,12,5,0,33113,1716,3832,600,1708,1706.6672,140
3,5,2,1,1,50,2,1,13,9,0,109582.4,3120,8509.3332,2762.6668,2244,126478.4,6484
4,9,1,1,1,50,1,2,13,9,0,98565.8,6586.6668,17230.6668,2693.3332,2840,14937.6,2736
3,5,1,1,2,61,1,1,13,9,0,73858.4,2946.6668,2162.6668,1220,1816,11033.0672,464
2,5,1,1,1,64,1,1,13,9,0,101090.4,7093.3332,15682.6668,1410.6668,4108,27516.8,1360
3,4,2,1,1,50,2,1,13,9,0,88704,6933.3332,8720,3924,4180,13866.6672,1200
1,9,1,2,1,56,1,5,16,6,0,33010,6760,13248,4452,8464,16416,1868
4,4,2,1,4,61,1,1,14,9,0,84122,7540,24212,8600,4272,66923.2,680
2,4,1,1,1,54,1,1,16,9,0,116683.4,12480,83122.6668,83572,8460,9866.6672,2552
4,4,1,1,2,63,1,1,16,8,0,60473,4506.6668,11969.3332,3956,3056,18236.8,500
3,4,2,1,1,54,1,1,13,9,0,72460.6,3253.3332,5222.6668,1664,1976,1904,1000
2,4,2,1,2,62,1,1,15,9,0,96623.2,9360,14244,3940,5556,30656,1440
3,9,1,1,1,57,2,2,12,5,0,28540,4024,6798.6668,1216,3416,5408,780
2,4,2,1,2,48,2,1,13,9,0,88616,4160,7421.3332,4594.6668,5608,2208,320
1,8,1,1,4,47,1,5,15,9,0,82135,12156,17292,6436,900,11328,1988
2,8,1,1,1,43,2,3,15,6,0,28149,3882.6668,4468,2400,2820,6192,356
2,8,1,1,1,51,2,5,13,8,0,42524,1178.6668,3019.3332,308,1188,464,516
3,8,1,1,4,60,2,5,15,7,0,42451,7800,12512,12056,2768,5728,2292
2,8,1,1,1,61,2,3,12,8,0,45505,2426.6668,8429.3332,2116,1488,1120,292
3,8,1,1,4,31,1,5,13,7,0,39341.6,3813.3332,6280,1200,1080,8672,128
3,8,1,1,1,61,2,3,13,2,0,9846,537.3332,1362.6668,4084,976,672,12
3,8,1,1,1,56,1,3,12,8,0,42813,4212,11724,4800,4104,2400,1884
3,8,1,1,4,56,2,3,16,5,0,20487,3512,29996,4980,4632,22560,1600
2,8,1,1,1,63,1,1,16,9,0,88431,5166.6668,17577.3332,4944,4872,2480,948
1,8,1,1,4,50,2,3,12,6,0,30272,10960,18340,7428,1780,13440,840
3,8,1,1,2,49,1,4,13,9,0,105817,6760,5236,2064,3780,3264,456
4,8,1,1,4,36,1,5,16,9,0,77626.6,6708,12644,9784,1664,5408,8448
3,8,1,1,4,32,1,1,16,9,0,66599,8580,23764,360,2072,6160,108
2,8,1,1,4,53,2,3,13,1,0,4569,1386.6668,7080,800,2280,64,24
4,8,1,1,4,56,2,3,15,6,0,29159,1906.6668,5000,1520,1940,4560,488
1,8,1,1,1,57,1,3,12,7,0,37609,10400,15280,4136,3328,36720,1976
2,8,1,1,1,59,2,3,12,8,0,45199,1733.3332,8012,405.3332,1488,4000,432
2,8,1,2,1,53,1,3,11,5,0,21506,3640,8121.3332,1173.3332,3056,3392,1520
1,8,1,1,4,54,1,3,15,7,0,38294,1733.3332,3036,572,252,1072,816
3,8,1,1,4,63,2,2,15,7,0,38742,6920,19852,9812,2352,3760,2500
4,8,1,1,4,48,2,2,15,5,0,20174,2496,12620,2160,2212,16016,340
3,8,1,1,1,32,1,1,16,9,0,91789,3466.6668,14413.3332,2848,2344,13120,432
4,8,1,1,1,40,1,5,13,8,0,45365,1300,3785.3332,2565.3332,1064,138.6672,480
3,8,1,1,2,56,1,3,12,7,0,40974,2686.6668,1388,4048,1208,1728,96
3,8,1,1,2,27,1,5,13,9,0,89480,5253.3332,6357.3332,4440,2360,7296,1940
3,8,1,1,1,35,1,5,16,7,0,36280,7453.3332,6677.3332,1408,1000,7514.6672,1064
4,8,1,1,4,42,1,5,16,9,0,86944,8320,15280,6304,1264,3024,3360
4,8,1,1,4,32,1,3,15,9,0,84440,3813.3332,23506.6668,2960,1440,7104,240
3,8,1,1,4,54,1,3,12,8,0,47849,3900,19260,1940,3240,8784,1080
1,8,1,1,1,55,2,3,15,9,0,102961,28344,48956,22556,10376,30352,5460
2,8,1,1,2,62,2,2,13,3,0,12184,1300,9728,904,2916,17104,460
3,8,1,1,1,39,1,3,14,8,0,54889.2,2426.6668,9248,1812,2224,8533.3328,816
3,8,1,1,4,64,1,3,14,9,0,66889.2,2480,6097.3332,580,2224,13200,1456
1,8,1,1,1,50,2,5,16,9,0,79607,2704,24432,3188,1680,9216,2400
1,8,1,1,1,51,1,3,11,8,0,59483.6,1040,15564,965.3332,1616,1013.3328,320
2,8,1,1,4,28,1,5,14,6,0,34364,5200,8004,9388,2100,8192,448
3,8,1,1,4,30,1,5,15,4,0,17885.8,1386.6668,3392,800,1080,3040,388
2,8,1,1,4,43,2,5,15,9,0,59431.4,2530.6668,7616,640,980,1760,1912
4,8,1,1,4,31,1,5,15,8,0,49097.8,1473.3332,7100,280,960,3168,596
4,8,1,1,1,62,1,5,16,9,0,83943,4333.3332,8654.6668,1120,1520,32106.6672,688
4,8,1,1,1,52,2,3,15,9,0,117907,6232,18532.6668,2960,1300,2128,3164
1,8,1,1,1,51,2,3,16,7,0,40963.8,15600,22060,6416,6568,11264,880
1,8,1,1,2,56,2,4,16,9,0,68207,7106.6668,11933.3332,992,1668,10400,1644
3,8,1,1,1,54,2,3,15,8,0,46300,4420,17062,6204,2704,28960,252
2,8,1,1,1,55,2,3,13,5,0,23420,2080,15053.3332,1752,1856,10112,816
2,8,1,1,1,55,1,5,13,1,0,4737,3293.3332,6408,290.6668,1752,63712,672
4,8,1,1,4,27,1,5,13,4,0,14505,3986.6668,6193.3332,1013.3332,980,5205.3328,400
2,8,1,1,4,39,1,3,13,8,0,47451.2,3640,7328,5724,1760,2773.3328,960
3,8,1,1,4,53,2,5,13,9,0,69567.8,3813.3332,11398.6668,1352,2616,2240,560
4,8,1,1,4,43,2,5,15,8,0,44238,5024,18760,2664,2000,22240,1308
1,8,1,1,1,56,2,5,15,8,0,51323,866.6668,5560,200,1552,6400,280
1,8,1,1,2,40,2,3,16,9,0,65329.6,20280,6184,2760,1800,7200,940
1,8,1,1,1,42,1,5,15,7,0,43516,4680,9836,2726.6668,3248,6800,1680
1,8,1,1,4,63,2,2,11,2,0,9486,3640,10692,480,880,896,480
4,8,1,1,2,55,2,5,16,9,0,63399,7176,8696,4332,4116,19760,1940
3,8,1,1,1,40,2,1,13,7,0,40521.4,3813.3332,5682.6668,240,2628,11200,468
1,8,1,1,4,27,2,5,16,8,0,50565.4,3653.3332,3064,706.6668,216,2826.6672,268
3,8,1,1,4,45,1,5,15,8,0,53108,6180,8820,3821.3332,2040,13600,1504
2,8,1,1,4,40,1,1,16,9,0,60664,9516,19024,4100,4324,9120,7152
4,8,1,1,2,31,2,5,15,9,0,86845,866.6668,1120,572,620,3408,376
1,8,1,1,1,29,2,5,15,9,0,69512,7800,22881.3332,1288,280,15264,2388
4,8,1,1,4,35,1,5,15,8,0,45441,2080,5728,700,416,2048,432
4,8,1,1,4,62,2,3,13,7,0,39776,6500,12916,680,1480,12000,660
2,8,1,1,4,34,1,5,15,9,0,65100.6,3466.6668,14380,1773.3332,2100,3200,600
4,8,1,1,4,48,2,5,15,7,0,37554,5980,24840,1536,3008,13936,780
4,8,1,1,4,55,1,5,13,8,0,54766,3813.3332,7576,1680,620,640,520
3,8,1,2,4,30,2,5,15,6,0,31773.4,3588,9532,2164,1644,21883.2,1988
3,8,1,1,4,34,2,5,15,6,0,33409,1646.6668,8780,766.6668,260,4261.3328,720
2,8,1,1,4,28,1,5,15,9,0,76970,1040,3368,1052,540,3488,272
4,8,1,1,4,27,2,5,14,2,0,8403.2,4333.3332,8564,1598.6668,360,320,768
2,8,1,1,1,33,2,5,16,8,0,52887,2764,4512,11733.3332,908,3072,368
4,8,1,1,4,32,2,5,16,8,0,48942,10400,13404,4480,816,10800,32
2,8,1,1,4,31,1,5,11,6,0,32950,4320,8160,1900,3556,46368,3096
2,8,1,1,4,52,1,5,13,4,0,14824.6,6240,10660,1080,360,5200,1080
1,8,1,1,2,57,1,5,15,9,0,85072,2253.3332,7760,506.6668,592,645.3328,496
3,8,1,1,4,42,2,2,15,5,0,22356,2600,6080,1092,1760,1184,200
3,8,1,1,2,44,1,5,12,7,0,39977,2686.6668,1640,1456,1044,2718.4,520
4,8,1,1,1,48,1,3,13,7,0,41758,4264,22700,960,5760,4160,3260
2,8,1,1,4,55,2,5,13,6,0,33873,3466.6668,7128,1088,1000,8400,560
2,8,1,1,1,54,2,3,15,5,0,24814,2946.6668,10449.3332,960,3240,16530.1328,780
3,8,1,1,1,54,1,5,12,9,0,62856,6028,15692,4044,4352,24000,1668
2,8,1,1,2,59,1,3,14,7,0,39290,3900,5652,984,2532,4928,2656
3,8,1,1,1,53,1,3,12,8,0,42313,2600,8220,2388,2580,9056,1524
4,8,1,1,4,51,1,3,13,7,0,39071.4,3840,8712,7240,1884,9152,1708
3,8,1,1,4,44,2,3,14,6,0,30702.2,16900,12900,2372,2748,4384,2572
2,8,1,1,4,44,2,3,13,6,0,31647,3600,11668,3804,3144,7072,192
4,8,1,1,4,31,1,5,15,8,0,43061,1178.6668,4148,1450.6668,480,1386.6672,108
3,8,1,1,2,61,2,3,13,5,0,22354,4160,5246,2916,4928,16,1188
4,8,1,1,1,52,1,3,15,9,0,113326,1386.6668,7705.3332,572,1096,1957.3328,320
3,8,1,1,4,36,2,4,15,7,0,38957,4420,26764,4740,1980,137840,4920
3,8,1,1,4,38,2,5,15,5,0,22842.8,3900,13620,1280,4620,14400,1200
2,8,1,1,4,29,1,3,13,8,0,48863,1040,2666.6668,1517.3332,800,3134.4,224
1,8,1,1,1,62,1,3,12,7,0,36058.2,2634.6668,8264,2124,3744,2069.3328,128
4,8,1,1,4,35,1,5,13,6,0,29926,4232,6188,256,648,7360,908
3,8,1,1,4,28,1,5,12,7,0,35954,14040,12856,2168,2356,15888,360
3,8,1,1,1,48,1,4,13,6,0,30175,2340,13084,12096,5288,34320,804
1,8,1,1,4,57,2,5,14,9,0,65953,3380,24548,4788,6540,10720,20724
2,8,1,1,4,32,1,5,14,8,0,42874,814.6668,2600,868,400,800,120
1,8,1,1,4,48,1,3,15,9,0,57158,3466.6668,5864,2166.6668,260,7200,368
3,8,1,1,2,56,2,3,15,4,0,17393.8,2600,3012,1600,2500,1738.6672,528
1,8,1,2,4,32,2,5,12,6,0,32672.8,1560,4320,280,1320,5760,496
2,8,1,1,1,61,2,5,15,8,0,59169,1300,7570.6668,1272,1220,2256,160
1,8,1,1,4,45,1,5,15,9,0,62284,1820,7946.6668,400,652,6400,32
3,8,1,1,1,43,2,5,13,6,0,29711,1040,4594.6668,480,748,1280,284
1,8,1,1,4,57,2,3,16,5,0,24463.4,1646.6668,14520,546.6668,1580,13728,368
4,8,1,1,4,46,2,5,15,2,0,8336,1213.3332,8468,1600,932,7616,888
4,8,1,1,4,38,2,3,13,6,0,33324,3796,14060,1560,1404,6448,612
1,8,1,1,1,55,1,4,15,8,0,49786,1802.6668,11248,800,1832,12320,640
2,8,1,2,4,39,1,5,15,6,0,32554,1300,7568,840,1640,3168,512
4,8,1,1,4,57,2,3,13,6,0,32947.8,866.6668,5816,1900,364,6400,396
1,8,1,1,1,43,1,3,15,9,0,75861,7626.6668,10244,5600,1872,7680,3920
2,8,1,2,2,64,2,5,15,5,0,20526.8,2600,5572,2420,2540,2400,480
4,8,1,1,4,29,1,5,12,7,0,39078,4160,10136,1368,1416,11648,2120
1,8,1,1,2,47,1,5,15,9,0,102461,2253.3332,5622.6668,2022.6668,978.6668,4992,728
3,8,1,1,4,40,1,3,15,9,0,66617,2860,6568,721.3332,1828,4672,180
1,8,1,1,2,53,2,3,13,8,0,43489.2,1820,12348,4724,4012,7392,208
3,8,1,1,1,32,1,1,15,8,0,53221,3120,5709.3332,76920,1832,1200,2028
4,8,1,1,4,63,2,5,13,5,0,21325,1040,3854.6668,52,356,16,320
4,8,1,1,4,27,2,5,15,4,0,15154.4,554.6668,1264,180,164,5600,112
4,8,1,1,4,39,2,4,15,5,0,26474.8,8666.6668,32384,6940,3672,53440,1304
1,8,1,1,4,29,1,5,12,8,0,49056,2600,2372,1068,752,1664,256
4,8,1,1,4,39,1,5,16,8,0,49152.2,5304,13160,552,1408,14016,1032
3,8,1,1,1,28,1,5,15,8,0,49777,2080,3230.6668,1112,840,320,276
2,8,1,1,4,42,1,3,15,9,0,60510,3189.3332,11462.6668,2100,2464,16714.6672,700
2,8,1,1,1,55,2,3,12,8,0,48922,1386.6668,7241.3332,1836,1848,2048,1120
3,8,1,1,1,38,1,5,15,8,0,47735,6109.3332,9506.6668,4948,1380,3840,1744
4,8,1,1,4,59,2,3,13,5,0,21353,988,2508,1373.3332,200,3706.6672,536
3,8,1,1,2,42,2,3,15,4,0,14350.6,4904,3990,1800,3440,6768,120
3,8,1,1,4,33,1,5,16,9,0,89027,14040,16748,1764,2040,1120,1632
4,8,1,1,4,29,1,5,16,9,0,66738,12220,17940,2740,1248,3840,3468
2,8,1,1,1,27,1,5,15,6,0,33362,4556,12292,2068,3828,13104,1212
2,8,1,1,4,36,1,5,13,8,0,44276,6760,11116,7076,3636,13520,3064
3,8,1,1,1,44,2,5,16,9,0,88888,8840,28104,3076,5672,10928,3260
3,8,1,1,1,59,2,2,13,8,0,44125.4,4420,14572,4040,3300,11872,1920
3,8,1,1,2,48,2,5,12,4,0,16974.8,520,4506.6668,320,764,3200,200
1,8,1,1,4,27,2,5,12,5,0,23876.8,4160,17828,12596,1776,12176,936
4,8,1,1,2,58,2,3,14,9,0,68919,4680,10224,4700,4336,12832,1180
4,8,1,1,4,37,1,5,12,7,0,37169.2,4056,11380,3240,1680,5546.6672,1412
1,8,1,1,2,46,2,4,16,9,0,64030,13520,32785,3340,13376,6155.2,1020
3,8,1,1,4,29,1,5,16,7,0,41054,5120,19332,4440,3352,9056,2292
4,8,1,1,1,44,2,5,15,9,0,64246,1673.3332,3614.6668,1750.6668,556,11642.6672,848
3,8,1,1,1,62,2,1,13,7,0,43332.2,5720,36908,5760,6128,43520,1032
1,8,1,1,4,63,2,5,15,5,0,21688.6,953.3332,2800,436,400,1678.4,236
3,8,1,1,2,44,2,3,13,5,0,21726,6066.6668,3493.3332,2476,1740,1280,1504
2,8,1,1,4,35,1,3,15,9,0,75310,8666.6668,11292,1765.3332,732,4586.6672,472
4,8,1,1,1,56,1,3,14,8,0,58801,2860,6125.3332,2400,2196,2400,312
2,8,1,1,1,43,1,3,16,9,0,89139,1160,10185.3332,2160,1640,2357.3328,1328
4,8,1,1,4,47,1,5,15,9,0,60808,8493.3332,28952,80,2756,19200,1104
3,8,1,1,1,60,1,1,15,9,0,74526,2293.3332,12774.6668,996,1200,7056,880
2,8,1,1,2,50,1,3,14,8,0,47233.4,6240,5209.3332,5752,2840,18026.6672,552
1,8,1,1,4,27,2,5,16,5,0,22444,5181.3332,4402.6668,620,380,19200,200
4,8,1,1,4,40,1,5,16,7,0,40657,6800,6612,5600,1440,23040,408
2,8,1,2,4,29,1,5,13,4,0,15406,520,1700,800,200,4064,12
4,8,1,1,1,42,2,5,15,9,0,68793,3900,20220,4892,1900,12480,640
1,8,1,1,4,33,2,3,12,7,0,38883,3900,7044,6624,1604,12240,924
4,8,1,1,4,63,1,5,12,5,0,23873.8,3020,7948,720,1208,17216,1200
3,8,1,1,2,44,1,3,16,9,0,75883.6,1733.3332,1666.6668,1060,1100,2080,316
3,8,1,1,2,56,2,1,12,6,0,27424,12233.3332,13129.3332,1298.6668,2796,25600,1040
3,8,1,1,4,50,2,5,16,8,0,46273,1248,2864,806.6668,444,1040,524
3,8,1,1,1,58,2,5,16,9,0,86790.8,2080,7308,200,780,7840,1748
3,8,1,1,4,31,2,3,13,6,0,29933,2157.3332,6750.6668,612,1680,6944,4068
2,8,1,1,1,50,1,5,15,9,0,87152.6,2426.6668,4992,1673.3332,1344,5418.6672,124
3,8,1,1,4,30,1,5,15,9,0,62307,1733.3332,6000,1560,640,4800,780
3,8,1,1,4,40,1,3,13,7,0,36718.8,4904,11736,4976,2876,3264,120
3,8,1,1,1,54,2,5,16,8,0,52904,953.3332,7032,1076,1760,1504,40
1,8,1,1,1,27,1,5,15,9,0,64564,3640,43100,8060,2388,1440,2028
3,8,1,1,2,63,2,3,13,3,0,10337,2340,3366,3788,1440,1200,884
4,8,1,1,4,31,1,5,12,9,0,62004.4,3033.3332,9232,526.6668,392,3712,3840
3,8,1,1,1,41,2,1,11,9,0,109359,9100,26436,3120,4852,12960,3800
2,8,1,1,1,52,1,5,14,9,0,65138.2,7020,27260,60440,5292,20800,4160
3,8,1,1,4,36,1,5,15,8,0,48177,3778.6668,3712,2001.3332,876,3834.6672,348
3,8,1,1,4,59,1,3,11,4,0,18003,1906.6668,6608,1298.6668,672,3157.3328,600
3,8,1,1,1,55,2,4,13,9,0,60745,485.3332,6238.6668,1084,1080,1600,140
3,8,1,1,1,53,2,5,15,9,0,89811,7800,12404,14000,2928,3360,1440
2,8,1,1,4,42,1,5,16,9,0,65201.2,1092,4494.6668,3332,672,4512,616
3,8,1,1,4,47,1,5,13,5,0,20286,1213.3332,2401.3332,1160,572,1678.4,364
3,8,1,1,2,57,1,3,12,9,0,103150.8,1213.3332,2080,400,1600,3466.6672,500
3,8,1,1,4,56,2,3,12,6,0,34217.4,4836,8196,2576,2352,3840,1152
1,8,1,1,4,30,1,1,15,8,0,47617,6586.6668,4654.6668,1506.6668,208,1840,756
2,8,1,1,1,38,1,5,13,9,0,99838,6517.3332,15900,14045.3332,2616,6656,2528
2,8,1,1,4,29,1,5,15,6,0,30184,780,2830.6668,200,332,4336,312
3,8,1,1,2,56,2,2,12,3,0,13928,1073.3332,1164.6668,429.3332,712,1088,2424
3,8,1,1,2,51,1,5,16,9,0,72319,6066.6668,5557.3332,3212,1916,10720,632
3,8,1,1,1,47,2,5,16,9,0,64761.8,520,2906.6668,200,896,40874.6672,464
4,8,1,1,4,27,1,5,15,8,0,40328,2622.6668,23632,11420,1200,6976,468
1,8,1,1,2,48,1,3,15,6,0,32628,4420,7560,5200,3100,1680,9528
4,8,1,1,4,50,1,5,13,6,0,28635,3484,17644,2900,1444,11440,1100
2,8,1,1,1,39,2,3,13,4,0,15851.4,4980,9484,3856,2512,96,1120
4,8,1,1,2,54,2,3,12,6,0,33650,5720,2109.3332,872,1520,5120,2164
2,8,1,1,2,59,2,5,16,8,0,46332,1560,4492,3400,3592,19952,1260
3,8,1,1,2,61,2,2,13,5,0,22266,970.6668,1766.6668,1580,1400,7712,1680
4,8,1,1,4,42,1,5,15,7,0,41971,5824,18932,2608,2216,8736,3012
3,8,1,1,4,39,1,3,15,8,0,44108,5546.6668,7908,3438.6668,860,14400,880
4,8,1,1,1,59,1,1,14,8,0,49021.6,3813.3332,8161.3332,1600,1648,800,2240
4,8,1,1,4,30,1,5,15,9,0,57576.4,2669.3332,21152,733.3332,476,5333.3328,572
3,8,1,1,4,46,1,3,15,8,0,42217,1456,4312,1200,712,5834.6672,760
3,8,1,1,1,45,1,5,16,9,0,86061,2770.6668,18666.6668,2261.3332,3288,20080,3628
3,8,1,1,1,31,2,5,16,7,0,36475,2912,5324,296,1636,1744,1172
3,8,1,1,2,52,1,3,14,8,0,54760.2,4940,17720,5100,3000,55088,2300
3,8,1,1,1,54,2,3,14,9,0,78684,1560,3310,2696,1256,6330.6672,864
1,8,1,1,1,45,2,3,14,9,0,60108,11920,14248,9408,3220,13328,1680
2,8,1,2,2,37,1,5,14,8,0,57277,5200,2994.6668,3712,1816,8192,664
2,8,1,1,4,30,2,4,13,7,0,37979.4,728,6132,5101.3332,2292,2240,324
3,8,1,1,1,49,1,3,16,9,0,65512,2860,14054,3208,6200,1360,2040
4,8,1,1,4,54,1,3,12,8,0,53652,6040,10164,21304,864,960,560
3,8,1,1,4,59,1,1,15,9,0,66740.4,6180,11704,88948,1912,9600,768
2,8,1,1,4,31,1,5,15,9,0,70091,1533.3332,5129.3332,688,224,3674.6672,324
2,8,1,1,2,59,1,2,12,8,0,47148,1040,2786.6668,240,1432,2720,820
1,8,1,1,4,30,2,3,15,8,0,45338,3640,11021.3332,1730.6668,520,16128,2532
4,8,1,1,4,48,1,1,12,5,0,23366.8,7260,9680,2320,3132,3856,2640
1,8,1,1,1,40,1,3,15,8,0,56033.4,4680,18824,1653.3332,3840,13866.6672,2000
3,8,1,1,1,44,1,3,15,9,0,158814.2,9620,18644,2668,6256,21040,1552
3,8,1,2,2,40,1,5,14,8,0,51608,3466.6668,3690.6668,2944,3064,8181.3328,800
2,8,1,1,1,36,1,3,15,8,0,46609.2,6760,21040,3588,5832,7120,2112
4,8,1,1,2,31,2,5,15,5,0,24715,918.6668,1829.3332,200,468,1322.6672,32
3,8,1,1,2,55,2,5,16,7,0,37895.2,4320,17858.6668,2224,652,3232,1640
4,8,1,1,1,62,1,5,16,9,0,81648,1300,3597.3332,533.3332,1040,2048,412
3,8,1,1,4,50,1,1,15,5,0,26081.6,5026.6668,1126.6668,1600,680,1040,180
1,8,1,1,4,49,2,5,15,8,0,42982.4,3900,31364,2348,16164,22240,2460
4,8,1,1,2,55,1,5,13,5,0,24712,4506.6668,4992,440,1952,12016,9240
4,8,1,1,4,61,2,3,12,6,0,30224,3120,10692,4240,3492,2880,480
3,8,1,1,2,57,1,3,13,7,0,36264,4506.6668,4040,1264,1884,480,40
4,8,1,1,4,51,1,5,13,9,0,59482,1178.6668,6168,452,432,1600,324
2,8,1,1,1,45,2,5,15,9,0,75345,1906.6668,2866.6668,125.3332,1236,3360,1464
4,8,1,1,4,43,1,5,12,4,0,19754,2600,10188,240,924,256,680
4,8,1,1,1,51,2,3,15,9,0,65373.4,3466.6668,13961.3332,4512,1040,6848,2744
1,8,1,1,4,58,1,4,12,6,0,27922,1126.6668,4422.6668,320,600,4853.3328,440
4,8,1,1,4,28,1,5,15,5,0,25976.2,3466.6668,5680,2293.3332,480,5258.6672,940
4,8,1,1,4,28,1,5,16,8,0,45047.2,2773.3332,6408,1218.6668,1472,5056,592
2,8,1,1,4,29,1,5,16,8,0,47883.4,1413.3332,3216,3544,460,2709.3328,552
4,8,1,1,2,63,2,3,13,5,0,21804.4,2426.6668,3584,736,1756,7637.3328,436
3,8,1,1,4,30,1,5,16,8,0,49881.6,2149.3332,6736,582.6668,124,19621.3328,200
3,8,1,1,1,63,2,5,15,9,0,68517,5280,5740,1464,2240,5920,6936
3,8,1,1,1,58,2,1,11,6,0,34581.2,18893.3332,22354.6668,2696,5208,34666.6672,2264
3,8,1,1,1,62,1,3,12,6,0,34694,2080,3052,2102.6668,820,6064,960
3,8,1,1,2,30,1,5,13,2,0,8485,2045.3332,2912,480,2704,128,60
4,8,1,1,4,34,1,5,16,9,0,63192,11180,19156,4480,1440,6464,1360
4,8,1,1,4,59,1,5,12,1,0,2354.8,1040,680,2800,680,9706.6672,1040
4,8,1,1,4,61,1,3,12,6,0,35047,15080,4528,3528,608,17354.6672,464
3,8,1,1,4,59,1,5,11,4,0,14698.6,7800,5480,520,240,10400,400
3,8,1,1,1,49,1,5,16,8,0,44193,2773.3332,11078.6668,1000,3000,9344,1560
2,8,1,1,4,51,1,5,13,5,0,18865,485.3332,2612,380,352,3189.3328,48
3,8,1,1,4,50,1,5,14,7,0,35176,1992,13408,7472,3140,6320,140
3,8,1,1,1,30,1,5,13,5,0,22606,10400,13092,9380,2920,2608,2920
2,8,1,1,4,60,1,5,15,6,0,26904,1416,10944,1420,1400,4320,52
1,8,1,1,1,36,1,5,16,1,0,2820,1300,3328,800,1620,3466.6672,200
2,8,1,1,4,53,1,3,15,7,0,36950,6604,10452,3672,1656,8608,1800
3,8,1,1,2,62,1,3,13,6,0,26688,3120,1728,160,1344,85106.1328,696
4,8,1,1,4,31,2,5,12,5,0,18875,8072,10264,7272,1820,23200,1248
3,8,1,1,4,29,1,5,12,8,0,45942,4628,9120,3764,1920,5760,108
4,8,1,1,2,53,2,2,15,6,0,27172,4160,12356,2968,3360,224,1456
3,8,1,1,1,61,2,3,16,9,0,102738,5120,15681.3332,2860,3308,18581.3328,560
4,8,1,1,4,60,2,3,15,5,0,20962.8,11700,16008,4520,2052,6432,1152
2,8,1,1,4,59,2,3,14,6,0,30579.6,1733.3332,9140,2632,1344,5344,692
2,8,1,1,1,64,2,3,14,6,0,31419.6,1092,2704,368,728,5248,348
3,8,1,1,1,37,2,3,16,8,0,43739,3880,15544,4380,3740,912,2816
1,8,1,1,4,60,2,5,12,9,0,60421,693.3332,4617.3332,300,740,2261.3328,464
3,8,1,1,1,28,1,1,15,9,0,94488,6500,17820,2400,5456,12000,1344
4,8,1,1,4,32,1,5,15,8,0,45685,2020,4757.3332,2656,228,2880,48
2,8,1,1,1,52,1,3,12,9,0,62760,2426.6668,2054,2492,1380,4069.3328,600
3,8,1,1,4,55,2,3,16,8,0,54437,2132,12880,6308,3464,11280,2028
4,8,1,1,4,47,1,3,14,9,0,83720,11613.3332,12168,10418.6668,1140,19136,3032
2,8,1,1,1,47,2,5,13,7,0,34865,1866.6668,5613.3332,1984,1180,8645.3328,1456
3,8,1,1,1,56,1,3,15,9,0,81436.6,12040,22036,9688,2380,1680,15648
1,8,1,1,1,31,1,5,15,8,0,50972.8,7632,11812,6324,4692,6240,1480
4,8,1,2,4,59,2,3,14,6,0,32872,2632,15580,3412,2200,12000,2064
1,8,1,1,4,29,2,5,14,7,0,36130,4680,13644,840,1708,10816,2060
2,8,1,1,2,64,2,5,16,2,0,9935.2,3085.3332,4360,1272,1924,20416,400
3,8,1,1,4,29,2,4,15,3,0,13634,6240,10796,3600,2580,22368,924
1,8,1,1,4,29,2,5,14,4,0,16652,586.6668,3476,320,940,1914.6672,1212
3,8,1,1,1,42,1,4,16,9,0,100521.6,13520,22156,11640,2760,32336,2080
1,8,1,1,4,52,2,4,11,4,0,17076.4,1594.6668,4268,928,796,10400,640
3,8,1,1,1,59,2,3,15,7,0,36124.6,2868,10688,4308,2056,18704,392
2,8,1,1,4,62,1,3,15,7,0,34299.4,1386.6668,9488,5113.3332,1624,3200,1360
3,8,1,1,1,46,2,3,16,9,0,65718,11220,21376,12120,5396,6192,3064
3,8,1,1,2,43,1,5,16,9,0,96282,8926.6668,1326.6668,15341.3332,656,592,1296
3,8,1,1,1,31,1,5,14,6,0,33617,6760,21880,1976,6860,15920,300
4,8,1,1,4,48,2,5,15,9,0,62520.4,6760,8008,820,808,2048,3556
4,8,1,1,4,37,1,5,13,5,0,24906,693.3332,10536,240,1736,6336,400
3,8,1,1,4,52,2,3,15,6,0,35109,658.6668,5496,512,1976,2560,360
3,8,1,1,4,63,1,5,16,8,0,51061,866.6668,7613.3332,3444,280,480,80
2,8,1,1,1,62,1,2,15,8,0,57271.2,9880,16680,2540,4296,32352,8908
2,8,1,1,4,27,2,5,14,4,0,16199,4680,9028,800,1000,6768,1440
1,8,1,1,4,43,2,3,15,8,0,53362,11266.6668,11225.3332,5760,772,3744,828
1,8,1,1,4,49,2,3,14,8,0,43411,3640,8692,4644,1552,12720,888
4,8,1,1,4,62,2,2,14,6,0,34373,3213.3332,10288,1980,1088,8256,740
2,8,1,2,2,51,1,3,14,3,0,12794,7644,11328,1200,8200,11456,856
3,8,1,1,1,32,1,5,15,9,0,77762,3300,31612,3768,3576,7568,4080
3,8,1,1,4,27,2,5,15,7,0,34624,745.3332,4360,1952,1280,2560,160
3,8,1,1,1,49,2,5,15,4,0,16305,2149.3332,4490.6668,725.3332,1252,4544,1032
2,8,1,1,1,36,1,5,15,9,0,78330,3453.3332,14329.3332,10594.6668,2336,4160,1600
4,8,1,1,4,51,2,3,15,5,0,23462,693.3332,2238.6668,578.6668,268,7146.6672,48
2,8,1,1,1,51,2,3,13,5,0,17464,5720,11852,900,4496,5035.2,1760
1,8,1,1,4,45,2,3,16,4,0,15248,5980,10208,1904,852,7056,104
3,8,1,1,4,28,2,5,13,5,0,22064,606.6668,3084,600,452,560,192
2,8,1,1,1,53,1,3,13,8,0,51338.6,2946.6668,2825.3332,1693.3332,888,7626.6672,3512
3,8,1,1,1,55,1,3,14,9,0,55682,3120,14996,3480,2812,7488,720
2,8,1,1,2,49,2,3,16,9,0,111535,4744,2437.3332,1073.3332,632,640,964
3,8,1,1,4,27,1,5,15,9,0,78586,3466.6668,3848,320,828,4160,144
3,8,1,1,1,34,1,5,15,9,0,62745,3900,21352,8816,2052,10400,2320
3,8,1,1,4,38,2,5,15,5,0,22802.2,806.6668,3772,1580,360,9600,844
4,8,1,1,4,45,2,3,15,8,0,51992,1926.6668,6092,9632,876,1248,404
4,8,1,1,1,33,2,3,15,9,0,59996,1040,4340,940,816,1562.6672,820
3,8,1,1,4,62,2,3,16,9,0,84438.2,2285.3332,32776,133120,1380,13866.6672,600
4,8,1,1,1,49,1,3,14,9,0,56840,3986.6668,3056,14457.3332,1776,3008,1304
1,8,1,1,4,36,1,1,12,3,0,11848.2,3813.3332,11160,4725.3332,1160,7968,224
3,8,1,1,1,59,2,5,13,7,0,38657,6500,23048,3600,2888,33280,2252
2,8,1,1,2,57,2,3,15,9,0,116260,2686.6668,5882.6668,524,1216,5477.3328,648
3,8,1,1,4,30,2,5,15,6,0,28638,4333.3332,9348,1280,1196,1802.6672,4476
1,8,1,1,2,58,1,5,15,7,0,39974,2601.3332,7028,3213.3332,1580,1088,452
1,8,1,1,1,45,1,5,15,8,0,44000,6666.6668,9262.6668,626.6668,2584,13120,780
2,8,1,1,2,63,2,3,12,5,0,26611,3640,3816,2216,3136,12192,540
1,8,1,1,1,49,1,3,12,9,0,97877.6,6586.6668,22969.3332,1816,944,4800,36
2,8,1,1,4,28,1,5,13,7,0,37128,2756,7440,2372,320,4784,2540
2,8,1,1,2,47,1,3,15,9,0,59872.4,7020,5716,4232,2260,9360,228
3,8,1,1,4,27,2,5,15,4,0,15741,2600,4480,420,580,3466.6672,260
4,8,1,1,4,48,1,3,14,9,0,64894,2166.6668,17932,1412,720,3813.3328,4076
1,8,1,1,4,34,2,3,15,8,0,45930.8,4368,15560,1706.6668,3160,2560,720
1,8,1,1,1,60,2,3,13,8,0,53540,5720,20768,4196,5636,23200,516
2,8,1,1,4,28,2,5,15,5,0,25276,953.3332,3600,400,300,16,1836
3,8,1,1,4,40,2,5,15,7,0,38968.6,1646.6668,5060,3348,1620,4160,528
2,8,1,1,4,30,2,5,15,8,0,48511,1560,3916,492,468,869.3328,252
3,8,1,1,1,55,2,5,15,8,0,58446,5200,17484,1440,4420,16944,2700
4,8,1,1,4,30,2,5,15,7,0,35402,5200,13356,2972,1356,15088,1068
4,8,1,1,1,49,1,4,15,9,0,74364,1906.6668,4362.6668,1440,520,5440,224
3,8,1,2,2,50,2,2,13,7,0,40204,4200,2876,8408,1820,960,1980
4,8,1,1,2,48,1,3,12,7,0,41498,3380,7020,1584,1848,6960,1284
3,8,1,1,4,62,2,3,12,5,0,18997.6,554.6668,3376,1200,460,1733.3328,520
4,8,1,1,1,38,1,3,15,9,0,79970,8632,16424,3760,2584,37520,8144
4,8,1,1,4,28,2,3,12,5,0,25395,4420,11256,4080,1056,5280,860
4,8,1,1,4,33,2,5,15,5,0,23011,1386.6668,8540,1160,280,12880,1484
3,8,1,1,4,34,1,5,15,8,0,53512,9100,18000,924,2028,122624,2052
2,8,1,1,4,60,2,3,12,5,0,22737.2,901.3332,3064,960,704,1712,420
4,8,1,1,4,35,1,5,13,5,0,22716,8320,7920,2880,1360,640,2816
4,8,1,1,4,50,2,4,16,9,0,142601,15360,78981,4208,4580,125024,5200
2,8,1,1,1,59,1,5,11,7,0,38462,1906.6668,15069.3332,2833.3332,2884,9488,480
3,8,1,2,2,61,1,5,11,4,0,14504,2860,2920,2040,2400,192,840
3,8,1,1,4,53,1,5,15,5,0,19027,2946.6668,6840,2037.3332,2312,2506.6672,2632
1,8,1,1,1,47,1,5,12,8,0,49353,8320,9372,3600,3732,4853.3328,1712
3,8,1,1,4,35,2,4,11,4,0,16553.8,3120,10180,4976,756,640,1152
2,8,1,1,2,59,2,2,15,8,0,49149,2426.6668,2090.6668,968,844,8826.6672,716
2,8,1,1,1,55,1,3,13,8,0,47286,8944,10040,1260,2076,4128,2388
3,8,1,1,4,53,2,5,13,6,0,27726,2946.6668,8544,1916,1144,1440,392
2,8,1,1,4,27,1,5,16,9,0,64025,9028,15796,2668,3360,4800,7116
3,8,1,1,1,56,2,3,13,1,0,915,2080,5952,1812,3420,7808,2760
4,8,1,1,1,49,1,5,16,9,0,89454.8,6640,14281.6668,1260,1008,2080,9924
3,8,1,1,4,44,1,5,15,8,0,51119.8,5026.6668,8040,5148,1028,6272,848
2,8,1,2,2,61,1,3,14,5,0,19188,5720,8028,74576,6104,5200,1140
4,8,1,1,1,62,2,2,16,9,0,90461.4,4506.6668,25934.6668,1012,2092,7360,612
3,8,1,1,4,57,1,4,16,9,0,73804.6,9760,19416,10617.3332,3604,14005.3328,12820
1,8,1,1,4,64,2,3,16,8,0,45269,1772,12424,4360,772,25824,156
2,8,1,1,1,52,2,3,13,8,0,44104,1681.3332,5424,4378.6668,956,1285.3328,332
2,8,1,1,2,55,1,3,13,8,0,48022,1646.6668,2544,480,780,2080,220
2,8,1,1,4,64,1,5,12,5,0,21381,4976,7032,688,1680,8288,8
3,8,1,1,1,58,2,1,15,9,0,82308,4965.3332,8834.6668,5824,2748,21120,3156
1,8,1,1,4,30,2,5,15,3,0,11788.4,7466.6668,8816,3184,1120,32160,1624
2,8,1,1,1,30,1,5,12,8,0,47772,4160,20092,3072,3084,29120,7148
2,8,1,1,4,62,2,3,12,5,0,22872.4,780,3716,432,1116,3056,704
3,8,1,2,1,45,2,3,14,6,0,30674.4,693.3332,1649.3332,600,764,1440,300
2,8,1,1,4,53,2,3,14,5,0,20783,2357.3332,6100,872,1868,6000,1616
3,8,1,1,1,54,2,3,14,3,0,12947,1300,5230,4540,2700,1008,720
3,8,1,1,1,61,2,3,15,9,0,59641,1716,7280,3888,2956,127872,1512
2,8,1,1,1,45,2,3,13,7,0,38403,3900,10730,2552,2216,10352,1984
4,8,1,1,4,28,1,5,15,4,0,16642.2,1248,5680,1732,480,480,808
2,8,1,1,1,36,2,5,16,9,0,64730,7200,12364,1796,2272,21904,6120
3,8,1,1,1,64,2,3,15,6,0,31908,3328,15248,5268,2620,32656,1908
3,8,1,1,4,29,2,5,16,6,0,27971,2600,5560,2160,900,6240,1060
1,8,1,1,4,46,1,3,13,9,0,71840.8,7540,16392,4248,2904,4896,2724
1,8,1,1,4,27,2,5,15,8,0,42582,1300,3220,880,320,960,220
3,8,1,1,4,51,2,3,16,9,0,93838,2226.6668,4932,3048,712,640,276
1,8,1,1,4,61,1,3,12,6,0,34654,2166.6668,4592,120,272,8576,292
3,8,1,1,1,55,1,3,13,9,0,68600.2,4506.6668,9365.3332,4080,3284,8640,2184
2,8,1,1,4,30,1,5,15,8,0,53664,4156,12120,1224,3660,10720,2784
3,8,1,1,4,59,1,3,12,6,0,30009,866.6668,2280,532,560,960,320
3,8,1,1,1,51,1,5,13,8,0,44323,2253.3332,3634.6668,1840,812,480,2400
4,8,1,1,4,43,1,5,12,6,0,29860.2,5996,7440,1792,2040,6240,1164
2,8,1,1,1,61,1,3,14,9,0,79670.6,12480,14076,6280,2620,19200,1008
1,8,1,2,4,29,2,5,12,6,0,33661,2773.3332,7592,2200,392,4096,520
4,8,1,1,1,60,1,3,15,5,0,25808,1664,6036,901.3332,3280,3356.8,248
4,8,1,1,4,60,1,3,15,6,0,32554,4680,6204,2980,408,14560,864
3,8,1,1,4,39,1,5,14,4,0,18273,3640,9792,1660,2068,6240,120
3,8,1,1,1,42,2,3,15,9,0,66449,1300,2860.6668,2800,1028,6186.6672,1736
4,8,1,1,4,58,2,3,13,6,0,32433,3204,8736,4152,936,13632,552
3,8,1,1,2,56,2,5,13,9,0,67149,3428,12032,3020,2588,4080,4240
4,8,1,1,2,61,1,5,14,5,0,20220,4333.3332,3117.3332,1788,712,16416,244
3,8,1,1,4,29,1,5,16,7,0,36508,3908,13184,4584,3408,2688,824
3,8,1,1,1,64,2,3,15,4,0,16518.2,3269.3332,5712,1920,2624,2080,776
3,8,1,1,1,42,2,3,15,9,0,70660,6453.3332,10626.6668,16812,1120,16992,7164
1,8,1,1,1,37,1,3,16,8,0,48232,346.6668,3528,118760,876,800,480
3,8,1,2,1,53,1,5,13,6,0,27815,5200,5712,7736,2404,1584,2152
4,8,1,1,1,64,2,5,12,9,0,59769.2,8666.6668,4689.3332,1860,1000,3840,1116
2,8,1,1,4,35,2,5,15,9,0,57351,8896,12612,94536,2820,6112,1728
4,8,1,1,1,57,1,3,13,8,0,53613,2946.6668,7741.3332,2144,2180,640,208
1,8,1,1,4,59,2,3,12,5,0,18487,1820,3168,480,164,8928,240
2,8,1,1,2,56,1,5,16,7,0,42007.8,2600,3613.3332,1968,2080,2432,480
2,8,1,1,1,32,1,5,13,8,0,46703,6586.6668,9929.3332,7580,5584,20416,888
2,8,1,1,4,54,1,5,16,9,0,77401.2,1969.3332,2432,2764,412,2560,185.3332
4,8,1,1,1,56,1,5,15,9,0,59273.4,4105.3332,5529.3332,6406.6668,264,2448,2612
2,8,1,1,1,56,1,5,13,5,0,20593,1022.6668,2904,233.3332,324,2357.3328,352
4,8,1,1,1,37,1,5,15,9,0,82331.2,4333.3332,36214.6668,2230.6668,1316,2400,19120
3,8,1,1,4,47,2,3,13,9,0,72151,2600,33804,2688,3188,7808,1268
2,8,1,1,4,38,1,5,11,7,0,38844.8,3053.3332,11400,4400,3400,13450.6672,480
3,8,1,1,4,44,2,3,13,5,0,18724,2640,7040,2508,1036,112,800
4,8,1,1,1,52,1,1,12,9,0,81353,2534.6668,9325.3332,1577.3332,1108,27296,496
4,8,1,1,4,52,2,5,15,8,0,47639,5200,26920,464,896,3466.6672,1248
3,8,1,1,1,56,2,5,16,8,0,47857,1213.3332,4528,628,920,5264,584
2,8,1,1,1,59,2,3,13,8,0,48628,8480,13240,3296,2924,5184,7892
3,8,1,1,4,41,1,5,13,9,0,73333,5612,13864,360,1632,12000,1060
2,8,1,2,1,29,1,5,15,1,0,1830,866.6668,6109.3332,1533.3332,1800,7552,928
2,8,1,1,2,58,2,3,15,8,0,42222,3293.3332,4476,2048,1900,9760,2384
4,8,1,1,4,51,2,5,15,2,0,10314.2,866.6668,4537.3332,180,264,2814.4,464
2,8,1,1,4,32,1,5,12,4,0,16942,6240,11968,1900,1920,10080,4192
3,8,1,1,1,52,2,3,13,4,0,15395.6,5996,8756,1800,3900,2064,780
2,8,1,1,1,48,1,3,15,9,0,64061,4576,7844,1000,1296,698.6672,912
1,8,1,1,4,28,2,5,15,6,0,29815,433.3332,2412,320,412,2080,300
1,8,1,1,4,54,2,3,13,4,0,14702,3020,2728,1416,1424,288,372
3,8,1,1,1,59,1,3,12,7,0,35142.6,2253.3332,2044,2108,1448,8320,88
2,4,2,1,1,42,1,1,16,9,1,88342.8,7522.6668,13034.6668,2416,2200,5333.3328,936
3,4,2,1,1,38,2,1,14,8,1,59568.8,7973.3332,8480,1600,1888,25600,1520
4,5,2,1,1,42,2,1,16,9,1,201227,10400,40177.3332,3285.3332,3700,14346.6672,3320
3,4,2,1,1,40,1,1,11,9,1,81419,9888,14606,11056,4216,47040,1800
3,5,2,1,1,51,2,1,14,5,1,32875,3120,4368,776,1792,2688,240
3,4,2,1,1,53,1,1,13,9,1,146758.6,10020,32268,17196,11040,107616,6984
3,9,1,1,2,32,1,3,12,8,1,60865,3986.6668,1940,936,1840,5063.4672,392
1,5,2,1,1,50,2,1,12,9,1,67420.2,5200,12062.6668,4992,3904,7349.3328,672
4,4,2,1,4,46,1,1,14,9,1,84329,5200,14160,4320,3120,16800,1464
3,4,2,1,2,53,2,1,13,9,1,66761,6864,8004,7940,4912,27680,1216
3,9,1,1,2,62,2,5,15,9,1,111521,11093.3332,9608,12924,7112,66364.8,760
4,4,2,1,1,48,1,1,16,9,1,159166,3426.6668,5029.3332,4952,2572,2912,200
3,9,1,2,4,47,1,5,11,7,1,47298.8,1993.3332,1488,2010.6668,688,784,400
1,9,1,1,4,40,2,5,13,5,1,33814,7080,15725.3332,1520,4272,3356.8,360
4,4,2,1,4,45,1,1,13,8,1,65174.4,9676,8728,4736,2936,4896,2748
2,4,2,1,1,39,2,1,12,6,1,36599,9192,15784,8940,4200,9600,7044
4,7,1,1,4,36,2,5,13,1,1,2175,5594.6668,10960,7220,1040,160,1000
4,4,2,1,1,44,1,1,11,8,1,49738.8,5432,11460,5800,2178.6668,16032,640
3,4,2,1,4,36,2,1,13,9,1,85656,7600,38160,7352,4568,19024,1080
3,4,2,1,2,45,1,1,11,6,1,34164,11925.3332,8674.6668,1760,2832,3072,304
3,4,2,1,2,49,2,1,16,9,1,158497,4420,5380,2400,2380,20176,6320
2,7,1,1,4,35,2,5,12,5,1,26481,2340,13264,5076,2504,6144,728
2,7,1,1,1,37,2,3,15,8,1,49075,2640,16612,2868,5844,8448,2924
2,7,1,1,4,32,2,5,13,5,1,28861,2426.6668,5809.3332,2412,2428,3626.6672,824
3,7,1,1,1,36,2,3,16,8,1,48113,4680,15212,800,2720,17280,2400
1,6,1,1,1,58,1,2,15,6,1,35858.8,1126.6668,5368,546.6668,916,17930.6672,32
3,7,1,1,1,32,2,2,13,3,1,17687,4680,13037.3332,1600,4504,490.6672,624
4,6,1,1,4,64,1,4,13,6,1,36013,3640,17196,4044,6456,8731.2,960
4,9,1,1,4,43,2,3,12,6,1,32350,1906.6668,761.3332,493.3332,408,5011.7328,204
3,7,1,1,1,29,2,5,15,7,1,39940,5892,13160,1912,4064,27152,1808
3,7,1,1,4,34,2,5,13,6,1,33042.2,2681.3332,15428,6562.6668,2504,2490.6672,1988
4,6,1,1,4,27,1,3,16,8,1,58954,10216,10804,1656,1624,2400,824
3,6,1,1,1,40,1,3,12,9,1,78415,6760,22972,9416,8136,22400,6752
3,7,1,1,4,42,2,3,13,6,1,31536.4,2301.3332,3116,400,976,3200,176
3,7,1,1,1,55,2,3,13,3,1,14610.6,6760,18460,3400,4512,6560,1988
3,7,1,1,1,28,2,4,15,7,1,38035,1092,4660,816,1088,9536,180
3,6,1,2,4,38,1,3,13,9,1,77473,18200,17204,872,6400,16368,6864
3,7,1,1,1,43,2,3,15,8,1,55893,3554.6668,14745.3332,3832,2080,6400,1032
3,6,1,1,2,42,1,5,11,7,1,39861,2920,2258.6668,1168,1160,11093.3328,1120
3,7,1,1,1,42,2,5,16,9,1,63010,8840,8284,3160,2780,12800,936
3,6,1,1,4,27,1,5,13,8,1,48536,2946.6668,3752,1092,924,2944,852
3,9,1,1,2,53,1,1,13,8,1,58372.2,3120,7845.3332,640,2180,4298.6672,224
2,7,1,2,4,34,2,2,15,4,1,22376,7040,6948,5028,3044,34528,1236
4,7,1,1,2,46,2,4,15,8,1,46874,5200,10244,2296,4712,51840,10664
3,7,1,1,1,39,2,5,12,5,1,24712,416,4609.3332,1380,1366.6668,1914.6672,784
3,7,1,1,1,58,2,3,14,7,1,41610,4122.6668,4730.6668,8412,1560,1605.3328,944
4,7,1,1,4,32,2,3,11,5,1,28754,4157.3332,19608,3352,2544,3840,1032
4,7,1,1,4,39,2,4,16,9,1,92259,2261.3332,21864,5754.6668,1776,12544,3076
3,7,1,1,4,31,2,4,14,2,1,12960,2253.3332,9808,640,1992,9436.8,664
3,7,1,1,4,55,2,3,14,7,1,39085.8,3452,12060,600,1740,8000,460
2,6,1,1,2,43,1,5,12,9,1,114255,3033.3332,11636,828,1436,13866.6672,700
1,7,1,1,4,36,2,5,14,8,1,55460,1446.6668,9980,320,3780,7776,400
3,7,1,1,4,30,2,5,12,4,1,19473,1560,4780,240,320,176,1800
3,7,1,1,1,38,2,5,15,8,1,59334,4420,34460,3452,3348,7200,5260
3,7,1,1,4,37,2,5,14,5,1,30245,1646.6668,4712,2592,720,2773.3328,464
3,7,1,1,4,44,2,5,13,5,1,26263,3224,17728,3224,1864,17888,3884
4,7,1,1,1,54,2,3,15,7,1,43366.6,1560,6680,3200,3213.3332,8000,464
1,7,1,1,4,27,2,5,12,8,1,45127,4324,19000,3400,7380,4320,3200
3,9,1,1,4,54,2,5,12,2,1,11423.2,1126.6668,2692,400,1532,1678.4,432
2,6,1,1,4,39,1,3,13,7,1,40918.8,7800,23636,1200,1796,3312,6716
2,7,1,1,4,54,2,3,16,8,1,60864,5320,28300,6448,9640,16960,2152
2,7,1,1,4,39,2,3,15,1,1,5604,2540,14042.6668,3824,680,5756.8,4188
4,7,1,1,4,45,2,5,13,4,1,19960.4,1872,5100,400,900,6400,2520
1,6,1,1,2,50,1,3,12,8,1,54123.6,4420,7244,1400,5048,800,996
1,6,1,1,4,46,1,5,12,8,1,48558.2,10980,17404,12000,4248,23520,1916
3,7,1,1,4,32,2,5,14,6,1,38068,1560,3028,4364,708,736,480
3,6,1,1,4,38,1,3,14,6,1,33902,7280,8840,1360,1440,13520,1760
1,6,1,1,1,58,1,2,11,8,1,45451,3706.6668,3233.3332,1000,912,6634.6672,240
3,7,1,1,2,51,2,3,16,9,1,75479,5073.3332,6586.6668,413.3332,1800,9637.3328,6860
3,7,1,1,4,44,2,3,15,8,1,49668,3986.6668,6448,820,2400,4112,772
3,7,1,1,2,51,2,5,15,9,1,99896,7260,11172,1600,3752,37408,4240
4,6,1,1,4,42,1,3,15,9,1,100773,8504,51108,4896,8236,19680,4240
3,7,1,1,2,40,2,3,16,8,1,52975,4000,2465.3332,960,1692,15632,544
3,9,1,1,4,28,1,5,13,7,1,37025,4940,11372,960,804,1760,960
3,7,1,1,1,34,2,1,16,9,1,108336.4,4766.6668,18152,536,1920,8992,3736
3,7,1,2,4,30,2,4,14,5,1,28961,2393.3332,2520,1397.3332,1520,2096,608
3,7,1,1,1,49,2,5,12,9,1,64266,7933.3332,7060,2720,1696,8320,580
3,7,1,1,4,34,2,5,16,5,1,26503,6760,11000,3960,2480,10096,1408
4,4,2,1,2,56,2,1,16,9,1,145487.6,7973.3332,7873.6668,1417.3332,2280,800,736
3,2,2,1,1,32,2,1,15,9,1,97500,7733.3332,26238.6668,76548,2696,20453.3328,3564
1,3,2,1,1,45,2,1,16,9,1,64435,3101.3332,5868,1764,1904,14880,800
3,3,1,1,1,39,1,1,14,8,1,49509,9620,16648,3060,4284,21408,2916
2,2,1,1,4,35,1,1,15,9,1,100942,4160,20544,6408,2220,10880,1080
4,3,2,1,1,56,1,1,15,9,1,69098,13260,22540,2536,3136,117152,1700
1,2,2,1,1,40,1,1,12,9,1,65371.8,9598.6668,11878.6668,2288,3888,27733.3328,1112
3,3,2,2,4,39,2,1,12,8,1,55776,11440,17496,3600,6696,28080,1740
2,3,2,1,4,32,2,1,15,8,1,62251,10280,13520,50380,5220,22560,2120
4,3,2,1,4,44,1,1,15,9,1,170390.6,11200,22052,11036,3460,12800,5712
3,2,2,1,1,36,1,1,14,9,1,89576,9360,15196,4040,5352,10400,2304
4,2,1,1,1,31,1,1,16,9,1,78083,6240,24276,1012,3652,13424,792
4,3,2,1,1,46,2,1,13,9,1,76916,5200,13232,4180,1716,22048,5632
1,3,2,1,4,49,1,1,14,8,1,60176,6586.6668,9780,1994.6668,2008,46933.3328,2196
4,2,2,1,1,40,2,1,16,9,1,144633,2080,20461.3332,4933.3332,840,3920,600
4,3,2,1,1,40,1,1,12,9,1,113883,12120,33320,10032,6012,22560,4712
2,2,2,1,4,32,2,1,15,9,1,126562,4680,18836,3194.6668,2256,9792,824
4,2,2,1,4,30,2,1,15,9,1,112359,6586.6668,10880,2552,1920,84416,2284
1,7,1,1,2,43,2,1,12,8,1,59291.2,9220,20400,7288,7948,9792,1912
1,3,2,1,1,49,1,1,12,9,1,82784.6,3900,23096,8568,4220,4800,2320
4,2,2,1,1,30,1,1,14,9,1,119120,2166.6668,17668,2197.3332,1844,13418.6672,540
3,3,1,1,2,51,1,1,12,5,1,31695.8,5893.3332,3841.3332,3256,1844,2080,640
4,9,1,1,4,41,2,3,13,6,1,40181,10380,16476,3080,1460,2368,1816
1,3,2,1,4,45,1,1,15,9,1,108385.2,12808,11132,5684,7760,17472,2760
3,3,2,1,4,38,1,1,11,5,1,31026.2,2773.3332,8080,1120,2400,2773.3328,640
4,2,1,1,4,37,1,1,13,9,1,65534,14733.3332,14020,3000,2100,19168,364
4,3,2,1,4,44,2,1,15,9,1,78066,3029.3332,6696,1040,1216,3520,492
3,2,2,2,1,31,1,1,13,9,1,83694,11260,17024,210016,5420,57440,2516
3,3,2,1,4,28,2,1,12,7,1,44406,2141.3332,4584,240,940,7360,600
3,5,2,1,2,62,1,1,13,9,1,76985,5893.3332,2086.6668,5300,1560,5909.3328,1160
3,3,2,1,1,42,1,1,13,9,1,88233,4680,28072,7332,6224,83632,1268
1,3,2,1,1,53,1,1,15,8,1,52669,5200,24272,6584,9704,7040,1864
3,2,2,1,4,30,2,1,15,9,1,88690,6340,14580,3820,3480,11776,2108
3,2,1,1,1,28,1,1,15,8,1,61922,7540,15576,4412,3800,720,1560
4,3,1,1,1,39,1,1,15,9,1,62252,9388,18980,7680,5040,18400,13900
2,2,2,1,4,38,1,1,12,8,1,48036.4,2600,8232,573.3332,1992,4965.3328,400
4,3,2,1,1,51,1,1,15,9,1,133497,7840,20392,10972,8268,13792,1828
3,3,2,1,1,43,1,1,12,9,1,66387.6,5360,14734.6668,3380,3152,15680,12816
3,3,2,1,1,43,1,1,16,9,1,76581,4178.6668,6130.6668,1792,2104,4016,1064
3,3,2,1,1,39,2,1,13,9,1,214489,11120,50920,9728,5112,2784,1756
2,3,2,1,1,42,1,1,15,9,1,161488,10846.6668,27948,15800,4988,10880,4104
3,2,1,1,1,32,1,1,15,8,1,52794.4,6500,17472,3544,3960,26288,1380
3,2,2,1,1,30,2,1,16,8,1,61482.6,2969.3332,10236,3916,1740,16800,556
3,2,2,1,1,37,2,1,15,9,1,150585,5113.3332,15481.3332,400,1892,8000,508
1,3,2,1,1,45,1,1,16,9,1,114311.8,9752,38196,9552,10656,28000,2496
3,9,1,1,1,48,1,3,13,8,1,48265,6378.6668,12334.6668,1953.3332,3332,3200,728
2,2,2,1,1,32,2,1,16,9,1,78687,7280,21916,88188,3680,3520,920
2,2,2,1,1,37,1,1,13,9,1,117537,2946.6668,9665.3332,828,1480,1909.3328,160
3,3,2,1,1,41,1,1,16,9,1,83688,7914.6668,12846.6668,3220,4568,11356.8,1252
4,3,2,1,4,30,2,1,13,8,1,49645,3206.6668,5866.6668,2066.6668,560,4000,132
3,3,2,1,4,39,1,1,13,1,1,1950,2860,12264,2828,4664,7040,816
2,3,2,1,1,44,2,1,16,8,1,57593.2,4066.6668,8198.6668,1624,3232,13200,980
4,3,2,1,4,36,1,1,15,9,1,125191,3120,6348,806.6668,748,9893.3328,1032
3,3,2,1,1,43,1,1,14,1,1,1410,2133.3332,5784,1609.3332,1400,8649.0672,396
3,3,2,1,1,43,1,1,16,9,1,146232,11826.6668,22586.6668,13192,3532,25600,5120
2,9,1,1,4,58,2,1,11,6,1,32623,3589.3332,10192,1320,2800,3466.6672,1048
1,3,1,1,4,53,1,1,10,5,1,25459,9800,41868,4624,2760,240,1676
3,3,2,1,1,46,1,1,14,9,1,94469,10660,14136,10468,6980,25536,840
3,2,2,1,1,28,1,1,16,9,1,142146,7432,28000,2301.3332,2840,12581.3328,3052
3,3,2,2,1,32,1,1,13,9,1,71794,13340,23816,3452,7060,13744,232
1,2,2,1,1,39,1,1,15,9,1,126665,6073.3332,14544,8980,1820,13093.3328,2896
1,3,2,1,1,49,1,1,15,9,1,118649,5200,19881.3332,6250.6668,4352,11360,5060
3,2,2,1,1,30,1,1,13,8,1,64936,1560,7477.3332,997.3332,1900,7973.3328,1152
4,2,2,1,1,29,2,1,12,9,1,74017,2340,9614,572,1620,5328,1616
1,2,2,1,1,40,2,1,12,9,1,74056.4,2969.3332,5762.6668,836,2024,3280,436
3,7,1,1,1,46,2,3,13,9,1,61514,3426.6668,6736,1400,3480,1386.6672,1272
2,3,2,1,1,44,2,1,12,9,1,88892,2253.3332,7009.3332,1328,1760,5120,200
1,3,2,1,1,55,2,1,15,9,1,102428.2,6240,21690,4600,7980,15984,2664
3,7,1,1,4,40,2,5,13,8,1,51675,5000,14932,1292,4076,1200,1472
4,3,2,1,4,36,2,1,13,8,1,58119,8320,17852,18924,5352,8992,1440
1,3,2,1,4,51,1,1,16,9,1,67697.6,3466.6668,13736,6988,3152,352,336
4,3,2,1,4,34,2,1,14,9,1,85913,7540,15468,2384,1468,19680,1164
3,2,2,2,2,36,2,1,15,6,1,33394,8476,11896,5736,3976,1360,928
3,2,1,1,4,27,1,1,13,7,1,43914,5520,9964,3744,2284,36298.6672,944
2,2,2,1,1,38,1,1,16,9,1,142756,4593.3332,5632,5600,928,13920,1792
1,3,2,1,1,43,2,1,12,9,1,76715,8220,30940,4428,6648,13264,2496
2,2,1,1,1,39,1,1,12,4,1,19264,7280,7140,460,3280,5200,600
3,5,2,1,4,45,2,1,13,8,1,58581,4236,8900,4188,4316,31472,2612
4,3,2,1,4,41,2,1,14,9,1,94506.4,5546.6668,2248,1960,460,4800,2600
3,3,2,1,2,59,1,1,16,9,1,149339,5200,3982.6668,2000,1040,26080,1712
4,2,2,1,4,43,2,1,15,9,1,65229,4680,9360,6168,2720,21813.3328,64
3,3,2,1,1,44,1,1,12,9,1,85449.4,4093.3332,1836.6668,2033.3332,820,7072,400
3,2,2,1,1,40,1,1,15,9,1,110248,8666.6668,21614.6668,5608,3760,10992,840
3,2,1,1,1,28,1,1,12,7,1,42820.2,9620,10696,4344,4036,1920,720
4,2,2,1,4,31,2,1,15,9,1,122184,13220,37768,12976,3036,7632,11192
3,2,2,1,4,31,1,1,12,6,1,33662,4680,11776,2993.3332,2080,9600,200
1,2,2,1,1,30,1,1,16,9,1,182763,5546.6668,27132,1960,3580,41600,928
4,2,1,1,1,43,1,1,14,9,1,93313.4,6933.3332,12429.3332,6200,2464,6202.6672,1000
3,3,2,1,1,48,1,1,15,9,1,145804,3118.6668,11974.6668,2042.6668,2500,9728,2684
2,3,2,1,1,32,2,1,15,9,1,75394,8292,17796,93452,5812,54944,2600
2,3,1,1,1,44,1,1,15,8,1,52998,5200,12144,2328,3552,10624,1200
4,2,2,1,1,33,1,1,11,9,1,67230,9420,20444,4200,3760,14400,2216
3,2,1,1,1,38,1,1,15,8,1,55894.2,2513.3332,9317.3332,4792,1356,8320,1660
4,3,1,1,1,47,1,1,14,9,1,90145,5600,15066.6668,4380,2572,25600,3096
3,2,2,1,1,33,2,1,15,9,1,68705,3553.3332,6876,132700,1260,15893.3328,524
3,3,2,1,1,44,1,1,11,8,1,59900,5410.6668,9450.6668,2540,2456,4640,648
1,3,2,1,4,31,1,1,14,7,1,44928,4824,14468,2048,1864,13136,2176
4,2,2,1,1,36,2,1,15,9,1,82514.8,6573.3332,34001.3332,5340,1592,8960,8080
3,2,2,1,1,27,1,1,13,9,1,111676,10400,24228,7392,5080,26320,1128
2,2,2,2,1,35,1,1,12,9,1,65044,6760,8580,4680,5400,10400,1200
3,2,2,1,1,43,2,1,16,8,1,53246,7706.6668,12810.6668,2393.3332,4580,31360,2272
1,3,2,1,4,55,1,1,12,8,1,55777,5200,16452,2140,2552,2976,460
4,3,2,1,2,52,1,1,13,8,1,47120.8,6413.3332,5040,2092,3200,320,1000
4,2,2,1,1,34,1,1,15,8,1,61536.6,8468,23836,1280,3012,27280,720
2,3,2,1,1,36,1,1,14,9,1,94130.2,6933.3332,21157.3332,1076,2360,14400,2300
3,2,1,1,4,33,1,1,13,7,1,39966,1733.3332,5880,400,1000,4506.6672,864
3,9,1,1,4,30,1,3,13,9,1,72769,5200,13200,6360,4480,5760,1280
3,5,2,1,1,37,2,1,16,9,1,108886,4680,25644,4980,4684,18432,4692
3,2,2,1,1,27,2,1,13,3,1,16273,1820,3081.3332,800,1584,1152,100
4,2,2,1,1,32,1,1,13,9,1,152075,12133.3332,126109.3332,9389.3332,2608,18896,3516
1,3,2,1,1,57,2,1,13,8,1,60969,1733.3332,4210.6668,2580,1360,3072,416
2,3,2,1,1,32,2,1,12,8,1,59421,2253.3332,5867.3332,2630.6668,1860,5013.3328,360
4,2,2,2,1,38,1,1,15,9,1,85321,2513.3332,6336,2532,1396,10880,464
4,3,2,1,4,63,1,1,15,9,1,121421,3033.3332,10112,1268,1820,10736,648
3,2,2,1,1,34,2,1,16,9,1,116053,2426.6668,12440,2392,1644,3200,1820
3,2,2,1,1,32,2,1,16,9,1,90688,6876,26404,3828,5180,28944,3704
3,3,2,1,1,57,2,1,16,9,1,109675,15220,29788,9404,12128,36080,8724
3,3,2,1,1,50,1,1,15,9,1,97606.6,8557.3332,12766.6668,7450.6668,5060,17440,1120
4,3,2,1,1,45,2,1,15,9,1,125669.2,14560,31680,25320,6432,14400,2496
1,3,2,1,4,40,2,1,12,1,1,6140.2,1820,16764,2920,6252,1584,180
4,3,2,1,4,43,1,1,13,9,1,94886,6480,16784,2888,3360,33418.6672,840
4,2,2,1,4,29,1,1,15,9,1,92960,10400,31624,115320,3092,4352,456
3,2,1,1,1,33,1,1,13,9,1,73386,3813.3332,14114.6668,12950.6668,2640,7680,2000
3,3,2,1,4,28,1,1,13,8,1,64201.4,10140,9960,5964,3592,20096,2224
3,2,2,2,1,29,2,1,14,9,1,65501.4,7000,9382.6668,4564,2876,12800,1040
2,2,2,1,1,31,2,1,15,9,1,80288,2946.6668,6358,748,1124,2880,564
4,2,1,1,4,30,2,1,15,8,1,47994,2860,16120,4656,3744,4320,500
1,3,2,1,1,57,2,1,16,9,1,168265,3813.3332,15280.3332,826.6668,2900,8800,156
3,2,2,1,4,36,1,1,13,9,1,72852.8,13260,25940,2900,8144,21360,15760
3,3,2,1,1,48,2,1,15,9,1,141949.4,3521.3332,8329.3332,1592,1436,7728,2200
2,2,2,1,1,37,1,1,15,9,1,100664,11700,20808,3536,8692,22240,2724
1,3,2,1,1,46,1,1,15,9,1,80566,7564,13164,6520,3020,36944,1236
1,2,2,1,2,31,2,1,15,9,1,90411.6,520,3181.3332,2216,660,4160,1920
4,2,2,1,1,32,1,1,13,9,1,84145,1733.3332,9300,2860,2728,6933.3328,200
4,3,2,1,1,50,2,1,14,9,1,78551.6,3120,10514.6668,35304,1960,3466.6672,328
2,3,2,1,1,49,1,1,15,9,1,112916.8,5546.6668,17009.6668,1440,2556,3840,440
3,3,2,1,1,44,2,1,16,9,1,108995,7280,14357.3332,6400,3740,10240,800
4,2,2,1,1,38,2,1,15,9,1,134147.6,2166.6668,10877.3332,480,1360,3840,892
1,2,2,1,4,31,1,1,12,7,1,40617,7626.6668,12920,2820,1892,5333.3328,80
1,9,1,1,4,37,2,5,12,6,1,34142.4,4160,8996,3432,2008,6400,1932
3,2,2,1,1,37,1,1,15,8,1,62107,6933.3332,9181.3332,4296,2648,1920,1664
3,3,2,1,1,46,2,1,16,9,1,167186.6,8920,72564,7504,6360,45632,2944
3,3,2,1,1,32,2,1,15,8,1,60170,5760,26140,3796,5128,16560,1824
2,3,2,1,2,57,1,1,16,9,1,133096,2253.3332,5850.6668,17994.6668,2792,104192,724
4,3,2,1,2,60,1,1,16,9,1,149561,10968,17040,20484,3372,40000,4540
1,7,1,1,1,45,2,3,12,8,1,58146,8320,19992,2760,8560,24640,2444
3,2,2,1,1,36,1,1,15,9,1,130078,5286.6668,9901.3332,126046.6668,884,6965.3328,2160
3,6,1,1,1,44,1,3,12,9,1,63642,4160,10536,1600,1820,30933.3328,476
4,2,2,1,1,35,2,1,16,9,1,112549.6,3293.3332,11992,1236,440,5440,708
3,3,2,1,1,42,1,1,15,9,1,118673.6,4232,16984,2318.6668,2996,23392,8072
3,2,2,1,4,31,1,1,16,9,1,192545,11700,60864,133544,3888,74000,2316
3,2,2,1,2,39,2,1,12,8,1,58206,1040,1468,2032,1028,320,912
3,3,2,1,2,49,2,1,15,9,1,151044,13748,16520,7440,5280,3744,2836
2,2,2,1,1,30,2,1,15,9,1,84390,9100,33452,108500,5444,27488,492
4,9,1,1,4,37,2,5,12,7,1,45683,8580,19460,3396,1880,11435.2,1560
2,2,1,1,1,31,1,1,15,7,1,46023,2166.6668,3968,720,1148,17333.3328,92
1,3,2,2,2,55,2,1,12,7,1,44965.6,3033.3332,2252,640,2072,6768,400
3,2,1,1,4,36,1,1,11,3,1,15714,4940,9568,4248,2152,3200,200
1,3,2,1,4,38,1,1,12,9,1,108420.8,3098.6668,6148,3400,2048,7925.3328,84
4,3,2,1,1,31,1,1,12,8,1,48010,2213.3332,3777.3332,3032,1600,12186.6672,120
3,3,2,2,1,52,2,1,14,9,1,85277.8,6800,12038.6668,2364,2868,11082.6672,780
4,2,2,1,4,35,2,1,15,9,1,67863.8,6226.6668,19129.3332,4694.6668,3472,1760,1648
2,2,2,1,2,39,1,1,16,9,1,109397,2080,4540,62873.3332,920,8880,112
3,3,2,1,4,35,2,1,13,9,1,110903.8,3080,7940,3624,1024,13104,2280
3,3,1,1,2,38,1,1,14,8,1,59147,8997.3332,6684,9289.3332,2581.3332,13024,1672
2,2,2,1,1,34,1,1,15,9,1,104573.6,3320,7966.6668,2533.3332,1416,6976,2060
3,3,2,1,1,43,1,1,13,9,1,92117,9360,17844,2000,2800,5760,960
4,2,1,1,1,30,1,1,15,9,1,96289.8,16436,25372,23776,2500,17280,7100
4,3,2,1,1,47,1,1,16,9,1,157172,10400,17512,2272,1972,40064,2060
3,3,2,1,1,43,1,1,15,9,1,85015.8,2426.6668,3669.3332,2132,792,29904,264
1,3,2,1,4,45,1,1,15,9,1,84772,4613.3332,15968,1932,3648,8544,1976
4,2,2,1,4,33,1,1,13,9,1,72275,8060,29880,5384,2292,12320,2084
3,2,1,1,1,46,1,1,15,9,1,102582.6,4680,16132,3648,2764,10396.8,640
4,3,2,1,4,39,1,1,11,6,1,37460,884,2772,817.3332,492,4048,256
3,2,2,1,4,34,1,1,13,6,1,38997,5360,15528,4012,4492,43616,1780
4,2,2,1,4,33,2,1,15,9,1,129383.2,5200,11138.6668,3840,960,27680,824
2,3,2,1,1,59,1,1,13,9,1,80766,2946.6668,5188,704,1892,116586.6672,516
1,2,2,1,1,29,1,1,15,9,1,103373,6240,18444,6848,6364,24960,2900
2,3,2,1,4,52,1,1,15,9,1,92866.8,6280,9652,4440,2692,26400,9448
3,2,1,1,4,35,1,1,15,7,1,48678,2426.6668,6060,1520,540,832,112
4,3,2,1,1,50,1,1,15,9,1,81946,6264,27508,2716,3564,21296,840
3,2,1,1,1,37,1,1,13,8,1,48204,2721.3332,5884,772,2340,160,68
4,2,2,1,1,48,1,1,12,7,1,43844.6,3293.3332,7289.3332,2960,1096,1616,2384
2,2,2,1,1,39,1,1,15,8,1,55719,6500,25152,6716,6720,49600,940
1,3,2,1,4,33,1,1,12,9,1,63598,1646.6668,6464,4054.6668,2588,3226.6672,708
1,2,2,1,1,31,2,1,12,8,1,59209,10400,30060,7832,6920,23040,2920
4,3,1,2,1,58,1,1,12,6,1,36980,8580,10376,4232,2620,92464,792
3,2,2,1,4,28,2,1,13,9,1,83691,2186.6668,6844,10448,980,4933.3328,688
3,3,2,1,1,45,1,1,15,9,1,125586,6796,23076,4400,6024,28080,1992
3,2,2,1,2,31,1,1,14,8,1,53783.6,6933.3332,6184,2910.6668,2100,11445.3328,1536
3,2,2,1,1,28,2,1,15,9,1,123678,7800,27844,5393.3332,3840,6400,2688
3,3,2,1,1,44,1,1,13,9,1,70244,3720,4974.6668,2817.3332,1644,18949.3328,944
3,2,2,1,1,38,1,1,14,9,1,103634,7280,19040,2860,3784,23360,2280
3,3,1,1,4,45,2,1,13,8,1,53468,6066.6668,9244,4556,2444,37874.1328,480
1,2,2,1,1,33,1,1,16,9,1,99220.8,2600,6606.6668,1553.3332,1172,5520,220
4,4,2,1,1,50,2,1,16,9,1,67852,5373.3332,12986.6668,7624,6096,8480,928
3,4,2,1,1,39,2,1,14,9,1,92373,15700,8957.3332,10056,3120,40960,2888
4,5,2,1,1,29,2,1,13,8,1,54803,1213.3332,6242.6668,55676,1204,6293.3328,308
4,4,2,1,4,40,2,1,16,9,1,175361,10400,35880,13296,8464,157248,1012
3,4,2,1,1,37,2,1,13,8,1,53594,13340,13300,3488,5980,18480,2156
3,5,2,1,2,51,2,1,12,9,1,119092.4,10340,18440,14172,9680,59035.2,8216
3,9,1,1,4,34,1,5,12,6,1,34882,2080,3772,768,992,5061.3328,2600
4,4,1,1,4,40,1,1,12,8,1,55832,3120,8260,2040,2088,6400,600
3,4,1,1,1,50,1,1,16,9,1,121272,3206.6668,15649.3332,1432,1612,3648,752
4,4,2,1,1,38,1,1,11,8,1,60920,3386.6668,4856,4180,2220,6938.6672,1600
3,7,1,1,2,50,2,3,15,6,1,37108,1300,3670.6668,1032,2024,832,480
2,4,2,1,1,43,1,1,14,9,1,90953,10746.6668,21756,6116,2720,8960,2400
2,4,2,1,1,49,1,1,16,9,1,133560.4,22300,27196,73212,9028,19040,5912
2,4,2,1,1,44,1,1,14,9,1,75459,9333.3332,11710.6668,3656,4648,25648,3640
4,4,2,2,1,38,2,1,10,8,1,51905,18474.6668,7049.3332,2600,2060,10400,728
1,4,2,1,1,51,2,1,15,8,1,62528,1126.6668,8562.6668,720,1586.6668,13866.6672,600
3,4,2,1,2,45,2,1,11,8,1,50821,6933.3332,5490.6668,4092,4604,18876.8,696
3,5,2,2,2,33,2,1,13,7,1,51048,7540,20348,4988,7116,12955.2,3640
1,5,2,1,4,31,1,1,16,9,1,138009,9464,19868,3836,2624,12907.2,1176
4,4,2,2,1,47,1,1,12,9,1,68319.4,4333.3332,2879.3332,2200,968,17200,92
1,5,2,1,1,55,1,1,13,9,1,131874,15080,24780,2240,10056,149120,2840
3,5,2,1,2,45,1,1,15,9,1,118832,14612,17080,1272,2444,67296,4788
1,3,1,1,4,39,1,1,10,6,1,39344,1820,5428,901.3332,1128,6014.4,280
2,3,2,1,4,31,2,1,14,9,1,102126,7120,22580,4976,3636,19440,164
2,3,2,1,4,50,1,1,14,8,1,61246,3038.6668,3640,2308,1040,9136,440
2,3,2,1,1,41,2,1,12,9,1,75107.4,2562.6668,10114.6668,103672,1160,1733.3328,32
4,3,1,1,4,44,1,1,12,7,1,48472,5980,12952,9544,3120,17680,1496
3,2,1,1,1,27,1,1,13,9,1,67388,13000,20200,7508,4584,20912,1488
1,3,2,1,1,46,1,1,16,9,1,164742,8452,38992,9720,7888,40480,2356
2,3,2,1,1,38,2,1,15,9,1,92120,10400,23116,93468,5708,30112,8180
2,2,1,1,4,33,1,1,16,9,1,88505,10972,52864,2896,5292,44416,964
4,2,2,1,4,32,1,1,15,9,1,67601,6672,9500,10832,1044,2720,4260
2,3,2,1,1,34,2,1,15,9,1,112381.8,12740,20556,2400,7900,10400,2920
1,3,2,1,2,48,2,1,15,9,1,86897,5194.6668,15915.3332,3116,4748,8778.6672,2724
2,3,2,1,4,37,2,1,12,6,1,42382,23600,12664,7760,1268,6155.2,4464
3,3,2,1,1,39,2,1,16,9,1,72938.8,5682.6668,11412,2232,3172,21770.6672,2352
4,3,1,1,1,45,1,1,16,9,1,116080,5200,34408,4760,2280,28245.3328,1908
3,3,2,1,1,31,1,1,16,9,1,125346,8320,18541.3332,2661.3332,2120,11520,2792
4,2,2,1,1,27,1,1,13,6,1,37334,3986.6668,12696,3120,2400,7168,1480
3,3,2,1,1,42,1,1,15,9,1,92285.6,1386.6668,7058.6668,1000,1388,6192,460
4,2,2,1,1,27,1,1,13,9,1,91947,1820,6009.3332,1024,1568,2368,64
4,3,2,1,4,48,1,1,13,9,1,93063,2426.6668,2952,10500,640,8576,1512
3,2,2,1,1,34,1,1,13,9,1,143864,8684,50072,229288,5040,24000,5080
2,3,2,2,4,35,1,1,14,9,1,123168,4266.6668,7468,1600,2140,17152,960
4,3,2,2,1,34,2,1,13,9,1,114211,4852,12425.3332,7000,3300,10362.6672,1324
3,9,1,1,1,28,1,5,12,5,1,31766,4836,11554,3088,4468,672,1332
4,3,2,1,4,46,1,1,13,9,1,106129,13300,27756,9316,4368,20768,5228
4,2,2,1,1,32,2,1,15,9,1,110750.6,8666.6668,21377.3332,11368,3284,34896,2528
1,3,2,1,1,36,2,1,11,6,1,39155.8,3137.3332,9321.3332,3824,2012,3466.6672,600
2,2,1,2,1,27,1,1,10,7,1,42912,3640,33552,900,720,9840,3200
3,3,1,1,4,38,1,1,12,8,1,55534,3764,5484,2689.3332,1084,2768,1456
1,3,2,1,1,40,2,1,15,9,1,81356,5600,9945.3332,1512,3296,400,1824
4,3,1,1,4,40,1,1,11,5,1,30040,4680,14808,2804,2028,16,348
2,2,2,1,1,27,1,1,15,9,1,75927.8,7540,26136,3512,3780,42480,2172
1,3,2,1,1,35,1,1,13,9,1,89550,12200,26796,7200,6188,23744,9208
3,5,2,1,1,51,1,1,15,9,1,69704.4,23904,29852,5532,7680,31200,2280
1,3,2,1,1,42,2,1,16,9,1,223801,12374.6668,54130.6668,16064,10780,8800,7548
3,3,2,2,1,31,1,1,12,8,1,57953.4,9476,16828,3236,4716,10416,936
1,3,2,1,1,46,1,1,15,9,1,228157,13333.3332,20108,15786.6668,2196,12000,3096
3,2,2,1,1,35,1,1,15,9,1,71910,3033.3332,7362.6668,600,1260,1360,404
3,3,2,1,1,43,2,1,15,9,1,104200.8,3033.3332,31989.3332,1528,1356,4400,1500
3,3,2,2,1,43,1,1,15,9,1,123210,10320,16788,10444,9080,19200,4588
4,3,2,1,4,37,2,1,12,9,1,69792.6,8840,24716,16116,5040,10400,3272
1,3,2,1,1,45,2,1,15,9,1,121384.6,3640,12061.3332,80724,1912,17957.3328,1044
1,3,2,1,1,42,1,1,15,9,1,82670,5856,18328,2464,5856,18240,1180
3,3,2,1,1,34,2,1,15,8,1,52112.4,9492,17256,6636,6760,12784,1376
2,3,1,1,1,34,1,1,16,9,1,92088,7956,21196,8296,4924,15456,920
3,3,2,1,1,46,2,1,15,9,1,110909.6,8666.6668,8834.6668,8368,2960,7696,2208
2,3,2,1,1,43,2,1,14,9,1,142998.6,2478.6668,9009.3332,2200,2324,9845.3328,360
1,3,2,1,1,49,2,1,13,9,1,113695,6100,33988,9000,9380,29616,2416
3,2,2,1,1,28,1,1,14,9,1,93618.8,3900,7050.6668,1588,1000,5600,336
3,3,2,1,1,44,1,1,16,9,1,179538,2084,10378.6668,460,1592,1600,1436
2,3,2,1,1,34,2,1,12,9,1,66474.2,9112,10780,6784,4040,1200,2300
2,3,2,1,1,33,2,1,12,8,1,58538,10140,10932,4876,5580,28192,1296
4,2,2,1,1,35,2,1,13,8,1,56793,2426.6668,10334.6668,1828,2984,11168,800
3,3,2,1,4,38,1,1,13,9,1,68291,5480,8760,10442.6668,1960,5130.6672,5256
1,2,2,1,1,33,2,1,12,9,1,93330,4853.3332,19736,4168,3008,11520,320
3,3,2,1,1,30,1,1,13,9,1,87477.6,5360,28426.6668,4293.3332,3088,30090.6672,1268
4,3,2,1,1,43,1,1,13,9,1,143246.2,9536,30136,2772,1360,39456,800
3,3,1,1,1,56,1,1,15,9,1,145818,8760,44954.6668,14926.6668,6820,51200,3612
4,3,1,1,1,28,2,1,15,7,1,48056,11636,26848,1972,5932,11520,3216
4,9,1,1,4,31,2,4,12,5,1,31038,3640,17788,4004,2844,4704,1056
4,2,2,1,1,36,2,1,15,9,1,91980,10508,9928,2840,4912,5280,260
2,3,1,1,1,44,1,1,15,8,1,56342,2665.3332,7328,800,1360,8000,400
3,3,2,1,1,35,2,1,11,9,1,68355.2,2773.3332,7988,1256,2480,12832,64
2,3,2,1,1,34,1,1,11,9,1,76155.2,7626.6668,16881.3332,3556,3460,7573.3328,320
3,3,2,1,1,31,1,1,14,9,1,79820,17832,31696,6096,5852,52192,2860
1,2,2,1,2,36,2,1,15,9,1,94954.4,7626.6668,28599.3332,4792,3956,18880,776
3,3,2,1,1,59,1,1,16,9,1,147578,10533.3332,19644,8821.3332,3760,7520,8720
3,3,2,1,4,46,1,1,15,9,1,76781,14020,37040,8920,4680,34240,4664
4,3,2,1,4,34,1,1,14,9,1,86789,15600,41508,6256,2400,720,3416
4,2,2,1,1,29,2,1,15,8,1,64900,1733.3332,12214.6668,2268,1440,576,536
2,3,2,1,1,36,1,1,14,9,1,71177,2913.3332,6026.6668,2076,848,2240,80
3,3,2,1,1,48,1,1,13,9,1,89348.2,7837.3332,15080,5505.3332,2800,11520,3349.3332
1,3,2,1,1,43,1,1,13,9,1,107221.2,7800,16648,1132,4160,29280,768
3,3,2,1,2,40,1,1,15,9,1,69862.6,13173.3332,12173.3332,2612,6116,45376,4360
4,3,2,1,2,39,2,1,14,9,1,72752.8,5106.6668,3466.6668,1624,1920,13360,800
4,3,2,1,1,40,2,1,15,9,1,176095.8,15940,26688,14208,5768,31920,2472
3,3,2,1,2,40,1,1,13,9,1,72498,16200,11408,7096,4224,14000,6748
1,3,2,1,1,35,1,1,11,9,1,99863.8,4506.6668,12468,1288,2504,4800,840
3,3,2,1,4,37,2,1,12,7,1,41263.2,11840,19896,3160,8976,13920,1560
3,3,2,1,1,44,2,1,13,9,1,122491,2686.6668,5012,400,1900,3680,464
2,3,2,1,1,38,2,1,15,9,1,139307,3373.3332,11160,1789.3332,1088,5445.3328,500
4,2,1,1,1,40,1,1,15,8,1,56368,2600,12708,720,2880,2634.6672,6136
4,3,2,2,1,32,1,1,13,8,1,58704,7004,19876,92752,3780,14400,4596
3,3,2,1,1,48,2,1,16,9,1,134630.8,14660,27388,99276,6876,24816,3648
4,3,2,1,1,45,1,1,15,9,1,109662.4,3346.6668,14501.3332,2840,1984,2224,424
2,2,2,1,4,36,1,1,13,9,1,187576,12276,78196,11632,8472,960,2436
2,3,1,1,1,47,1,1,12,7,1,46882,5402.6668,10236,2994.6668,5280,12160,560
1,3,2,1,1,52,2,1,15,9,1,131869,8285.3332,14974.6668,31166.6668,6388,12112,4904
3,2,2,1,1,33,2,1,15,9,1,103942,3466.6668,13125.3332,1389.3332,1328,7872,1196
2,2,2,1,4,34,1,1,16,9,1,106452,8506.6668,27368,4540,3000,224,1532
3,3,2,1,4,47,1,1,11,9,1,85034,4640,10840,3709.3332,3920,12453.3328,1232
3,3,1,1,2,36,2,1,13,1,1,4244.8,4720,2757.3332,3460,1893.3332,16106.6672,2640
4,3,2,1,4,35,2,1,15,8,1,61417,11820,17572,51988,4500,15456,1228
3,3,2,1,1,45,2,1,14,9,1,150642,14277.3332,70318.6668,4108,4504,32400,3988
1,3,2,1,1,46,1,1,15,9,1,93660,23060,19628,5000,6988,65280,6132
2,2,2,1,1,30,2,1,14,9,1,71429,1040,4664,1452,1244,9520,2920
3,9,1,1,1,43,2,3,15,8,1,50019,9620,22592,2856,5272,7440,1948
3,2,2,1,1,38,1,1,13,9,1,63812.4,5720,11004,1937.3332,2660,18560,4632
2,9,1,1,4,35,1,3,12,7,1,45500,26000,12132,10484,4092,19040,1296
1,3,2,1,4,41,1,1,14,9,1,159393,9620,29528,13520,3416,8976,3164
2,3,2,1,1,38,1,1,15,9,1,101906.2,18612,39652,15604,5768,38016,7408
1,3,2,2,1,46,1,1,12,9,1,110744,17984,22364,9716,3180,8656,5188
2,2,2,1,1,45,1,1,16,9,1,106188.4,9360,24884,6072,5144,6000,2160
3,3,2,1,1,43,2,1,16,9,1,157229,5240,9765.3332,1246.6668,1996,24565.3328,4004
2,3,2,1,1,41,1,1,15,9,1,112099,3120,8217.3332,4888,1644,11088,516
4,3,1,1,4,36,1,1,12,8,1,57231,12660,8864,6228,1080,19184,2520
3,2,1,1,1,34,1,1,15,9,1,114134,5460,53544,4300,6844,23600,3268
3,3,2,1,1,41,1,1,12,9,1,131484.2,4333.3332,5628,3390.6668,2440,12933.3328,464
4,2,2,1,1,34,2,1,15,9,1,103492.8,8946.6668,19325.3332,1906.6668,3880,16000,464
3,3,2,1,1,42,2,1,12,8,1,49594,1546.6668,3706.6668,800,1440,8000,240
1,3,2,1,1,31,1,1,12,9,1,66584.8,2982.6668,8244,933.3332,1440,1920,720
3,2,2,1,1,32,1,1,16,9,1,117803,7280,21065.3332,13636,4408,17440,3760
2,3,2,1,2,44,2,1,15,9,1,170518.2,5446.6668,2940,3548,1920,6240,3740
4,3,2,1,1,52,2,1,16,9,1,161640.6,4421.3332,15373.3332,1736,908,10752,2900
3,2,2,2,1,30,2,1,14,9,1,70831,9360,15172,139904,3336,23088,3696
3,3,2,1,1,37,2,1,13,8,1,53763.6,8320,13814.6668,15684,4008,12800,1672
4,2,2,1,1,33,2,1,15,9,1,84590.6,7800,26504,9108,3384,28800,1536
2,3,1,1,1,38,1,1,15,9,1,108352,12672,34812,9312,3300,8032,4292
1,2,1,1,4,32,1,1,16,4,1,26925,7280,12112,1746.6668,2280,2400,408
3,2,1,1,1,35,1,1,16,9,1,104888,4020,13937.3332,4698.6668,1429.3332,24000,380
2,3,1,1,4,48,1,1,16,4,1,23344,5200,15428,33160,3600,16896,468
3,3,2,1,1,47,1,1,15,9,1,158491,5026.6668,8588,4376,4296,9920,888
1,3,2,1,1,31,2,1,13,9,1,68249.6,7973.3332,13782.6668,6620,5412,2880,1008
3,2,2,1,1,31,1,1,14,9,1,94710,7800,29956,3624,6772,17680,6660
3,9,1,1,4,48,2,4,14,6,1,42646,4853.3332,16493.3332,600,4192,4640,1704
3,3,2,1,1,30,1,1,12,8,1,56660.4,6642.6668,17098.6668,772,4720,13664,1040
1,2,2,1,4,41,1,1,13,9,1,138894,9360,19104,960,4464,6720,1040
4,3,2,1,1,43,2,1,15,9,1,72651.4,7725.3332,14794.6668,38360,2752,27200,5536
4,2,2,1,1,35,1,1,15,9,1,90225,4789.3332,12828,36576,2192,12970.6672,4460
2,2,2,1,4,33,1,1,14,8,1,52183,8941.3332,12756,9049.3332,2700,21525.3328,1280
4,3,2,1,4,37,2,1,16,7,1,48588,4160,1872,2280,1572,1984,636
2,3,2,1,1,38,2,1,15,9,1,89562,4693.3332,10434.6668,160377.3332,3564,8645.3328,2752
3,3,2,1,1,41,1,1,15,9,1,81993,6970.6668,9880,1812,3160,12773.3328,1336
3,3,1,1,4,48,2,1,15,8,1,61762,4992,9924,2741.3332,2244,23269.3328,572
4,2,2,1,1,32,1,1,12,9,1,121960.6,14133.3332,37742.6668,20612,2284,800,3356
4,2,2,1,2,29,2,1,15,9,1,99711,1646.6668,2138.6668,1212,1000,2949.3328,200
2,2,2,1,1,36,2,1,16,9,1,118014.8,4460,31424,4940,3188,16960,2748
4,3,2,1,1,51,1,1,13,9,1,124956,19484,34824,27528,7400,11600,14720
3,3,1,1,1,38,1,1,16,9,1,69268.4,2773.3332,9132,800,2028,18560,400
1,3,2,1,1,33,2,1,12,8,1,64648.6,4402.6668,13282.6668,4468,4724,4400,884
2,3,2,1,1,29,2,1,15,9,1,105316,12768,20116,8520,3888,1040,18396
3,3,2,1,1,43,2,1,15,9,1,97805,2166.6668,2416,1628,1552,17333.3328,2244
1,3,2,1,1,40,1,1,15,9,1,93109.8,2966.6668,5777.3332,1264,820,3792,264
2,3,2,1,1,33,1,1,15,9,1,89513,2045.3332,6086.6668,2646.6668,1400,6933.3328,160
2,3,2,1,2,41,1,1,12,9,1,102458.8,2946.6668,3553.3332,1280,1728,9600,1160
1,3,2,1,1,52,2,1,15,9,1,109116.8,9180,11856,8240,4200,2080,720
3,3,2,2,1,35,1,1,15,9,1,109635,10880,24364,4896,6492,480,1152
3,3,2,1,1,52,1,1,15,9,1,93543,13600,15596,7884,5372,34080,3044
4,2,1,1,4,35,1,1,16,9,1,67149,13200,48576,7200,3648,960,8320
4,3,2,1,1,47,2,1,16,9,1,119109.2,4306.6668,16770.6668,1920,1600,1280,3460
2,3,2,1,1,49,1,1,12,9,1,114621,6794.6668,6372,2802.6668,4016,192,1016
3,3,2,1,1,34,1,1,15,9,1,165368,4046.6668,15252,1704,2112,8069.3328,408
1,3,2,1,1,53,2,1,16,9,1,90582.2,12093.3332,21064,6032,5064,52480,8792
1,3,2,1,1,35,1,1,16,9,1,90989.8,7760,19744,6412,5396,480,2560
4,3,2,1,1,45,1,1,12,9,1,73412,6146.6668,16470.6668,5176,4208,17813.3328,2120
4,3,1,1,1,49,1,1,15,9,1,71716,2946.6668,7733.3332,2416,2848,4474.6672,760
2,3,2,1,1,46,2,1,15,9,1,167485,15340,21904,8256,4184,27200,12308
2,2,2,1,1,46,1,1,13,9,1,103130,6693.3332,25452,4464,3112,13802.6672,2356
3,2,2,1,1,38,1,1,15,9,1,126283,8320,30886.6668,3732,3868,11093.3328,1008
4,3,1,1,1,35,1,1,15,8,1,51061,6560,11373.3332,4764,4560,23856,384
1,3,2,1,4,34,2,1,14,9,1,90057.6,10140,21208,19240,6048,2240,980
3,3,1,1,1,38,1,1,15,8,1,48976,10980,24104,3444,5796,20480,5468
3,3,2,1,1,56,1,1,13,8,1,57616.6,13800,22978,7900,7772,43072,4908
4,9,1,1,1,41,2,1,15,8,1,64674,8240,29304,4580,5168,14315.2,2252
3,3,2,1,1,44,1,1,15,9,1,82594,3120,3769.3332,444,1700,15600,800
3,3,2,1,4,35,1,1,14,9,1,76722,21736,29124,10888,4696,45680,12540
3,3,2,1,4,42,2,1,15,9,1,72168,6954.6668,12800,3612,3760,10880,1412
2,3,2,1,2,32,2,1,15,9,1,97366.4,2426.6668,7086.6668,980,1080,3200,92
2,3,2,1,1,38,2,1,16,9,1,130902.4,6240,14286.6668,2600,5068,16960,116
2,3,2,1,1,32,1,1,13,9,1,72639,3425.3332,8942.6668,6072,940,4800,516
1,3,2,1,1,52,1,1,16,6,1,41647.4,10880,39432,4656,15764,55696,3656
3,2,1,1,1,35,1,1,16,9,1,113934,3206.6668,3945.3332,2848,2148,20122.6672,620
4,3,2,1,1,33,1,1,12,9,1,80550.6,6784,11445.3332,1804,3920,11520,592
2,3,2,1,4,39,1,1,15,6,1,41644,4316,16444,3340,6004,800,2840
3,3,2,2,2,28,2,1,14,5,1,35224.4,3518.6668,3788,2190.6668,1288,4576,940
4,9,1,1,2,41,2,3,13,7,1,49602,6480,8808,5716,5180,16315.2,1656
3,3,2,1,1,37,2,1,14,9,1,100927,5720,21940,8400,8400,72000,1200
1,3,1,1,4,34,1,1,15,9,1,122568,10512,48468,20640,9060,44800,1200
1,2,2,1,1,37,2,1,16,9,1,143676,5200,17957.6668,5426.6668,1892,4426.6672,340
3,3,2,1,1,32,1,1,16,9,1,81736,3373.3332,4653.3332,1828,1492,560,32
2,3,2,1,1,38,1,1,16,9,1,108924.8,12840,19220,2792,4780,37168,2804
2,3,2,1,1,45,2,1,13,8,1,60141.6,5893.3332,8234.6668,4200,3436,160,1432
4,3,2,1,1,46,2,1,16,9,1,98594,3373.3332,7850.6668,480,1296,2400,2000
3,3,2,1,1,48,1,1,15,9,1,162764.8,7266.6668,20054.6668,8529.3332,5204,19344,10628
2,3,2,1,1,42,1,1,16,9,1,179483,4744,18108,1226.6668,3192,21386.6672,1616
4,2,2,1,1,29,1,1,14,8,1,61331,3466.6668,8978.6668,4360,3852,4320,712
4,3,2,1,1,48,2,1,15,9,1,66835.8,3813.3332,12586.6668,4876,4660,10240,1064
3,3,2,1,1,38,1,1,13,9,1,115950,10320,27304,3658.6668,3744,22890.6672,3500
4,2,2,1,1,35,1,1,14,9,1,158686,16200,69877,10448,6712,31280,5536
2,3,2,1,1,38,2,1,16,9,1,111392,5680,7933.3332,934.6668,1672,16160,1588
1,2,2,1,4,41,2,1,13,9,1,202987.8,6933.3332,50716,16957.3332,5832,51232,2672
3,3,2,1,4,34,1,1,13,8,1,59119.4,3397.3332,7700,2220,2776,6282.6672,516
2,3,1,1,1,43,1,1,14,9,1,71235,5480,9396,1100,1840,15456,2052
2,3,2,2,1,29,1,1,12,9,1,69525,5196,6382.6668,3640,1680,3882.6672,1496
1,3,2,1,4,32,1,1,14,7,1,46934.8,5200,12840,7560,2160,11515.2,1548
4,3,2,1,1,46,1,1,15,9,1,105789.8,5752,30044,8504,4848,18192,7096
3,3,1,1,4,39,2,1,14,7,1,47525,8666.6668,11148,18816,3392,4620.8,5628
3,3,2,1,1,46,2,1,15,9,1,80807,5716,15196,3776,5812,12000,708
1,3,2,1,1,39,2,1,15,9,1,85173,5365.3332,21260,3492,3796,896,688
4,3,2,1,2,43,1,1,15,9,1,177948,4680,4073.3332,2192,1788,12160,998.6668
1,3,2,1,1,53,1,1,13,9,1,139455.8,2422.6668,4390.6668,524,1968,10400,3384
3,3,1,2,2,31,1,1,12,5,1,34855,11024,11622,1772,8664,15840,2596
3,3,1,2,4,30,1,1,11,4,1,22744,1958.6668,2660,1520,1760,96,1592
3,3,1,1,1,52,1,1,16,9,1,73496,4056,17936,9676,2440,1120,1680
4,3,2,1,1,45,1,1,13,9,1,91029,10880,19941.3332,10548,3416,9706.6672,2736
2,3,2,1,4,32,1,1,13,9,1,64934,2952,7649.3332,1361.3332,2644,3600,780
4,3,2,1,1,36,2,1,12,9,1,81113.4,2166.6668,10724,1080,3000,3360,840
3,3,2,1,1,53,1,1,15,9,1,67737,22300,22868,3592,2816,4400,10400
3,3,2,1,4,43,1,1,15,8,1,63627,16640,20740,11269.3332,2000,16000,4200
2,3,2,1,1,33,2,1,15,9,1,106934,6532,26776,1336,4980,32416,3616
3,2,1,2,2,27,1,1,12,7,1,41314,5893.3332,4973.3332,1072,2444,1920,568
1,3,2,1,1,49,1,1,13,9,1,96624,11960,21984,6988,2124,32000,4704
1,3,2,1,1,52,2,1,12,9,1,94122,5720,19100,4188,5816,2080,1040
4,3,2,1,1,48,2,1,16,5,1,35377,10764,9536,6472,4612,17216,6300
2,7,1,1,1,46,2,3,15,7,1,43875.2,4980,12572,1960,4916,11520,1140
3,3,1,1,1,47,1,1,13,9,1,83106,12332,47196,14400,4848,43040,1868
3,9,1,2,4,33,2,5,13,6,1,36193,1888,4988,1336,400,1632,272
4,9,1,1,1,44,2,3,11,5,1,27383,5356,15092,2600,4204,6667.2,1200
2,3,2,1,1,43,2,1,16,9,1,114389,8833.3332,6765.3332,8112,1432,7808,3408
2,3,2,1,1,34,1,1,13,9,1,98147.4,9136,26188,8036,5292,3152,2648
3,3,2,1,1,44,1,1,12,9,1,92725,5626.6668,6281.3332,1200,640,26000,400
3,3,1,1,1,32,1,1,12,8,1,54546,4853.3332,10508,6720,5080,800,496
3,4,2,1,1,45,2,1,14,9,1,164549.8,27296,33836,16012,13148,203840,5100
3,4,1,1,2,48,1,1,12,8,1,53087.8,10560,11920,12844,6484,13296,512
4,5,2,1,1,47,1,1,15,9,1,196294.8,23400,9361.3332,3028,1236,7676.8,404
3,5,2,1,1,55,2,1,13,9,1,100271,4706.6668,6516,3696,4880,720,1432
4,4,2,1,1,46,2,1,14,9,1,104479.2,4984,10748,81160,1020,17248,3816
3,7,1,1,1,42,2,3,12,9,1,73699,5622.6668,9862.6668,4301.3332,3792,23728,2756
2,7,1,1,4,32,2,3,15,8,1,52319,8844,17276,1440,5056,6224,1860
1,7,1,1,4,34,2,5,11,4,1,24964,5304,11100,960,5700,6480,240
2,9,1,1,1,44,1,5,13,9,1,73403,7280,10664,2000,3464,21872,1864
3,7,1,1,1,34,2,5,13,7,1,47824,12140,13824,4796,7268,49920,844
4,6,1,1,4,44,1,4,14,6,1,33871,1733.3332,9300,320,1000,640,1920
2,7,1,1,4,27,2,5,15,7,1,45891.2,5320,40104,8428,1200,23504,4260
2,7,1,1,1,34,2,5,15,9,1,92513,3533.3332,6605.3332,1420,1756,3760,796
3,7,1,1,1,33,2,4,13,4,1,22926,3536,5134.6668,2216,1600,13184,816
4,6,1,1,1,31,1,3,12,6,1,34279,4160,6892,23436,1720,4000,2104
2,6,1,1,1,43,1,3,14,9,1,82344,18320,18872,21300,2960,18720,1020
4,7,1,1,1,39,2,3,15,9,1,81734,10660,17912,5196,5208,26880,7800
4,7,1,1,1,33,2,3,14,7,1,42668,6760,12520,103500,2820,44448,3040
2,7,1,1,1,42,2,3,16,9,1,84552,12760,38540,8784,4944,38544,1676
3,7,1,1,4,34,2,5,16,8,1,51514.2,3986.6668,10424,3232,1624,5653.3328,820
4,7,1,1,4,39,2,4,14,9,1,115636,9828,43328,8740,9900,4160,3780
2,7,1,1,4,30,2,3,14,5,1,30881,2288,11068,28496,2440,4160,284
1,7,1,1,4,40,2,5,13,8,1,52501,10400,21708,4588,3864,19920,3840
2,7,1,1,1,32,2,4,16,6,1,40282,2280,10456,2428,1792,2170.6672,3260
1,7,1,2,4,32,2,5,12,5,1,30072,1920,4316,973.3332,720,2016,352
3,7,1,1,4,36,2,5,16,9,1,70785,3293.3332,15800,2896,5200,11424,840
3,6,1,1,4,35,1,3,15,8,1,50395.6,8580,14872,2724,2260,18624,500
2,7,1,1,4,39,2,3,15,1,1,4200,3900,11428,11160,6028,960,1468
3,7,1,1,1,42,2,2,13,8,1,56976,5928,10426.6668,1756,2696,21856,712
4,7,1,1,4,28,2,5,13,6,1,36103,3466.6668,14832,2320,2992,976,652
3,7,1,1,4,35,2,4,14,7,1,42134,6720,30520,3446.6668,2280,14240,1660
3,9,1,1,4,61,2,1,13,1,1,3305.4,4506.6668,10560,55108,3272,1120,768
2,7,1,1,4,42,2,3,16,7,1,44698,10920,27616,1920,3416,8560,1440
4,6,1,1,4,43,1,3,15,9,1,103420,8874.6668,33832,7372,1400,20800,720
1,7,1,1,1,44,2,3,16,8,1,66878,9533.3332,22795.3332,3040,3232,15424,464
2,7,1,1,1,46,2,3,16,8,1,60878.6,1733.3332,5837.3332,1660,1840,9600,852
1,7,1,1,4,41,2,3,11,6,1,35761.8,8280,13540,18909.3332,4908,768,1640
1,6,1,2,1,47,1,4,16,9,1,113735,11236,18060,76032,5648,15808,3952
4,7,1,1,4,37,2,5,12,4,1,25129,5720,14912,1520,1220,6960,392
3,7,1,1,4,39,2,3,13,3,1,16600,6066.6668,8568,2380,2552,4256,1824
4,7,1,1,4,54,2,3,12,7,1,42689,2946.6668,4760,936,908,2149.3328,700
2,7,1,1,4,44,2,3,16,6,1,35667,4160,15736,14820,4472,480,1572
2,3,2,1,4,32,2,1,13,6,1,43323,10400,12120,4512,4680,20635.2,1700
4,3,2,1,1,39,2,1,14,8,1,56128.4,2778.6668,7808,3044,2344,14400,2156
3,3,2,1,2,44,2,1,11,8,1,63925,5893.3332,3361.3332,3284,2860,9760,712
2,3,2,1,1,51,1,1,15,9,1,146592.4,7938.6668,12034.6668,1884,2872,24128,6028
1,3,2,1,1,57,1,1,12,9,1,96958.4,10934.6668,20758.6668,8436,5600,6400,616
3,3,2,1,4,45,1,1,15,9,1,107896.6,8320,33992,4100,8640,21200,1816
1,3,2,1,1,31,2,1,13,9,1,113282,3320,15661.3332,2826.6668,1820,1440,1080
4,3,2,1,4,36,2,1,16,9,1,145880,4160,9360,2388,2920,4720,640
2,3,2,1,4,42,2,1,16,9,1,94812,18200,54296,10788,7760,82144,8360
4,3,1,1,1,33,1,1,14,8,1,57852,7020,20784,20384,3780,2320,4708
3,2,1,1,1,41,1,1,15,9,1,95310.4,4160,5174.6668,2340,1600,14000,448
1,3,2,1,4,41,1,1,15,8,1,65538,4853.3332,14717.3332,5032,2352,14698.6672,2188
3,3,2,1,1,40,1,1,14,8,1,52724,10760,19128,14024,4568,5035.2,7008
4,3,2,1,4,36,1,1,12,9,1,91880,7160,17885.3332,7242.6668,5328,10240,840
2,3,2,1,4,30,2,1,10,5,1,30723.6,5720,14332,1820,5932,6400,828
1,3,1,1,1,46,1,1,16,9,1,93219.6,6586.6668,16347.3332,1680,2912,9600,404
4,3,1,1,1,35,1,1,14,9,1,108665.2,3900,29436,5200,4916,10720,1032
1,3,2,1,2,45,2,1,13,9,1,121547,9560,14768,5396,7028,29456,3092
3,3,2,2,1,36,1,1,16,9,1,116136,3400,2418.6668,1508,1660,9168,252
3,3,2,1,1,30,2,1,15,9,1,100593,12400,15756,11596,6500,13200,360
2,3,2,1,1,37,2,1,16,9,1,175610,6240,44976,5480,4980,51040,6688
3,3,2,2,1,38,1,1,15,9,1,75885.4,2732,8356.6668,1832,2464,7936,584
4,3,2,1,2,38,2,1,11,8,1,54128.8,7800,11140,4620,6420,528,648
1,3,1,1,4,41,1,1,13,3,1,23296,3120,19512,1344,1304,288,120
4,3,2,1,2,44,1,1,10,8,1,50822,12628,8384,54400,6588,1280,924
4,2,2,1,4,29,2,1,15,9,1,139238.4,5608,22224,4809.3332,2064,17280,3040
2,3,2,2,2,36,2,1,12,8,1,60538,5496,9956,92940,6364,39120,1280
4,9,1,1,4,42,1,3,13,7,1,48384,6500,21240,3224,3840,6976,96
4,3,2,1,1,31,1,1,12,8,1,57233,6760,34088,4320,7088,20416,1892
3,3,2,1,1,39,2,1,15,9,1,160459,8320,26924,2400,4084,11792,3396
2,3,1,1,4,31,2,1,15,5,1,33635,6600,15280,28752,4680,3680,2952
1,2,2,1,1,36,2,1,15,9,1,110127,8060,32804,984,5000,10000,2556
1,3,2,1,2,46,1,1,16,9,1,202856,17084,51429,13236,10448,12000,6800
2,3,2,1,1,34,2,1,14,8,1,53238,7540,13848,4608,5064,40640,2920
2,3,2,1,1,43,1,1,12,9,1,119490,7146.6668,15398.6668,3136,3768,12800,2392
3,3,2,1,4,30,2,1,13,9,1,73091,5720,18606.6668,3240,1924,6400,768
4,3,2,1,1,35,2,1,13,9,1,112874,2097.3332,7806.6668,3304,1420,3200,928
4,3,2,1,1,46,1,1,15,9,1,135137,4680,20633.3332,3657.3332,5292,69973.3328,2312
3,3,2,1,4,44,1,1,13,9,1,68457.2,8402.6668,8328,1313.3332,3964,2624,8
4,3,1,1,1,34,1,1,15,9,1,101861,4073.3332,10609.6668,1816,712,17600,2188
4,2,2,1,1,29,1,1,13,6,1,42752,5720,20200,9196,3528,26800,1668
3,3,2,1,4,41,1,1,13,8,1,63667,2946.6668,4572,1366.6668,1112,480,552
4,3,2,1,2,44,1,1,13,9,1,93780.4,7733.3332,18588,2997.3332,3912,29520,5256
2,3,2,1,1,41,1,1,12,9,1,95877,6240,9640,6020,4104,6656,1116
3,3,2,1,2,43,1,1,15,9,1,83750.6,15340,8608,5256,5368,40352,460
1,3,2,1,1,43,2,1,16,9,1,109930.6,10140,36300,6412,3420,15776,9416
4,3,2,1,1,30,2,1,15,9,1,68284,8952,20720,3720,4120,19232,3684
3,3,2,1,4,40,1,1,14,9,1,83167.6,17880,46068,7108,7332,9600,852
4,3,2,1,4,30,1,1,13,9,1,74436,9880,24060,4344,4912,140592,5064
4,3,1,1,4,39,1,1,13,8,1,55496.6,11164,24160,10440,4260,24000,9920
4,3,2,1,4,27,2,1,11,7,1,46386,8580,18984,2596,3564,880,1716
2,3,2,1,1,40,2,1,15,9,1,127341,6586.6668,9568,1000,1352,6986.6672,3480
2,3,2,1,4,35,2,1,14,8,1,61995,9048,19484,7204,5776,14256,1508
3,3,2,2,1,38,1,1,12,9,1,73635.4,5813.3332,3676,2360,1680,640,464
3,3,2,1,2,35,1,1,15,9,1,150765,8834.6668,47521.3332,4064,4540,10240,9136
3,3,2,1,2,28,1,1,14,8,1,52347,3466.6668,3794.6668,3864,2408,12800,696
3,3,2,1,1,44,2,1,15,9,1,120907.8,10098.6668,20306.6668,4896,4888,5760,3120
1,3,2,1,1,37,1,1,13,9,1,155363,10666.6668,22178.6668,3824,6732,8106.6672,3852
2,3,2,1,1,51,1,1,10,9,1,118140,19413.3332,14194.6668,175762.6668,6300,15936,3252
3,3,2,1,4,35,1,1,12,9,1,90968,10000,28712,8308,7980,1600,5864
1,3,2,1,4,38,2,1,14,9,1,73436.2,3120,5232,2660,1344,7093.3328,288
3,3,1,1,4,32,1,1,16,9,1,86160.8,3813.3332,8540,58484,1300,5600,932
4,3,2,1,4,27,2,1,13,8,1,56416.4,14040,21524,4932,3124,960,4512
1,3,2,1,1,43,2,1,15,9,1,113346,2576,10938.6668,1744,3112,36576,2012
3,3,2,1,1,42,1,1,15,9,1,109003,16721.3332,19570.6668,6805.3332,3160,3840,2540
4,3,2,1,1,43,2,1,13,9,1,69180,11960,18492,4144,3672,23920,1040
3,3,2,1,4,32,2,1,15,6,1,43974,4340,13892,8404,3964,64256,640
4,3,2,1,1,50,1,1,15,9,1,82135,10544,23168,5656,7212,48720,3764
3,3,2,1,1,43,1,1,15,9,1,138522.8,32066.6668,17520,5080,4640,44373.3328,1432
3,2,2,1,1,35,2,1,16,9,1,119135,2773.3332,10369.3332,840,440,16000,696
1,3,2,1,1,47,2,1,12,9,1,101163,5920,21886.6668,8842.6668,5712,36320,3780
3,3,2,1,1,32,1,1,12,8,1,61296,4080,6277.3332,2568,3232,12800,880
3,7,1,1,4,28,2,5,11,4,1,20378,12133.3332,9286.6668,426.6668,2080,3840,3000
3,7,1,1,4,31,2,5,11,5,1,37193,4524,10212,5468,3452,2608,200
2,7,1,1,4,31,2,5,12,4,1,26265.2,5826.6668,8280,4184,3680,10070.4,160
3,7,1,1,4,29,2,3,10,5,1,33854,9388,10416,600,2916,4608,576
3,7,1,1,4,29,2,3,13,4,1,21897.8,8986.6668,14320,1700,2936,1760,1400
4,9,1,1,1,59,2,3,13,7,1,46647.8,6933.3332,9645.3332,1613.3332,2672,10016,1108
4,7,1,1,1,41,2,1,16,9,1,71288,5706.6668,16861.6668,9038.6668,1584,2080,668
1,7,1,1,1,34,2,5,14,8,1,56723,7280,29340,122556,7280,26000,1108
3,7,1,1,4,43,2,3,12,5,1,32781,7168,10100,3752,1744,5136,1508
1,7,1,1,4,30,2,4,15,7,1,48516,3076,34588,6292,3732,1504,1460
3,7,1,1,4,35,2,5,11,6,1,38038.2,3033.3332,7172,1300,2052,4800,800
3,7,1,1,4,31,2,4,13,6,1,39014.6,7453.3332,4332,720,1216,3200,360
2,6,1,1,1,43,1,3,15,6,1,40239,1438.6668,3268,400,1200,8960,544
3,7,1,1,4,32,2,5,12,5,1,31735,4680,12640,3160,1444,5280,1600
3,7,1,1,4,47,2,3,14,6,1,38233,11856,18652,800,2972,37312,1520
2,4,2,1,1,41,2,1,13,9,1,162797.8,11880,15942.6668,17924,3504,672,7552
4,9,1,1,1,55,1,3,12,8,1,63948,6240,7904,2960,2680,8238.4,100
3,4,1,1,1,51,1,1,15,9,1,130491,15946.6668,20060,11024,5076,19200,3500
3,9,1,1,1,35,1,5,12,8,1,58675,5026.6668,9924,2988,4080,2080,992
2,4,2,1,4,36,2,1,13,8,1,66375.4,9620,13400,2420,4164,64,1876
3,4,2,1,4,40,2,1,12,8,1,66545.2,8233.3332,5556,2468,1648,2320,540
3,5,2,1,2,50,2,1,10,8,1,60108.8,14300,5820,4608,5520,31200,816
4,5,2,1,4,43,1,1,13,9,1,76466.2,5182.6668,15284,6932,1360,23996.8,1072
2,7,1,1,4,48,2,3,16,9,1,70775,15120,11090.6668,5385.3332,3836,4853.3328,1716
3,7,1,1,4,36,2,1,12,5,1,29067,7280,12476,2640,2836,8256,1024
3,7,1,1,1,38,2,5,14,6,1,40109.4,5546.6668,8925.3332,4556,3848,3680,720
4,5,2,1,1,63,2,1,15,9,1,82062.6,2166.6668,7368,1200,2092,8133.3328,444
3,9,1,1,1,56,2,3,12,3,1,18834,953.3332,9250.6668,400,1004,3241.0672,412
2,5,2,1,1,36,1,1,16,9,1,136834.4,9820,38120,9780,7720,56427.2,620
4,4,2,1,1,41,1,1,14,9,1,96348,5373.3332,5188,684,1600,8709.3328,840
2,9,1,1,1,28,2,5,12,2,1,7301,9553.3332,6432,3709.3332,3664,64384,1904
3,3,2,1,1,46,1,1,13,9,1,121642,20120,28336,6020,5040,41040,2860
4,3,2,1,4,41,1,1,11,9,1,72689,12480,12916,40856,3000,34688,1260
2,3,2,1,1,34,2,1,16,9,1,101058,4786.6668,22570.6668,5580,4980,45322.6672,240
2,3,2,1,2,37,2,1,12,6,1,41808,5460,12540,4260,4200,5035.2,1600
4,3,2,1,4,32,2,1,13,6,1,42437.6,3813.3332,30920,10022.6668,3280,34070.4,4524
3,3,2,1,1,43,1,1,15,9,1,145238,6153.3332,17821.3332,2280,1516,8325.3328,1320
3,3,2,1,1,36,1,1,16,9,1,137329,5026.6668,13892,1888,2544,17328,1156
4,3,1,1,1,42,1,1,14,8,1,62336.2,6586.6668,10196,3320,3960,17546.6672,1208
3,3,2,1,1,40,1,1,13,9,1,125720,23656,22748,5884,4480,13680,2208
4,5,1,1,4,57,1,1,12,9,1,101611,16160,45756,4952,4624,14720,1080
2,3,2,2,4,37,1,1,15,9,1,99520,5893.3332,1268,47316,880,6080,564
4,3,2,1,1,33,1,1,15,9,1,95989,8772,19548,7112,4376,18864,2652
2,9,1,1,1,49,2,5,12,7,1,46847,2704,10948,3777.3332,7260,7328,968
2,3,2,1,1,37,1,1,15,9,1,87964,2380,9048,1324,1440,5200,356
2,3,2,1,1,53,2,1,15,9,1,87520,5546.6668,13002.6668,1800,1684,6816,848
2,3,2,2,4,31,2,1,13,5,1,30321,6240,18088,7740,1380,1360,7328
3,5,2,1,1,58,2,1,12,8,1,65516,14040,11700,8412,5376,15488,436
2,3,1,1,1,45,1,1,16,9,1,77417.6,3689.3332,9953.6668,826.6668,1572,6496,3152
2,3,1,2,1,32,1,1,10,8,1,59365.2,7800,7748,1000,1060,27648,140
3,3,2,1,4,40,1,1,15,9,1,98755.6,4160,17568,3226.6668,5360,20352,1280
3,5,1,2,2,36,1,1,13,3,1,11154,9360,6273.3332,12904,5440,14816,808
4,3,2,1,1,35,2,1,16,9,1,169788,11613.3332,25338.6668,4928,4200,27520,1736
1,4,2,1,1,47,1,1,12,9,0,91791,9308,23464,29268,5308,20800,6720
3,5,2,1,1,59,1,1,15,9,0,159669.6,2773.3332,27496,1464,3120,3756.8,800
4,5,2,1,1,33,2,1,16,9,0,114751,3640,9825.3332,968,2056,7996.8,592
4,5,2,1,1,52,2,1,10,9,0,89096,8840,18014.6668,11492,4988,36144,984
3,5,1,1,2,62,2,1,12,8,0,71333.6,5653.3332,3933.3332,84320,2632,11094.4,672
4,1,2,1,1,56,1,1,16,9,0,77118,13520,32244,10200,3100,10688,1320
4,1,2,1,4,40,1,1,15,9,0,101995.6,3866.6668,12352,5036,1444,3568,4492
3,1,1,1,2,48,2,1,12,3,0,10145,1906.6668,1738.6668,13304,1032,3200,128
2,1,2,1,2,39,2,1,15,8,0,49142,12740,6160,4080,3180,15296,2208
1,9,1,1,1,53,2,3,14,6,0,29737,1993.3332,7049.3332,1112,2196,3360,40
4,1,2,1,1,64,1,1,15,8,0,64332.8,19612,22986,47772,3512,20096,10632
3,1,2,1,2,62,2,1,13,9,0,89644,3986.6668,3196,4132,2493.3332,13600,5944
3,1,2,1,2,60,1,1,15,9,0,192524,5540,4305.3332,800,1472,2602.6672,312
4,1,2,1,1,64,1,1,14,9,0,75633,7213.3332,9165.3332,3861.3332,3016,10837.3328,1724
2,1,1,1,1,55,1,1,16,9,0,97488,866.6668,4105.3332,120,1652,11518.4,4400
1,9,1,1,2,52,1,5,11,6,0,32989,2773.3332,4440,1728,1860,9138.1328,512
4,1,2,1,1,54,1,1,16,9,0,158691,16540,41608,19692,5752,117744,10152
2,1,2,1,1,46,1,1,12,9,0,72885.8,4853.3332,7716,2600,3040,19829.3328,1096
3,1,2,1,2,56,2,1,13,9,0,80913.8,5846.6668,7141.3332,3297.3332,2856,16640,1800
3,1,2,1,1,30,2,1,16,9,0,85214.8,8800,25316,6696,4580,17872,2300
1,1,2,1,4,32,2,1,15,8,0,57055,1820,3256,480,776,1786.6672,560
1,1,2,1,1,40,1,1,15,9,0,136055,3120,12322.6668,4261.3332,1020,3466.6672,960
1,1,1,1,1,62,1,1,15,9,0,97234.8,24293.3332,36571.3332,12780,5596,30880,12604
1,1,2,1,1,55,2,1,15,9,0,149498,2426.6668,11409.3332,1100,1988,8960,868
3,1,2,1,1,50,2,1,12,9,0,110747,10400,18392,14108,7420,52800,2856
1,1,1,1,1,59,1,1,12,9,0,62259,1920,2696,280,1424,6640,432
4,9,1,1,4,38,1,5,14,7,0,38705.6,5546.6668,13272,2000,2320,2709.3328,1128
2,1,2,1,1,50,1,1,16,9,0,114849.4,6566.6668,18949.3332,9729.3332,2860,4032,2984
1,1,1,1,2,60,1,1,12,9,0,66226,9880,5280,1908,1300,94523.2,1816
4,1,2,1,2,62,1,1,13,9,0,196157.4,6066.6668,4160,1262.6668,2364,14190.4,932
3,9,1,1,2,60,1,2,12,8,0,53427,2600,1523.3332,800,1252,8611.7328,280
1,1,2,1,1,37,2,1,15,9,0,72360,5440,6237.3332,5692,1932,7712,1348
3,1,1,1,1,55,2,1,14,9,0,77077,8640,21172,2480,5300,16955.2,4848
3,1,2,1,1,39,1,1,16,9,0,132945.4,3900,5758.6668,128960,1716,15973.3328,300
4,1,2,1,2,51,2,1,13,9,0,60957.4,3293.3332,4949.3332,2256,2328,640,232
2,1,2,1,1,29,2,1,14,8,0,47013,3640,14736,9304,2020,13296,2016
3,9,1,1,1,49,2,3,16,7,0,37866,1560,6130.6668,553.3332,988,4016,212
1,1,2,1,4,37,2,1,13,9,0,67832,4333.3332,14528,1833.3332,2120,4853.3328,1960
4,1,2,1,1,48,1,1,14,9,0,113308,10026.6668,11717.3332,4924,3344,4800,4808
2,1,2,1,2,53,2,1,14,9,0,67176,2753.3332,3970.6668,3317.3332,1340,9776,304
4,1,2,1,4,30,1,1,16,9,0,82838,10160,23508,9540,2616,1248,3648
3,9,1,1,4,48,2,3,12,5,0,29780.8,4160,8788,1852,3188,1280,232
4,1,1,1,1,61,1,1,13,1,0,2500,693.3332,4164,812,900,5146.6672,40
4,1,1,1,1,44,1,1,13,8,0,55285.6,5373.3332,21232,2692,3300,9365.3328,320
4,1,2,1,1,43,2,1,12,8,0,47022,8840,25072,7400,6048,4800,1744
2,1,2,1,4,30,1,1,15,9,0,81452,1560,6548,3772,1568,4480,712
3,1,2,1,1,61,2,1,13,9,0,108772,8908,30012,4236,5432,38400,1932
3,9,1,2,2,63,2,3,12,5,0,29331.2,1560,1032,4580,836,1973.3328,296
2,9,1,1,1,43,2,5,16,9,0,57711,3613.3332,13246.6668,1917.3332,3416,11424,1560
3,1,2,1,2,59,1,1,16,5,0,28144,15040,6136,1272,1304,1216,10800
1,1,2,1,1,28,2,1,15,9,0,69185,9452,16888,4680,3756,5184,2484
3,1,2,1,1,61,1,1,15,9,0,88363,6917.3332,9326.6668,1896,3528,16213.3328,1280
2,1,2,1,1,35,2,1,15,9,0,165553,5980,6018.6668,1032,1100,10325.3328,504
3,1,2,1,2,49,1,1,12,8,0,51213.8,1248,4473.3332,600,908,192,800
3,1,2,1,4,47,1,1,13,9,0,63422,5980,17184,2740,4560,9440,1896
3,1,1,1,2,64,1,1,12,8,0,51671,2973.3332,18197.3332,448,1220,15662.4,429.3332
3,1,2,1,1,28,1,1,13,8,0,50627,1748,5264,4316,1368,480,2156
3,1,2,1,1,53,2,1,14,9,0,152822,7286.6668,31385.3332,3220,2204,4960,1636
3,9,1,1,1,53,2,3,14,7,0,36271,2426.6668,4578.6668,2840,2116,3440,200
3,1,2,1,2,56,1,1,15,9,0,121271,6280,21600,2986.6668,4984,6400,7168
4,1,2,1,1,58,1,1,12,9,0,105598,6864,17088,3584,4000,3680,1816
3,1,2,1,1,51,1,1,15,9,0,127562.4,13693.3332,14048,6756,3284,5696,680
4,1,2,1,1,47,1,1,15,9,0,63327.2,7280,19884,7892,3468,47520,840
3,1,2,1,1,38,1,1,14,9,0,66963,15080,14218,1200,2680,22880,120
3,1,1,2,2,61,2,1,16,6,0,36901,3640,5758.6668,8076,5112,13756.8,640
3,1,2,1,2,42,1,1,16,9,0,107270.8,3726.6668,1013.3332,1314.6668,720,1376,1448
1,1,2,1,1,39,1,1,15,9,0,77484.2,3813.3332,13120,1946.6668,1440,9600,620
4,1,2,1,1,43,1,1,16,9,0,78785,8066.6668,13504,1904,3924,1600,3036
3,1,2,1,1,60,1,1,13,9,0,102665,4680,9712,5256,4264,41280,1980
3,1,2,1,1,62,2,1,16,9,0,77883,6066.6668,9086.6668,1829.3332,3248,15104,2980
2,1,2,2,2,30,2,1,15,9,0,86752,8524,23464,7648,1200,4800,13260
1,1,2,1,1,45,1,1,14,9,0,76692.2,4160,17368,4120,3440,15253.3328,1232
1,1,2,1,1,56,1,1,15,9,0,117779.2,3900,9045.3332,4337.3332,2120,11146.6672,380
3,1,2,1,1,54,2,1,13,9,0,99942,5720,23728,7164,9444,18640,2280
1,1,2,1,4,33,1,1,15,9,0,159795,7280,42428,11600,2580,5520,800
3,1,2,1,1,41,1,1,12,8,0,46184,2080,3140,748,2340,5600,664
3,1,2,1,2,57,1,1,16,9,0,69797,11960,10924,4088,2676,69376,880
2,9,1,1,4,35,2,5,12,7,0,42636,13866.6668,8208,960,2480,1120,360
1,1,2,1,2,56,1,1,16,9,0,80226.2,8288,27361,11912,8000,14400,1176
1,9,1,1,1,48,2,3,13,7,0,38521.2,4680,16092,44000,4528,3200,672
3,9,1,1,2,55,2,5,12,5,0,28921,6760,9896,1932,8648,15883.2,2148
3,1,1,2,4,63,1,1,12,8,0,52358.6,3380,7196,1540,1976,10070.4,840
2,1,2,1,1,55,1,1,12,9,0,64912,3293.3332,4209.3332,2228,1456,4853.3328,240
1,1,2,1,2,37,2,1,13,9,0,113816,10400,15456,9804,7880,26880,1564
1,1,1,1,2,59,2,1,15,9,0,152033.4,6413.3332,10614.6668,6832,2512,37532.8,2760
4,1,2,1,1,56,2,1,12,8,0,56334.4,6760,12934,8160,4456,32240,2052
3,9,1,1,2,61,2,5,16,6,0,29202.4,1386.6668,730,200,680,3481.0672,212
1,1,2,1,4,51,1,1,12,9,0,70454,5380,15324,4930.6668,2320,28181.3328,5492
2,1,2,1,1,54,2,1,13,9,0,112812,16316,18452,10388,4464,26176,1532
2,9,1,1,1,64,2,2,12,8,0,49259,7626.6668,7936,2204,2400,3356.8,1080
2,1,2,2,2,61,1,1,12,9,0,78737.8,5525.3332,8158.6668,400,2800,12800,2048
2,1,2,1,1,61,2,1,12,9,0,72819.4,4160,6880,2446.6668,2720,12293.3328,1360
4,1,2,1,4,41,1,1,12,9,0,77019.8,5026.6668,15906.6668,7900,3076,15168,72
4,9,1,1,2,44,1,5,13,6,0,29262.4,8916,12726,5996,4556,65536,2160
2,1,2,1,2,60,2,1,12,5,0,20068,2080,1818.6668,624,928,6016,244
3,9,1,1,1,51,2,3,15,9,0,104879,8060,33836,9968,11224,30240,1680
4,1,2,1,4,30,1,1,16,9,0,87284.4,3493.3332,6440,8746.6668,1380,3733.3328,120
3,1,1,1,1,61,2,1,12,8,0,50855,2166.6668,4272,800,1736,6393.0672,356
2,1,2,2,1,55,1,1,12,9,0,81401,2253.3332,8674.6668,1468,2564,7296,304
3,1,2,1,1,42,1,1,16,9,0,112600,12740,30944,1360,3760,34160,1320
4,1,2,1,4,38,2,1,15,9,0,65736,2773.3332,6720,2029.3332,1216,13232,432
1,1,2,1,2,57,1,1,15,9,0,105983,4437.3332,6405.3332,3122.6668,1812,18197.3328,480
3,1,1,1,4,28,1,1,12,7,0,41100,5228,7656,3292,3552,17600,500
4,1,1,1,1,64,2,1,11,9,0,74318,7540,27840,10672,4380,41355.2,1056
3,1,2,1,4,27,1,1,15,6,0,32205,4360,6812,4968,932,14400,1704
3,1,1,1,2,61,2,1,16,9,0,108117.8,5700,13468,5388,5004,14155.2,1980
2,1,2,1,1,52,2,1,15,9,0,88422,2929.3332,2704,608,1104,6976,976
1,1,2,1,2,63,1,1,12,9,0,93733,5376,7604,4416,2340,2320,1008
1,1,2,1,1,43,2,1,16,9,0,125469,6505.3332,10021.3332,1162.6668,632,5642.6672,1824
4,9,1,1,4,45,1,3,16,9,0,72024.6,12480,29824,1516,4436,5515.2,2760
3,1,2,1,1,59,1,1,15,9,0,98496.6,11180,26084,5344,5432,20480,3772
3,1,2,1,2,55,2,1,13,6,0,31471.2,4853.3332,3458.6668,2080,2352,3548.8,1440
2,1,1,1,2,64,1,1,13,9,0,64454,12133.3332,6089.3332,5244,2340,29408,1528
3,1,2,1,1,42,1,1,14,9,0,100955,18200,35504,7448,5416,15504,3616
1,1,2,1,4,32,1,1,16,9,0,105557,7313.3332,20116,10040,2988,8480,3312
3,1,2,1,4,30,1,1,16,8,0,45154,2340,4388,616,1120,16368,128
3,1,2,1,2,53,2,1,15,9,0,122730.4,5600,23428,5604,4200,34768,2556
2,1,2,1,1,54,1,1,15,9,0,72575.8,8320,10026.6668,4066.6668,2736,9504,3400
3,1,2,1,2,62,1,1,13,9,0,99755,8240,8409.3332,5640,2668,21877.3328,832
3,1,2,1,2,54,2,1,15,9,0,66866.6,11440,5860,7156,5060,24000,1200
4,1,2,1,1,54,2,1,15,9,0,89677,14620,14432,5028,3844,25200,7552
1,1,1,1,2,64,2,1,15,9,0,74538,3880,4716,2710.6668,1448,22174.4,1316
3,1,2,1,2,52,1,1,15,9,0,77921,9360,5796,5760,2408,30720,532
2,1,1,2,2,64,2,1,15,8,0,50533,5432,11920,8080,1192,45536,1096
2,1,2,1,1,56,1,1,12,7,0,40483.6,4333.3332,15344,2800,2936,6400,712
4,1,2,1,4,50,2,1,12,9,0,62719,2300,6920,2034.6668,1188,480,1176
4,1,1,2,1,62,2,1,12,8,0,53133,1820,2824,1813.3332,944,864,452
2,1,2,1,1,61,1,1,13,8,0,55626,7280,22644,6096,4616,34192,380
2,1,2,1,2,61,1,1,12,9,0,74899,3900,8992,4568,5224,13984,1444
4,1,2,1,1,56,1,1,16,9,0,112053.2,5824,6961.3332,1600,1356,640,2440
1,1,2,1,4,36,2,1,15,9,0,107058,2600,7676,926.6668,1068,7680,612
4,1,2,1,2,51,2,1,12,7,0,39307,7800,10932,5064,3508,42464,6176
4,1,2,1,2,62,2,1,15,9,0,126365.2,7608,9645.3332,6226.6668,3848,16800,3888
3,9,1,1,2,30,1,2,11,6,0,32789,1386.6668,1160,2880,1000,6586.6672,480
3,1,2,1,1,29,2,1,15,8,0,52698,7160,19832,5068,5020,38560,1884
3,1,2,1,1,61,1,1,13,9,0,99521,4186.6668,8101.3332,3424,2320,4960,3560
3,1,1,1,1,45,2,1,14,3,0,13769,1473.3332,3933.3332,1508,836,6016,788
3,1,2,1,1,30,1,1,15,8,0,61581.2,6586.6668,9520,2077.3332,2840,20458.6672,3208
4,1,1,2,4,54,2,1,13,8,0,56205,5672,12132,16108,2632,57835.2,96
4,9,1,1,4,38,1,5,11,6,0,33147.2,1040,5572,600,784,5710.4,340
1,1,2,1,1,55,1,1,16,6,0,28737,4506.6668,16633.3332,4032,2876,4544,1484
1,9,1,1,1,49,1,5,15,9,0,65750,4152,9170.6668,844,2008,4281.0672,416
3,9,1,1,2,34,1,1,12,7,0,39978,4853.3332,2008,4573.3332,1592,3356.8,784
2,1,2,1,1,53,1,1,15,9,0,203576.4,5340,7144,1222.6668,1276,17824,1984
2,1,2,1,4,59,2,1,15,7,0,38689,1733.3332,3106.6668,6480,682.6668,5173.3328,360
2,1,1,2,2,64,2,1,16,8,0,55850,4916,6560,7780,3960,37435.2,2128
4,1,2,1,1,44,1,1,14,9,0,120277.6,7280,21770.6668,7414.6668,2128,10901.3328,1464
1,1,2,1,4,33,1,1,12,9,0,99605,2080,2876,2872,1416,5173.3328,652
4,1,2,1,2,46,2,1,16,9,0,140559,3900,7538.6668,12930.6668,1966.6668,2400,1628
3,1,1,1,4,58,1,1,12,9,0,68011,5477.3332,13332,4796,3280,17888,1416
3,1,1,1,1,50,2,1,12,5,0,23049,5688,11856,4732,3676,14635.2,1200
3,1,1,1,4,54,1,1,15,7,0,39523,4853.3332,7176,2072,1984,26112,1056
3,1,2,1,1,28,1,1,13,7,0,41390,2946.6668,8842.6668,3024,1880,9386.6672,3468
2,1,1,1,1,60,1,1,14,9,0,69637,3033.3332,1802.6668,480,944,2496,100
3,1,2,1,1,64,2,1,15,8,0,45398.2,8288,12588,3528,8284,9120,1056
1,1,2,1,4,48,1,1,11,8,0,56628,2762.6668,2920,880,280,14400,80
4,9,1,1,1,55,2,2,12,5,0,24759.8,5200,6338.6668,1716,2052,9024,784
3,1,1,1,2,64,1,1,15,9,0,88993.8,3726.6668,5625.3332,1600,1704,4160,552
4,9,1,1,4,49,2,3,13,5,0,30354,3260,9028,4892,2544,4800,2620
4,1,2,1,4,33,2,1,12,7,0,40165.2,953.3332,4516,1540,608,1920,372
1,1,2,1,2,60,1,1,13,9,0,78023,8580,12668,4856,6836,32912,1740
2,1,2,1,1,60,2,1,12,9,0,84594,3900,14032,5992,6024,28832,10056
3,1,1,1,1,57,1,1,16,9,0,122258,9804,26396,145692,2896,20395.2,1728
2,1,2,1,1,30,2,1,13,8,0,59270,1386.6668,8669.6668,64930.6668,1384,8416,1980
3,1,2,1,1,46,2,1,13,9,0,100944,4853.3332,11476,2000,3340,13589.3328,524
2,1,2,1,2,58,2,1,12,9,0,126234,4853.3332,7353.3332,3360,2096,18112,696
2,1,2,1,1,32,1,1,15,9,0,98366.2,3085.3332,6189.3332,642.6668,1096,2896,1900
1,1,1,1,1,53,2,1,15,9,0,233489,5893.3332,12029.3332,5368,4088,28924.8,3488
3,1,2,1,1,58,2,1,15,9,0,116384,10240,30672,99904,4684,24960,4604
3,1,2,1,1,51,1,1,15,9,0,123087,3120,24116,4700,5556,39376,1572
3,1,1,1,1,58,2,1,13,8,0,54782,17940,39580,11600,3912,12075.2,2536
4,1,2,1,1,59,1,1,12,9,0,97422,9533.3332,8218.6668,3352,2408,10826.6672,1960
3,1,2,2,1,47,2,1,14,9,0,65869.8,7800,15400,2400,6780,15600,1868
1,1,1,1,1,59,1,1,15,9,0,87058.2,3813.3332,7364,2986.6668,2220,4693.3328,744
2,1,2,1,4,27,1,1,16,9,0,63147.6,11260,16924,13420,1680,24176,1896
1,1,2,1,2,62,1,1,16,9,0,103193.4,6020,10896,2308,3620,10400,948
2,1,2,1,4,28,1,1,15,9,0,93319,6084,30464,6944,5640,24720,4056
4,1,2,1,1,33,1,1,13,9,0,69201,6240,18964,6160,3480,14400,3216
4,1,2,1,2,58,1,1,12,9,0,89771,7092,6629.3332,2352,3732,12896,208
2,1,2,1,1,37,2,1,13,9,0,86645,2600,10082.6668,1880,986.6668,5168,3920
3,1,2,1,2,53,1,1,12,9,0,116715,2600,1141.3332,480,1028,5120,276
2,1,2,1,4,27,2,1,15,9,0,67104,3033.3332,8632,5538.6668,252,3200,1560
4,1,2,1,1,45,2,1,14,9,0,110364,2946.6668,8481.3332,1284,1508,8560,1640
2,1,2,1,1,62,1,1,11,9,0,75755,3900,20256,1272,11488,32923.2,2120
4,1,1,1,2,60,2,1,15,8,0,55547,2028,6212,320,1516,24910.4,668
3,1,2,1,2,62,2,1,13,9,0,82536,7976,10568,4704,2616,18320,3120
1,1,2,2,1,61,1,1,12,9,0,65217,2080,5901.3332,6220,2000,19072,800
4,1,2,1,4,38,2,1,13,8,0,61389.6,11960,18912,3700,2640,16800,2544
3,1,2,1,2,49,1,1,15,9,0,148833.2,5720,3520,8345.3332,1620,26496,812
3,1,2,1,1,59,1,1,15,9,0,116214,14600,8592,16508,1844,640,1440
2,1,1,1,1,63,1,1,14,9,0,115768.4,9000,20496,4964,5512,19648,1116
3,1,2,1,1,53,2,1,12,9,0,69333.6,5200,8092,1380,3584,6240,2112
1,1,2,2,4,55,2,1,12,7,0,45567.6,3206.6668,3276,1626.6668,896,6768,612
3,1,1,1,2,51,2,1,12,3,0,12054.6,7800,4990.6668,4404,2196,48000,856
1,1,2,1,1,47,1,1,12,9,0,118136,11116,27092,7840,3692,960,936
2,1,2,1,1,46,2,1,12,8,0,49457,2773.3332,8786.6668,1356,3076,4960,64
1,1,2,1,4,34,2,1,15,9,0,112405.2,6914.6668,9412,2498.6668,2596,14282.6672,864
3,1,2,1,1,31,2,1,15,9,0,72724,3640,12780,1232,2384,9600,392
3,1,2,1,1,54,1,1,16,9,0,156543,2080,14669.6668,320,1644,5696,552
4,1,2,1,2,62,2,1,13,8,0,46484,2912,5420,1296,2860,12800,1460
2,1,2,2,2,55,2,1,11,5,0,21605.8,12946.6668,6646.6668,23748,2564,7680,720
4,9,1,1,4,51,2,3,13,8,0,45936,2334.6668,4616,1093.3332,712,1678.4,468
3,1,2,1,2,58,2,1,12,9,0,82876.8,12060,35252,21812,6780,193099.2,14756
2,9,1,1,4,64,2,5,14,5,0,28124,2773.3332,11848,2880,3244,5596.8,1212
3,1,2,1,4,34,1,1,15,9,0,153129,5200,13600,2477.3332,2200,640,464
3,1,2,1,1,54,2,1,15,9,0,164022.6,3640,7528,3588,3600,4800,752
3,1,2,1,1,54,1,1,15,9,0,118027.2,3120,5052,893.3332,1120,3200,840
3,1,2,1,1,63,1,1,14,3,0,11092,2773.3332,24489.3332,3442.6668,4093.3332,6316.8,544
1,1,2,2,2,56,1,1,12,9,0,67575,2773.3332,5017.3332,4748,4484,640,1136
2,1,2,1,2,58,2,1,11,9,0,79915.6,4202.6668,12446.6668,3940,2696,3840,3464
4,1,2,1,1,28,1,1,11,9,0,147887,1560,9336,968,1120,7616,760
2,1,1,1,2,58,2,1,12,7,0,43472.8,4160,6768,1372,2004,22827.2,864
3,1,2,1,2,56,2,1,12,6,0,30157.8,8060,25253,1200,9024,5200,1340
2,1,2,1,1,44,1,1,15,9,0,104441,2426.6668,8386.6668,6040,1380,5248,260
1,1,1,2,1,63,1,1,12,8,0,46432,1404,6200,320,2324,720,260
2,9,1,1,1,59,2,3,16,9,0,94440,12940,80908,6016,6408,8432,16772
3,1,2,1,1,44,2,1,15,9,0,143817,5200,17089.3332,2340,1040,7765.3328,1056
3,9,1,1,1,56,2,3,15,8,0,59251,7920,11358.6668,7504,3040,5760,2312
1,9,1,1,1,64,2,5,11,6,0,35688.8,1733.3332,5229.3332,696,1924,1632,816
4,1,2,1,2,58,1,1,15,9,0,170775.2,4766.6668,3013.3332,3800,1600,7280,160
2,9,1,1,1,51,2,3,12,1,0,3898.4,953.3332,5732.6668,400,2620,4078.4,496
3,1,2,1,1,54,2,1,13,9,0,101871,13000,23068,5388,7560,54704,1816
3,1,2,1,2,64,1,1,12,8,0,56718.6,2600,10380,1464,3976,17504,2464
3,1,2,1,2,56,2,1,13,9,0,206108.6,4520,7837.3332,10078.6668,3600,25541.3328,1276
3,1,2,1,1,61,2,1,12,7,0,36550,3120,9600,3740,5772,9728,1248
3,9,1,1,1,56,2,3,12,3,0,15002.8,2600,2374.6668,240,1744,3241.0672,396
1,1,2,1,1,48,1,1,13,9,0,76941,1716,4796,1792,440,7626.6672,312
3,1,1,1,2,63,1,1,12,8,0,56679.2,1885.3332,3245.3332,2860,2220,18787.7328,364
2,1,1,1,2,60,2,1,12,5,0,26527,7280,6440,5152,2760,35979.2,3744
1,1,2,1,1,52,1,1,15,9,0,125563.2,23160,48553,44140,10732,5872,14940
4,1,1,1,2,62,2,1,15,9,0,79731,4420,41236,9256,5088,25600,256
3,1,2,1,1,48,1,1,14,9,0,120308.6,6586.6668,27114.6668,5576,2480,16640,1188
4,1,1,2,1,63,1,1,12,7,0,40912,1386.6668,9960,3600,1104,3856,680
1,1,2,1,1,62,1,1,12,4,0,18269.2,2226.6668,4254.6668,976,1448,7973.3328,400
4,1,1,1,2,55,1,1,15,9,0,74829,10144,78548,10084,6848,72160,1908
3,1,2,1,1,55,2,1,15,9,0,111818.2,7836,16504,5968,3360,19200,3524
4,1,2,1,1,30,1,1,15,8,0,60415,11600,14016,3740,1668,24000,976
4,1,2,1,1,50,2,1,13,9,0,103484,14800,17264,4664,2988,14000,6648
1,1,2,1,1,54,1,1,14,9,0,84852.4,8493.3332,5826.6668,7081.3332,1868,8960,2560
2,1,2,1,1,43,2,1,13,9,0,141703,5657.3332,10132,11020,3088,1920,1636
3,1,2,1,1,59,1,1,16,9,0,111519,3726.6668,10094.6668,1316,2664,3728,740
3,1,2,1,2,49,2,1,13,9,0,110471,3986.6668,4880,3029.3332,2812,5152,640
2,1,2,1,4,37,1,1,15,9,0,83986.2,2513.3332,6388,1364,1876,3317.3328,1668
4,1,1,1,2,53,2,1,12,7,0,41251,5876,10640,1836,4920,31680,1756
2,1,2,1,1,29,1,1,15,9,0,98909.8,8666.6668,13381.3332,2120,3040,11200,2904
4,1,2,1,1,51,1,1,14,9,0,133767.6,10400,35156,6620,6256,39200,6472
4,1,1,1,1,64,1,1,16,9,0,87487,10069.3332,23133.3332,2540,1880,16800,2952
1,1,2,1,1,61,1,1,12,8,0,59884,3033.3332,2741.3332,1556,768,1520,1208
4,9,1,1,2,59,2,3,13,8,0,46628.8,1538.6668,5677.3332,3188,1636,5102.4,452
2,9,1,1,4,47,1,5,13,5,0,23792,4290.6668,6392,560,1160,4156.8,512
2,1,2,1,4,33,1,1,14,9,0,62714.2,4466.6668,9200,4260,1600,11146.6672,5128
2,1,2,1,1,51,1,1,13,9,0,103402,9186.6668,20684,7092,5636,8160,3504
1,1,2,1,2,64,1,1,15,9,0,193852,11116,15836,8832,5852,2816,1044
2,9,1,1,4,38,1,5,10,4,0,15894.6,2946.6668,5400,480,1000,2426.6672,160
4,1,2,1,4,27,2,1,15,6,0,35058,4844,12600,6996,1200,1600,600
2,1,2,1,4,38,1,1,16,9,0,90533.6,5269.3332,10436,2073.3332,1908,23648,80
1,1,1,1,2,56,2,1,15,9,0,101894.2,12910.6668,24080,40380,5036,38652.8,15592
4,1,2,1,1,56,1,1,13,9,0,110727,4853.3332,18681.3332,3152,1328,3466.6672,2200
4,1,1,2,4,33,1,1,14,9,0,76276,4680,11724,1800,792,10416,2080
3,1,2,1,1,36,2,1,16,9,0,114379,9476,23924,5184,4196,13072,5784
4,1,2,1,1,39,1,1,13,9,0,114465.2,5525.3332,19382.6668,8560,2376,23200,784
3,1,2,1,1,60,1,1,12,9,0,76512,3986.6668,12004,5080,2080,11680,1720
3,1,2,1,1,35,1,1,15,9,0,113213,2080,4634.6668,3277.3332,1048,869.3328,600
4,1,2,1,1,53,2,1,14,9,0,153282.4,11786.6668,24076.3332,1200,5604,10928,968
1,1,2,1,1,60,2,1,14,9,0,73021,5720,12060,5040,3800,5120,1440
1,1,2,1,1,48,1,1,15,9,0,115696.8,2600,7116,6310.6668,1444,6480,392
4,1,2,1,4,29,1,1,13,9,0,84043,2080,7716,5052,1040,4021.3328,40
2,1,2,1,1,61,1,1,13,9,0,73142.6,3813.3332,7149.3332,720,1728,42506.6672,384
1,9,1,1,1,52,1,4,11,8,0,48011,2426.6668,11556,1306.6668,3740,901.3328,400
4,1,2,1,4,31,1,1,12,8,0,54862,6240,17504,6264,2780,4880,1612
4,1,2,1,4,32,2,1,15,4,0,18555.2,5253.3332,20376,5576,1116,7146.6672,1696
1,1,2,1,1,49,1,1,12,9,0,141781.8,5200,13806.6668,1880,3208,12565.3328,360
1,1,2,2,2,45,2,1,15,9,0,91068,8380,10832,25588,4440,19200,2160
3,1,1,2,2,57,1,1,12,5,0,24299.6,9620,5690,3052,4380,13920,1140
1,1,2,2,2,63,1,1,12,5,0,27127,3813.3332,20002.6668,1600,2168,1920,776
2,1,1,1,1,56,2,1,12,8,0,55114,2426.6668,5002.6668,1980,1240,40494.4,1072
4,1,1,1,4,30,1,1,15,8,0,49192,3900,19164,2256,1800,5760,4088
3,1,2,1,1,51,2,1,16,9,0,90934,1826.6668,8438,3232,3436,17306.6672,616
2,1,2,1,2,51,2,1,12,9,0,79482,4680,9268,3840,3356,8592,676
4,1,2,1,4,49,1,1,13,9,0,113201,4160,28506.6668,2720,960,6592,912
3,1,1,1,1,36,1,1,12,8,0,54065.4,2080,10004,700,1812,17600,272
1,1,1,2,2,43,1,1,12,8,0,56033,14720,12276,7688,3600,23312,556
1,1,2,1,1,29,2,1,15,9,0,62631,6500,19960,5576,4128,8336,364
2,1,2,1,1,58,1,1,16,9,0,104051,6880,23992,10824,5380,19456,2308
4,1,2,1,1,56,2,1,13,9,0,104763,6980,9772,12816,3440,29680,1120
3,1,2,1,1,55,1,1,15,9,0,159175,4160,24560,6868,6440,2400,8820
1,1,2,1,4,30,2,1,16,9,0,86906,2253.3332,6964,2464,864,1040,580
3,1,2,1,1,56,1,1,16,9,0,92216,5533.3332,21917.3332,4904,3888,10560,1384
1,1,2,1,1,58,2,1,13,9,0,86945,9440,15468,7796,4160,13947.2,2596
2,1,2,1,1,46,2,1,15,9,0,162532.2,2860,9525.3332,117476,1196,8042.6672,1520
1,1,2,1,1,57,1,1,14,9,0,73418,1473.3332,8880,1518.6668,876,6517.3328,324
2,1,2,1,1,40,1,1,15,9,0,106530,5213.3332,22488,4220,2556,8490.6672,4048
1,1,2,1,1,44,2,1,15,9,0,91145,2600,15157.3332,2208,644,3920,400
3,1,2,1,1,60,1,1,12,9,0,69564,5026.6668,19701.3332,9280,3840,3840,720
2,1,2,1,4,27,2,1,15,9,0,68135,2253.3332,2808,804,248,3360,1956
2,1,2,1,4,56,1,1,13,7,0,44317.8,4940,11176,5176,4440,82688,564
3,1,2,1,1,63,2,1,13,9,0,144800,6774.6668,31676,4193.3332,4848,5274.6672,1816
3,1,2,1,4,31,2,1,13,4,0,16297,2426.6668,4680,1034.6668,720,1152,120
4,1,2,1,4,28,2,1,13,8,0,48064.8,5676,13776,1792,1644,7168,144
3,9,1,1,1,45,1,5,13,7,0,42834,6240,5753.3332,800,2712,8210.1328,624
3,1,1,1,2,59,2,1,13,7,0,40575,3466.6668,2784,1200,1304,21970.1328,1728
1,1,1,1,2,62,1,1,15,7,0,37729,5026.6668,6612,2320,840,13173.3328,1716
3,1,2,1,1,62,2,1,13,9,0,111908.2,9280,13604,8212,3596,61643.2,2856
3,1,2,1,1,29,2,1,15,9,0,123089,6933.3332,4732,820,1280,3040,580
3,1,2,1,2,60,1,1,15,9,0,85164,4333.3332,9233.3332,1453.3332,3616,8224,1480
1,1,2,1,1,45,1,1,15,9,0,75453,12740,30416,13200,4488,12080,12292
4,1,2,1,1,57,1,1,12,9,0,97849,3293.3332,8644,1552,1456,2773.3328,500
4,1,2,1,2,62,2,1,16,9,0,123636.8,5280,20543.3332,1624,2508,40896,1704
2,1,2,1,1,55,1,1,16,9,0,84534,4021.3332,9641.3332,612,1812,528,216
3,1,2,1,1,31,1,1,14,9,0,114402.4,3380,6986.6668,2120,1312,7680,1080
3,1,2,1,1,29,2,1,12,9,0,96603.8,5026.6668,7134.6668,2960,2316,16042.6672,1024
3,1,2,1,1,32,2,1,15,9,0,91696,10080,16246.6668,4128,2316,11008,252
3,1,2,1,4,59,1,1,15,9,0,65619.8,15080,16080,6600,7280,13600,1440
1,1,1,1,1,61,1,1,15,8,0,61519,1509.3332,11266.6668,4560,464,18432,136
2,1,2,1,1,58,2,1,15,9,0,90657,2513.3332,4641.3332,1052,2092,5498.6672,316
2,1,1,1,1,57,1,1,12,7,0,46450,6240,9366.6668,2230.6668,3272,16316.8,608
3,1,2,1,1,52,2,1,14,9,0,86250,7626.6668,10038.6668,2400,3720,14186.6672,2736
4,1,2,1,4,28,1,1,15,9,0,76232,2426.6668,6506.6668,369.3332,546.6668,5786.6672,72
4,1,2,1,2,56,2,1,16,9,0,180919,3293.3332,4006.6668,2301.3332,1700,1920,1312
3,1,1,1,2,59,2,1,12,5,0,20920,953.3332,876,320,696,3813.3328,264
3,1,2,1,4,29,1,1,12,8,0,50672,8840,15304,6256,1360,14400,936
2,1,2,1,1,42,2,1,15,9,0,177398,8666.6668,21440,6210.6668,3892,5344,14800
1,1,1,1,2,64,2,1,12,8,0,57763,5720,7205.3332,1933.3332,2280,6556.8,480
3,1,2,1,2,58,1,1,12,8,0,54420,4160,9740,1760,2980,133162.6672,2264
3,9,1,1,1,44,2,5,15,9,0,67062,5173.3332,13592,2420,4028,4224,836
3,1,2,1,2,60,2,1,12,8,0,48813.4,8700,6220,3488,2216,8688,1252
1,1,2,1,1,62,1,1,12,9,0,67013,4160,6628,4988,2488,22933.3328,720
2,1,2,1,1,33,2,1,15,9,0,92572,1993.3332,5697.3332,1584,1516,4000,388
1,1,2,1,4,42,1,1,16,9,0,122875,3172,9240,728,2036,3466.6672,2892
3,1,2,1,2,61,2,1,13,8,0,46622.4,14560,12356,1200,6108,27360,1288
4,1,2,1,1,55,2,1,13,9,0,119445.8,2773.3332,6468,956,1560,19200,544
3,1,1,1,2,58,2,1,14,6,0,36763,4420,3052,1928,2652,5595.2,424
4,1,1,1,1,51,2,1,12,9,0,76194,2080,9116,3720,2636,35600,1140
3,1,2,1,4,43,2,1,14,7,0,39903,4498.6668,5000,2888,2080,14000,3420
1,1,1,1,1,62,2,1,13,6,0,33327,2686.6668,8144,1033.3332,748,1678.4,340
3,9,1,1,1,57,1,5,16,8,0,55316,2652,4381.3332,365.3332,572,5518.4,1060
3,1,2,1,2,56,1,1,12,9,0,67472.6,6704,15932,3720,6352,31520,600
2,1,2,1,1,61,1,1,13,8,0,53313.8,2600,3129.3332,788,888,5413.3328,300
4,9,1,1,4,60,1,2,12,7,0,41297,9100,14660,1352,1352,720,720
3,1,2,1,1,52,2,1,16,9,0,140246,3224,6125.3332,3632,3468,11056,1320
2,1,2,1,4,29,1,1,15,9,0,94001,2426.6668,8544,2124,1440,4853.3328,936
4,1,2,1,2,58,1,1,12,8,0,53587.4,2426.6668,5453.3332,3200,1812,3280,540
4,1,1,1,4,50,1,1,15,8,0,56632,1213.3332,7872,2053.3332,856,1376,552
3,1,2,1,4,52,2,1,15,9,0,121753,3834.6668,10484,2756,1380,4693.3328,580
3,1,1,1,2,62,1,1,16,9,0,90252,5460,12104,4160,4044,22992,1832
4,1,2,1,2,58,1,1,12,9,0,74942,3033.3332,8324,2520,3664,6784,7068
1,1,2,1,1,58,1,1,15,9,0,98379.4,5806.6668,11429.6668,1600,1860,44000,1040
2,1,2,2,2,31,2,1,12,8,0,46469.6,1906.6668,2322.6668,800,1456,3920,632
3,1,2,1,1,47,1,1,14,6,0,32398.2,2762.6668,6929.6668,80,700,1248,140
3,1,2,1,1,57,1,1,11,9,0,66380,2253.3332,2584,1848,1732,2773.3328,216
4,1,2,2,1,60,2,1,13,6,0,32499,3220,14148,68528,4840,39680,31228
4,9,1,1,1,49,2,4,16,8,0,60723.6,7286.6668,11161.3332,8092,3528,560,704
2,9,1,1,1,58,2,3,15,9,0,92230,7106.6668,14992,576,2892,18421.3328,1112
3,1,1,2,2,56,1,1,16,8,0,47992,6344,5466,3276,3144,35179.2,1704
2,1,2,2,4,53,2,1,11,5,0,20485.2,6240,9792,3600,2948,9072,2400
4,1,2,1,1,40,2,1,15,9,0,126705.4,9640,38916,19140,3040,15600,2000
2,1,2,1,2,60,1,1,12,9,0,88740.4,6741.3332,10917.3332,5728,3172,6544,1380
3,1,2,1,1,52,1,1,15,9,0,129394,7349.3332,27105.3332,1116,3424,7573.3328,2280
2,1,2,1,1,50,2,1,13,8,0,54045,10840,11368,4296,3444,9040,1572
2,1,2,1,1,44,2,1,12,9,0,111876.6,15600,61972,7356,10836,52544,19664
3,1,2,2,2,46,2,1,15,9,0,63296,5558.6668,2221.3332,3152,1488,4960,440
3,1,2,1,2,52,1,1,14,9,0,99053,1386.6668,5959.3332,1120,814.6668,5728,80
3,1,2,1,2,63,2,1,13,9,0,73573.4,17780,26160,11440,5660,38240,19348
3,9,1,1,4,53,2,3,14,8,0,55555.6,9552,15364,5592,3496,1408,1020
1,1,2,1,4,30,1,1,13,7,0,37652,9360,11072,2120,1176,1536,1080
3,1,2,1,1,62,1,1,14,8,0,49543,1993.3332,4004,1650.6668,2060,6928,516
3,1,2,1,1,46,2,1,13,9,0,85913,8356,23298,15196,3752,12688,2124
2,1,2,1,2,54,2,1,12,7,0,43588,9880,9164,4364,1824,2368,1596
4,1,2,2,2,63,2,1,15,9,0,80178,2253.3332,1258.6668,552,712,3200,528
4,1,2,1,4,39,1,1,13,8,0,54052,15396,18420,6884,2620,400,1920
4,1,2,1,4,42,2,1,13,8,0,54904,15080,13568,1100,2588,80912,684
3,9,1,1,2,53,2,3,16,8,0,53804.2,6000,5368,8360,4008,11275.2,1200
3,1,2,1,1,57,2,1,15,8,0,55252,5200,20540,2992,3480,10368,3632
4,1,2,1,1,61,2,1,15,9,0,96770.2,10266.6668,3976,832,1556,16576,1622.6668
3,1,2,1,4,35,1,1,15,8,0,57406,2860,3712,2020,472,17600,36
1,1,2,1,1,60,1,1,16,9,0,209928,6933.3332,16111.3332,100600,2960,24320,64
3,1,2,1,4,28,1,1,15,9,0,113021,7906.6668,13736,6413.3332,1300,6240,6632
2,1,2,1,1,29,2,1,15,9,0,82384,4160,9826.6668,3828,1520,2560,600
2,9,1,1,1,56,1,3,12,8,0,61874,2513.3332,4110.6668,2284,1936,11086.4,264
3,1,2,1,4,56,1,1,14,9,0,78336.8,6120,8828,5480,2780,17200,892
4,1,2,1,1,59,2,1,15,9,0,138742.8,4766.6668,11304,733.3332,2368,13232,976
3,1,2,1,1,28,2,1,14,9,0,66807,7280,22004,2180,4080,9120,2000
3,1,2,1,2,51,2,1,11,5,0,28120,2166.6668,2086.6668,2648,1480,1733.3328,200
2,1,2,1,1,50,2,1,14,9,0,66851,2686.6668,4950.6668,600,924,608,580
3,9,1,1,4,28,1,5,13,5,0,21616,8320,8690.6668,3581.3332,2280,12000,796
1,1,2,1,1,51,1,1,16,9,0,102360,2426.6668,9741.3332,800,1840,5866.6672,312
4,1,1,1,1,42,1,1,14,9,0,105121,2405.3332,11637.6668,1416,1752,13760,5936
4,1,1,1,4,29,2,1,14,5,0,21926,7020,11080,240,2400,3040,1480
3,1,1,1,1,57,2,1,16,9,0,89916,3640,13876,2120,3420,20395.2,180
4,1,2,1,1,50,2,1,15,9,0,126019,6240,22220,1408,2668,14400,428
3,1,2,1,1,48,2,1,12,9,0,77882,3302.6668,4006.6668,3428,1468,4613.3328,1064
1,9,1,1,4,44,1,4,12,5,0,23269,3466.6668,4672,800,740,3022.4,184
2,9,1,1,4,58,2,5,15,7,0,50213.8,7020,20880,6052,3208,23408,4216
1,1,2,1,4,46,2,1,13,9,0,66497.2,8580,14576,6840,2700,12480,732
1,9,1,1,2,60,2,3,12,5,0,24140,4549.3332,4445.3332,17600,1920,4800,1792
2,1,2,1,2,63,2,1,12,8,0,54689.6,1876,2553.3332,2384,1380,7024,224
2,1,2,1,2,60,1,1,13,5,0,22147,5858.6668,7466.6668,900,3324,4640,1472
1,1,2,1,1,54,2,1,15,9,0,134453,19880,35140,5920,8080,22624,3064
2,1,2,1,1,48,2,1,16,9,0,123065.8,3640,8677.3332,3200,2440,12448,300
3,1,2,1,1,47,2,1,13,9,0,165843,2946.6668,5188,868,2012,12800,60
4,1,2,1,2,50,2,1,12,5,0,25176,5700,2728,4464,1404,20800,1176
1,1,2,1,1,58,2,1,15,9,0,86335,3026.6668,10254.6668,2449.3332,4600,5600,760
3,1,2,1,2,60,1,1,13,9,0,231979,10226.6668,7614.6668,9060,4268,8320,1040
3,1,2,1,1,59,2,1,16,9,0,136906,12670.6668,23871.3332,271332,3420,9440,19560
4,1,2,1,1,27,1,1,15,9,0,73831,2253.3332,4902.6668,1180,1700,5861.3328,2042.6668
2,1,2,1,2,64,1,1,13,6,0,35650,2649.3332,2849.3332,1164,1516,4800,356
4,1,2,1,1,52,2,1,15,9,0,133584.2,10034.6668,39517.3332,30140,4064,3680,248
4,1,2,1,1,46,2,1,13,9,0,103863,3986.6668,9004,2840,4928,9920,808
2,1,2,1,1,37,2,1,16,9,0,117728,9396,34376,7260,5480,12736,5240
3,1,2,1,2,47,1,1,11,5,0,27369.2,606.6668,8604.6668,3820,1532,1024,600
3,1,2,1,2,47,1,1,12,4,0,15560,1812,1730,517.3332,1500,25248,996
1,1,2,1,1,61,2,1,12,9,0,117746.2,8244,30684,2700,5520,13104,684
3,1,2,1,2,58,1,1,12,8,0,58253,2166.6668,2378.6668,3381.3332,1680,7429.3328,512
2,1,2,1,1,35,1,1,15,9,0,113392.4,4766.6668,3541.3332,1140,780,7466.6672,32
3,1,2,1,2,63,2,1,15,9,0,101115.2,9526.6668,9365.3332,3522.6668,4848,12480,7748
3,9,1,1,1,64,2,5,13,6,0,36365.2,5525.3332,12328,2882.6668,3220,3708.8,464
4,1,2,1,1,55,1,1,15,9,0,141428,2600,10168,2240,1712,2357.3328,2864
4,1,2,1,1,60,1,1,12,9,0,89113,3120,2882.6668,40644,1424,4000,300
3,1,2,1,1,32,1,1,16,9,0,97832,6300,10573.3332,6990.6668,1612,2773.3328,10220
3,1,1,1,2,46,1,1,11,6,0,31203,1820,2008.6668,2336,1552,1678.4,216
2,1,2,2,2,56,2,1,11,7,0,39852.6,3120,5024,1656,3124,37035.2,1548
2,1,1,1,1,29,1,1,15,9,0,61822,10400,23852,14700,5640,13440,2304
2,1,2,1,1,28,2,1,15,9,0,68455,12680,24972,6904,2748,21120,960
2,1,2,1,1,58,2,1,12,9,0,81139.4,6066.6668,13881.3332,5260,3576,13344,1728
2,1,2,1,1,44,1,1,14,9,0,126795,37000,28784,23172,3000,26800,14200
4,1,2,1,4,58,1,1,15,9,0,113541.6,10920,29468,7060,9152,240560,1604
3,1,2,1,1,28,1,1,16,9,0,81804.6,8184,16880,4492,5220,10848,2640
2,1,2,1,2,52,2,1,12,9,0,101721,3206.6668,1492,389.3332,892,3098.6672,600
4,1,2,1,1,57,2,1,14,9,0,76089.4,6240,21600,5000,4164,32240,1736
2,1,2,1,1,44,2,1,12,9,0,81743,7488,25280,2160,3056,3200,972
3,1,2,2,2,54,2,1,11,7,0,45978.6,4333.3332,4493.3332,2692,2544,2080,640
3,1,2,1,1,64,2,1,12,9,0,84401,1300,3461.3332,720,1436,2880,312
3,1,2,1,1,55,2,1,14,9,0,124632,1213.3332,14700,7160,4492,34261.3328,1584
3,1,1,1,1,64,2,1,12,8,0,50166,6066.6668,10861.3332,5340,4628,85106.1328,916
3,1,2,2,1,58,2,1,12,9,0,80025,12826.6668,10710.6668,2148,3564,19488,324
3,1,1,2,2,61,1,1,12,8,0,61129,9100,2878,4784,2768,5035.2,296
3,1,1,1,1,49,1,1,13,8,0,59647,5200,29378.6668,4444,4852,5760,288
3,1,2,1,2,58,1,1,14,9,0,91608,5525.3332,52600,1688,2704,25920,960
3,1,2,1,1,43,2,1,16,9,0,100920,7488,43224,8580,5968,15072,2400
4,1,1,1,1,33,1,1,15,2,0,6000,6933.3332,10045.3332,11781.3332,1880,22720,200
2,1,2,1,1,54,1,1,15,9,0,150780,7072,25792,4660,2336,84240,2872
3,1,2,1,1,52,1,1,11,9,0,76025.4,6060,16112,5192,3844,15216,320
2,1,2,1,1,58,2,1,12,9,0,171776,4073.3332,2160,640,476,8666.6672,600
1,1,1,2,1,57,1,1,13,8,0,63152,4980,10152,3960,2164,13712,1608
1,4,1,1,2,55,1,1,15,7,0,38927.8,1770.6668,3426.6668,3808,2020,13280,404
3,4,2,1,1,54,1,1,16,9,0,163680,5348,12942.6668,9158.6668,1404,6186.6672,2056
2,5,2,1,1,62,2,1,15,9,0,124444.6,12220,11428,716,2952,73707.2,2132
3,4,2,1,1,64,1,1,13,6,0,37757,5540,10972,8688,3660,9840,1360
2,9,1,1,1,56,2,3,13,7,0,48874.2,2773.3332,40020,4296,2672,10940.8,616
1,4,2,1,4,63,1,1,12,8,0,55818,8600,24572,9540,4364,19488,5532
3,4,2,1,1,56,2,1,14,7,0,45038,1213.3332,3286.6668,1142.6668,1744,10096,36
3,4,2,1,4,38,2,1,12,8,0,48711,6240,26412,8248,7644,3040,2176
3,4,2,1,4,41,2,1,12,6,0,34922,4480,15168,3552,4380,5200,1092
4,4,1,1,1,54,1,1,11,6,0,35290,6933.3332,9853.3332,6080,4544,6986.6672,392
2,5,2,1,2,49,2,1,11,9,0,81085.4,2080,7696,1340,4160,11755.2,1632
4,4,1,1,1,54,2,1,16,9,0,66504.8,35100,7992,15272,2664,9168,3492
4,5,2,1,1,48,2,1,15,9,0,112345.6,23226.6668,56552,3200,10508,20800,1192
1,5,2,1,1,36,1,1,16,9,0,88197,7220,45690,19780,4880,28747.2,1320
3,4,2,1,1,49,2,1,13,9,0,94092.2,2426.6668,7990.6668,1220,1160,12800,392
3,9,1,1,1,60,2,4,12,5,0,33145,866.6668,2592,240,1400,1658.6672,140
1,4,1,1,2,62,1,1,10,6,0,33506.8,7280,4320,480,2880,3356.8,480
4,4,2,2,1,48,2,1,15,9,0,65451.2,2773.3332,3146.6668,800,412,12000,288
3,5,1,1,2,48,2,1,13,1,0,2790,1802.6668,3936,2965.3332,3696,3356.8,1024
4,5,1,1,1,53,1,1,14,1,0,4960,5980,9984,1280,6568,10070.4,540
1,4,2,1,2,49,1,1,15,9,0,93415,20800,24581,4400,8472,10816,1072
1,4,1,1,4,51,2,1,12,7,0,42414.6,9092,25968,1652,300,15600,1680
4,9,1,1,4,50,1,3,15,9,0,101927,2825.3332,5244,3644,832,5520,372
4,9,1,1,1,50,1,2,13,9,0,99336.8,7432,16589.3332,1704,2712,11545.6,1552
4,4,1,1,4,53,1,1,10,6,0,34108.2,10573.3332,9564,2604,676,13546.6672,200
4,4,1,1,4,48,2,1,12,6,0,32342,1906.6668,5900,1226.6668,1152,2496,228
1,4,1,1,4,50,2,1,15,5,0,31169,1508,4892,736,664,14869.3328,512
3,4,2,1,1,50,2,1,13,9,0,67958.4,5026.6668,6744,3504,2760,13866.6672,1200
3,9,1,1,1,28,1,5,13,5,0,29507,5200,7909.3332,2400,2640,6620.8,1200
1,4,1,1,1,57,1,1,16,9,0,93267,9706.6668,16120,10332,4988,9578.6672,800
3,5,2,1,2,63,1,1,15,9,0,69829.2,5546.6668,20389.3332,778.6668,4036,27324.8,1204
3,4,2,1,1,51,1,1,13,9,0,81725,2253.3332,2346.6668,1968,1204,5200,440
2,4,2,1,2,46,2,1,13,9,0,112792.8,11700,32356,5404,8824,56000,4960
3,9,1,1,1,44,2,5,13,8,0,56110,10400,15308,6408,4896,5440,3648
4,8,1,1,4,34,1,5,16,9,0,62125,11700,20236,1332,2260,8864,680
4,8,1,1,1,52,1,5,15,5,0,26210.2,3588,11806.6668,830.6668,1684,282.6672,2237.3332
2,8,1,1,4,29,1,5,16,8,0,52285,6188,13004,2176,1688,6640,2520
2,8,1,1,2,60,1,3,12,9,0,107941.8,4940,8140,2356,2880,32592,1020
3,8,1,1,4,50,2,5,16,8,0,46301,3060,2877.3332,3866.6668,476,1040,988
1,8,1,1,2,63,1,4,16,9,0,98886.2,2721.3332,9014.6668,5404,948,60314.6672,1024
4,8,1,1,1,62,1,5,16,9,0,83117,2322.6668,8830.6668,1000,1720,31914.6672,696
2,8,1,1,1,35,1,5,15,9,0,61140,4026.6668,8930.6668,3205.3332,1840,3808,1184
4,8,1,1,4,31,2,5,12,5,0,18884,5720,9560,5160,1160,10400,1900
2,8,1,1,4,63,1,3,15,9,0,57135,2426.6668,10052,11537.3332,2036,2080,1256
2,8,1,1,4,31,1,5,15,9,0,70119,2253.3332,5100,3208,420,1344,368
3,8,1,1,4,45,1,5,11,5,0,24695,8320,7684,21040,3872,8112,1152
3,8,1,1,1,37,2,3,16,8,0,43811,6240,17748,7044,2956,912,2956
4,8,1,1,4,59,1,3,13,8,0,54342.4,1092,6524,516,1444,2218.6672,1864
1,8,1,1,2,59,2,5,13,7,0,35555,2600,2130.6668,3114.6668,1544,18666.6672,584
1,8,1,1,4,29,1,5,12,4,0,16835,2253.3332,4592,600,640,6250.6672,736
3,8,1,1,4,50,2,3,14,6,0,29253.4,10444,17660,3320,4440,11808,1616
4,8,1,1,4,62,2,3,13,7,0,38844,4680,13088,300,1880,9040,552
4,8,1,1,4,32,2,5,16,9,0,58776,8236,19704,8080,856,12000,272
3,8,1,1,1,45,1,3,13,7,0,39886.8,1386.6668,4246.6668,1240,1972,1568,312
3,8,1,1,4,64,1,3,14,8,0,55426,4766.6668,5128,1436,1400,16718.4,5096
3,8,1,1,4,33,2,5,16,7,0,40214,2600,9452,2629.3332,1372,3584,1912
3,8,1,1,4,40,1,3,15,9,0,66645,2773.3332,7100,3725.3332,2360,4672,188
4,8,1,1,4,62,1,5,15,2,0,7955.4,3900,12652,2868,1712,320,1116
3,8,1,1,4,55,1,3,16,9,0,122814,9440,20000,4420,2320,16080,5700
1,8,1,1,4,48,1,3,15,9,0,57189,2513.3332,5856,2466.6668,260,7200,376
1,8,1,1,1,50,2,5,16,9,0,93440,3640,32476,9360,992,6736,6604
3,8,1,1,1,64,2,3,15,2,0,7227.8,4421.3332,7125.3332,1200,2640,8960,784
3,8,1,1,4,32,2,1,13,6,0,30026,1560,3108,1542.6668,856,14704,1156
2,8,1,1,2,45,1,3,13,9,0,57227.6,2600,7444,745.3332,1276,400,500
4,8,1,1,1,60,1,3,15,4,0,17164,2704,4262.6668,928,1612,8796.8,344
3,8,1,1,2,52,1,3,14,8,0,49700.2,6700,4688,6100,3100,3920,3300
4,8,1,1,4,48,2,2,15,5,0,20183,2184,12780,1920,1732,18688,180
1,8,1,1,2,48,1,1,14,8,0,52536,1560,2593.3332,180,860,4800,460
4,8,1,1,1,57,1,3,13,8,0,53545,4240,9557.3332,16568,3112,4480,266.6668
2,8,1,2,4,47,2,5,10,3,0,11870,953.3332,912,266.6668,368,2400,56
3,8,1,1,2,49,1,3,12,8,0,49591,2340,6724,3480,3296,25504,1920
1,8,1,1,1,47,2,5,15,9,0,67665,3640,27206.6668,8200,2940,2480,7520
4,8,1,1,4,61,1,3,12,6,0,35061,4229.3332,3936,2208,1456,18954.6672,916
2,8,1,1,4,29,1,5,16,8,0,49765,1386.6668,3172,2224,324,2709.3328,632
3,8,1,1,4,50,2,4,13,8,0,48308,1837.3332,9388,3006.6668,2288,896,1840
2,8,1,1,1,55,2,3,12,8,0,48929,1456,7937.3332,1332,1248,2048,1360
3,8,1,1,1,58,2,5,16,9,0,86633.6,1560,13628,280,960,9008,1192
1,8,1,1,4,62,2,3,13,9,0,56832,5546.6668,14571.3332,994.6668,3920,5520,540
3,8,1,1,1,58,1,2,16,9,0,101337,18026.6668,14911,1600,1696,6400,1400
3,8,1,1,2,27,1,5,13,7,0,36615.6,6133.3332,22165.3332,3266.6668,2520,6976,1520
3,8,1,1,2,58,2,2,13,6,0,31352,4445.3332,2393.3332,76972,1200,5680,916
1,8,1,1,1,40,1,3,15,9,0,68798,2773.3332,20028,2400,3760,28160,1640
1,8,1,1,4,34,2,3,15,6,0,33459.2,5218.6668,14920,4756,2920,2720,320
4,8,1,1,4,32,1,1,14,8,0,58976,2788,16500,1468,1500,8320,596
3,8,1,1,1,52,2,3,12,5,0,24704,506.6668,4962.6668,2300,2012,5013.3328,16
1,8,1,1,2,47,1,5,15,9,0,102258,7130.6668,8169.3332,3948,957.3332,6517.3328,2500
2,8,1,1,1,38,1,4,13,5,0,23169,2340,5694.6668,253.3332,1460,1856,280
3,8,1,1,4,43,2,4,15,9,0,77895,2773.3332,9256,893.3332,1060,2080,832
4,8,1,1,4,40,1,5,16,6,0,31364,4333.3332,6640,1640,1840,21760,600
1,8,1,1,1,56,1,3,15,5,0,21217,1508,2954,432,1780,21518.4,160
3,8,1,1,4,57,2,3,14,5,0,23214,3813.3332,10833.3332,640,1800,1120,120
3,8,1,1,2,44,1,5,12,7,0,37916,2166.6668,1220,640,860,1040,320
2,8,1,1,2,27,1,5,15,9,0,58292,3866.6668,6997.3332,2126.6668,1480,2400,640
1,8,1,1,1,37,1,3,16,8,0,49119,866.6668,3736,760,1096,762.6672,484
3,8,1,1,2,57,1,3,12,9,0,92067,1646.6668,2140,600,1600,3466.6672,500
3,8,1,1,1,55,1,5,12,9,0,62844,4120,15836,7956,4380,22400,2024
3,8,1,1,4,28,2,5,13,5,0,18187,1338.6668,3592,674.6668,240,560,1092
2,8,1,1,4,28,1,5,16,9,0,64057,10060,12940,5292,2040,4800,3148
1,8,1,1,4,46,1,3,13,9,0,71743.4,13000,15424,5872,2488,2336,3844
2,8,1,2,4,56,2,2,12,2,0,7310.8,520,1024,160,224,1664,112
2,8,1,1,1,59,2,3,12,8,0,45155,1386.6668,7028,297.3332,1488,1600,352
1,8,1,1,2,61,1,1,14,8,0,42600,1733.3332,2865.3332,2166.6668,1405.3332,3306.6672,288
4,8,1,1,4,35,2,5,15,3,0,10670,1040,3552,340,840,80,328
4,8,1,1,4,44,2,5,15,8,0,44266,1820,17668,1840,2724,19584,2028
2,8,1,1,4,53,1,3,15,7,0,36957,5616,9060,3624,660,55744,1436
2,8,1,2,2,37,1,5,14,8,0,57304,3840,4938.6668,3280,1660,832,1672
4,8,1,1,2,61,1,5,14,5,0,22924,6777.3332,1881.3332,2128,644,20176,704
4,8,1,1,2,63,2,3,16,5,0,25236,8620,42460,7800,10220,67840,5000
3,8,1,1,4,45,1,5,15,8,0,53135,3917.3332,8280,5398.6668,1880,13280,1452
2,8,1,2,4,29,1,5,13,5,0,18978,1646.6668,1400,240,100,2106.6672,80
2,8,1,1,4,29,1,5,14,6,0,31049,8960,8268,5620,1900,8144,696
3,8,1,1,4,47,1,3,15,8,0,42250,3530.6668,5512,2180,712,3434.6672,760
3,8,1,1,2,57,1,3,13,7,0,36392,5720,4618.6668,2309.3332,1584,480,64
4,8,1,1,1,58,2,3,14,9,0,71585,7900,33760,2960,2060,6432,2056
1,8,1,1,1,50,2,3,12,6,0,30555.2,1733.3332,9818.6668,1496,1432,762.6672,260
4,8,1,1,4,52,2,5,14,9,0,75348.8,10140,42628,4680,720,1760,2008
2,8,1,1,4,28,1,5,15,9,0,91717,1733.3332,3500,800,640,3488,352
4,8,1,1,4,28,1,5,16,8,0,48639.6,4866.6668,6336,2861.3332,2080,14592,2392
4,8,1,1,1,63,1,3,16,9,0,89835,1733.3332,7012,3336,1520,2800,20200
4,8,1,1,1,55,1,5,15,9,0,119138,6864,17676,1452,2452,4368,1200
3,8,1,1,4,27,1,5,15,9,0,69407,1473.3332,5432,565.3332,672,880,260
4,8,1,1,1,48,1,3,13,7,0,43790,4680,51884,4280,5760,4160,1920
1,8,1,1,1,60,2,3,13,8,0,53502,3120,18968,3660,4844,20800,2812
4,8,1,1,4,39,2,5,15,7,0,36695.6,12133.3332,18380,5664,1980,71168,2080
2,8,1,1,4,27,2,5,15,5,0,21432,1240,3226.6668,1632,580,672,460
3,8,1,1,4,29,1,5,14,5,0,23030,2513.3332,5660,328,480,1920,560
1,8,1,1,4,27,2,5,16,8,0,48299,2340,3104,360,376,2186.6672,248
3,8,1,1,1,47,2,3,16,9,0,65396,5900,54968,10984,3356,37040,4360
3,8,1,1,1,54,2,3,16,8,0,56565.6,5380,15104,4740,4820,22480,752
1,8,1,1,4,45,2,3,16,5,0,22052,8500,10608,1752,852,5456,280
1,8,1,1,4,30,1,1,15,8,0,51242,2773.3332,4868,1449.3332,468,176,520
2,8,1,1,1,59,2,3,13,8,0,48498,3460,10632,4256,1396,6544,8940
3,8,1,1,4,37,1,5,15,8,0,48374,3553.3332,3764,89604,1124,1669.3328,580
3,8,1,1,1,56,2,5,16,8,0,58069,1473.3332,1320,1660,760,1248,460
4,8,1,1,4,42,2,5,11,1,0,861,1976,3520,1600,320,4000,200
4,8,1,1,1,61,2,3,15,9,0,116125,2666.6668,13964,3804,2200,12672,2724
1,8,1,1,4,30,2,3,15,8,0,45367,3386.6668,9885.3332,3200,493.3332,17744,2656
3,8,1,1,4,60,1,3,15,5,0,20554,2600,10572,3796,2832,10960,1176
3,8,1,1,4,37,1,5,13,5,0,23216,753.3332,2136,684,1836,4336,512
2,8,1,2,4,33,2,5,13,6,0,32841.2,780,3704,1516,644,9685.3328,192
4,8,1,1,1,30,2,5,12,9,0,72907.2,8666.6668,15556,1040,1080,4160,984
1,8,1,1,4,30,2,5,15,3,0,12789.6,8160,8820,4213.3332,1460,22080,1760
2,8,1,1,2,47,1,3,15,5,0,27556.4,10808,8936,2676,3592,24384,2520
4,8,1,1,2,55,2,5,16,9,0,63427,4524,7812,4472,2940,34544,2384
3,8,1,1,4,33,1,5,16,9,0,90830,12584,16804,2124,2364,1920,1320
1,8,1,1,1,44,1,3,15,9,0,77638,5546.6668,9248,11066.6668,1920,640,1600
3,8,1,1,2,57,1,3,12,7,0,41269,2013.3332,2188,6192,1328,1728,3400
3,8,1,1,4,27,1,5,15,5,0,18141,1848,4256,640,888,1280,1380
4,8,1,1,4,50,2,4,16,9,0,141197,7800,56537,6400,4060,125024,6328
2,8,1,1,4,28,1,5,13,7,0,37141,4160,7440,1756,480,4784,100
4,8,1,1,4,36,1,5,16,9,0,82907.2,6864,14144,4744,1312,6048,3312
4,8,1,1,4,63,2,5,13,5,0,19370,1118.6668,9454.6668,92,308,16,320
4,8,1,1,1,57,1,5,15,8,0,46765,11960,9908,1560,2400,11904,96
2,8,1,1,1,45,2,5,15,9,0,75373,1560,3494.6668,120,2156,3520,520
2,8,1,1,4,55,2,5,13,6,0,33897,3120,8440,1040,1840,4160,328
2,8,1,1,1,43,2,5,15,9,0,59137,5800,8692,4860,2332,17040,220
1,8,1,1,1,46,2,3,15,9,0,69541,6760,12672,3532,1960,2800,360
3,8,1,1,1,61,2,3,15,9,0,59626,4160,34776,2812,1912,23216,3140
2,8,1,1,1,55,1,3,13,8,0,52500,6500,14140,5040,1728,8944,1952
4,8,1,1,4,29,2,5,12,8,0,57059,8280,19164,3852,3068,3568,484
4,8,1,1,2,53,2,2,15,6,0,27181,7301.3332,9268,5944,2776,224,4192
2,8,1,1,1,29,1,5,15,7,0,36694,2600,6097.3332,2880,1164,5866.6672,800
2,8,1,1,2,59,2,5,16,8,0,46339,1924,3480,1980,2472,8400,1260
2,8,1,1,2,54,1,5,14,7,0,38416,1040,3002.6668,2778.6668,1160,1984,572
1,8,1,1,4,44,2,3,15,8,0,53392,10506.6668,12117.3332,12197.3332,490.6668,3200,1180
4,8,1,1,1,62,1,3,15,9,0,80953,8320,7492,1056,2120,15120,1200
3,8,1,1,4,28,2,5,15,2,0,5383,866.6668,2768,790.6668,480,1680,312
3,8,1,1,1,51,1,3,13,9,0,95986,9564,11000,13708,1448,18320,5748
2,8,1,1,2,47,1,3,15,9,0,62286.2,7148,4260,4280,1760,9360,300
4,8,1,1,4,51,2,3,15,7,0,39361,6280,12208,7352,5068,1600,1892
3,8,1,1,4,44,2,3,13,7,0,36054,4160,12328,2752,1328,6144,1960
4,8,1,1,4,34,1,3,15,9,0,72010,2860,7890.6668,933.3332,934.6668,1680,1556
3,8,1,1,4,44,1,3,13,7,0,39364,8840,9972,965.3332,1796,12277.3328,4060
4,8,1,1,4,42,1,5,16,9,0,68695,7644,19380,1444,1320,3024,4180
4,8,1,1,4,48,1,3,14,9,0,62673,2600,7008,340,760,2288,392
2,8,1,1,4,29,1,3,13,8,0,48906,1021.3332,2200,2040,800,3134.4,112
3,8,1,1,1,51,1,3,15,9,0,71606,4853.3332,27744,1606.6668,5400,9600,2464
3,8,1,1,4,48,2,3,13,9,0,77138,2580,20396,10728,3192,13904,3260
3,8,1,1,1,36,1,5,16,7,0,36221,6933.3332,7121.3332,2876,1240,1258.6672,952
3,8,1,1,4,52,2,5,12,7,0,36464,1490.6668,8360,2700,1800,4160,320
3,8,1,1,1,53,1,3,13,9,0,59239,1594.6668,13922.6668,800,1580,5600,240
3,8,1,1,1,39,1,3,14,8,0,47073.4,2600,7182.6668,1696,2224,9600,824
3,8,1,1,2,64,2,2,16,9,0,69731,1126.6668,6334.6668,400,400,10560,208
3,8,1,1,2,56,2,4,12,5,0,24487,3640,5836,3840,3084,12560,636
3,8,1,1,1,36,1,5,12,7,0,40335,5720,13840,8156,696,832,296
3,8,1,1,4,39,1,3,15,8,0,45635,2600,7620,1626.6668,1220,14400,880
2,8,1,1,4,53,2,3,14,5,0,20793,2253.3332,5004,1108,772,4752,992
1,8,1,1,4,61,1,3,12,7,0,40658.6,780,4072,140,272,9952,504
2,8,1,1,1,32,1,5,13,8,0,46666.6,7280,6830.6668,2986.6668,2228,2560,808
3,8,1,1,2,63,2,3,15,8,0,53173,1906.6668,6521.3332,480,1992,12000,1100
3,8,1,1,4,53,2,3,15,7,0,37664,2322.6668,11010.6668,432,1288,6400,1372
3,8,1,1,4,44,2,3,16,2,0,8373,2482.6668,5437.3332,1244,860,15422.4,1856
2,8,1,1,4,50,2,5,14,8,0,51118.2,5200,12492,3960,2628,15264,2212
2,8,1,1,1,51,2,5,16,8,0,57335.6,3932,19360,6780,3392,25808,4260
2,8,1,1,4,60,2,3,12,5,0,19917.4,1213.3332,2760,220,400,2112,420
3,8,1,1,1,47,1,3,15,8,0,47885,3466.6668,6589.3332,1797.3332,3040,25253.3328,2000
3,8,1,1,1,42,1,4,16,9,0,100081,9880,21172,5080,2760,29456,3908
2,8,1,1,1,47,2,3,15,8,0,48184,2426.6668,7785.3332,4016,2536,4480,344
2,8,1,1,1,36,1,5,15,9,0,78339,2426.6668,12888,7234.6668,1292,4298.6672,1232
1,8,1,2,4,38,2,3,13,7,0,38086,5200,17356,1456,4364,20160,1260
1,8,1,1,4,33,1,5,16,9,0,69915,10160,11872,2300,2148,6912,828
3,8,1,1,4,27,1,5,16,5,0,24184,866.6668,4228,333.3332,800,1120,396
3,8,1,1,4,60,1,3,12,6,0,30126,1073.3332,2256,624,536,3840,320
3,8,1,1,4,31,2,5,12,5,0,24021,4056,7084,1716,1088,784,272
4,8,1,1,4,31,2,5,13,6,0,33344,5426.6668,11348,4660,2148,400,19880
1,8,1,1,2,55,1,4,15,3,0,13446.4,4160,11124,1228,1404,7104,276
3,8,1,1,1,55,1,3,13,9,0,67247.4,6906.6668,10298.6668,5544,2496,8640,2896
3,8,1,1,1,56,2,3,13,1,0,1615,3380,4428,3260,2352,6768,1740
4,8,1,1,2,55,2,3,12,6,0,32190.8,1854.6668,2253.3332,4536,1908,100254.4,1348
2,8,1,1,1,35,2,5,15,9,0,85329,3189.3332,15348,2356,3140,3840,1956
4,8,1,1,4,52,1,3,16,8,0,49983,8906.6668,8346.6668,2416,920,960,640
2,8,1,1,1,50,1,5,15,9,0,88169.8,2409.3332,4540,1620,1204,14234.6672,580
2,8,1,1,1,58,2,5,16,8,0,46252.6,5380,25804,3532,3948,6000,1056
1,8,1,1,4,28,2,5,15,6,0,29822,450.6668,2412,1921.3332,412,2080,300
2,8,1,2,2,51,1,3,14,3,0,12797,9360,10476,6228,4196,11504,896
3,8,1,2,4,30,2,5,15,6,0,32842.8,5200,8064,3868,1644,21883.2,2160
3,8,1,1,2,52,1,5,16,9,0,72551,4360,3213.3332,4664,1760,8320,1344
4,8,1,1,4,48,1,4,15,9,0,93347,3466.6668,22024,4800,604,6400,2168
3,8,1,1,4,51,1,3,13,8,0,53637,6600,14200,7188,3176,6800,1400
3,8,1,1,4,34,1,5,15,8,0,53437,9360,17896,1128,1960,9360,1712
4,8,1,1,2,31,2,5,15,5,0,24725,1720,1769.3332,960,1072,1322.6672,108
3,8,1,1,1,61,2,3,13,5,0,23268.8,1224,1458.6668,717.3332,812,832,32
4,8,1,1,4,28,1,5,15,5,0,25821.6,2360,5977.3332,2560,600,1738.6672,804
3,8,1,2,1,53,1,5,13,6,0,27822,5200,7888,3640,2116,3808,320
3,8,1,1,1,58,2,1,15,9,0,82335,4160,5514.6668,2800,2560,1600,1224
3,8,1,1,1,59,2,5,13,7,0,37288.2,6500,13868,4200,2764,33280,1728
4,8,1,1,4,33,2,5,15,5,0,22387,1144,8588,2988,388,6720,332
2,8,1,1,1,59,1,5,11,7,0,34433,1906.6668,4869.3332,693.3332,2824,3968,20
4,8,1,1,1,45,1,3,15,8,0,58127,1126.6668,8552,1542.6668,692,2352,680
4,8,1,1,4,47,1,3,14,9,0,83760,13364,13064,10877.3332,1544,18048,4136
1,8,1,1,1,55,2,5,16,9,0,84961.6,11960,28268,6228,2776,17376,4008
3,8,1,1,2,44,1,3,16,9,0,74512.2,2340,3618.6668,744,980,2080,316
3,8,1,1,2,57,1,5,15,7,0,37089.2,1733.3332,1146.6668,810.6668,605.3332,3600,1924
1,8,1,1,1,57,1,3,12,7,0,38125,8180,21720,2040,1480,99616,1776
2,8,1,1,1,27,1,5,15,7,0,42005.8,10400,14124,2520,1200,3440,1148
3,8,1,1,4,32,1,1,16,9,0,66626,4940,24568,600,1560,6480,108
2,8,1,1,4,39,1,5,12,6,0,30568,6500,7488,2100,2556,2032,468
3,8,1,1,4,48,2,3,16,7,0,36726,5200,16982.6668,2266.6668,1180,480,812
2,8,1,1,4,35,1,3,15,9,0,75340,7626.6668,11596,1237.3332,864,4586.6672,472
2,8,1,1,1,27,1,5,15,6,0,33399,3640,10892,2860,2864,17920,1376
1,8,1,1,4,36,1,5,15,5,0,18400,1068,3309.3332,366.6668,329.3332,816,200
3,8,1,1,4,56,2,3,16,6,0,26046,2680,23768,5116,3280,25200,3260
4,8,1,1,4,31,1,5,12,9,0,91273,1733.3332,9196,98869.3332,516,3712,840
4,8,1,1,4,48,1,1,12,5,0,22727.8,4844,9648,960,3180,3856,240
3,8,1,1,4,36,2,5,12,2,0,5800,4940,13908,6900,5244,400,1268
4,8,1,1,2,38,1,5,16,3,0,12205.2,2686.6668,1768,1200,960,2384,532
3,8,1,1,1,52,1,3,15,8,0,49539.8,12480,24532,3580,3252,13056,480
2,8,1,1,2,50,1,3,14,8,0,49498.2,6200,9229.3332,3948,2952,18026.6672,1400
4,8,1,1,4,61,1,3,13,8,0,55881,2964,5524,568,1044,1472,524
1,8,1,1,2,41,2,1,14,7,0,35870.2,2810.6668,6442.6668,1760,4116,13856,240
3,8,1,1,1,56,1,3,10,6,0,32436,8600,17742.6668,5926.6668,1736,320,632
4,8,1,1,4,58,2,3,13,6,0,31805,2800,7976,1436,920,13872,688
3,8,1,1,1,54,2,3,14,5,0,21249,1040,5034,1800,2148,2208,780
2,8,1,1,4,43,2,5,15,8,0,52792,3120,7536,64288,580,1920,1628
2,8,1,1,1,58,2,3,14,6,0,31193,1820,10332,1056,3080,2512,936
2,8,1,1,1,57,2,3,16,8,0,50429,3004,16804,4676,3256,7120,1072
3,8,1,1,4,29,2,5,15,7,0,40216,953.3332,5028,348,1188,1920,184
4,8,1,1,2,38,1,5,13,6,0,34035,4440,4649.3332,3360,1760,160,400
2,8,1,1,1,62,2,3,12,8,0,45521,2946.6668,7049.3332,2224,1280,1664,532
3,8,1,1,1,42,2,3,15,9,0,70661,5720,6342.6668,2756,1568,8981.3328,6024
3,8,1,1,4,30,1,5,15,9,0,66284,8773.3332,12592,2589.3332,808,1184,2192
3,8,1,1,1,42,2,3,15,9,0,60075,2374.6668,2540.6668,3228,720,1386.6672,1316
4,8,1,1,4,37,1,5,12,9,0,64767,4096,11820,4068,2180,5546.6672,680
4,8,1,1,4,54,2,3,15,5,0,21011.4,1213.3332,1620,1786.6668,708,1941.3328,2320
2,8,1,2,2,62,1,3,14,5,0,22731,6760,16548,2280,6800,5200,1364
1,8,1,1,4,29,2,5,13,8,0,49145.8,2600,20348,1564,380,6768,552
2,8,1,1,4,39,1,3,13,8,0,44386.6,2773.3332,6160,3460,960,2912,160
3,8,1,1,1,64,1,3,14,7,0,36610,1040,3249.3332,600,380,4640,400
1,8,1,1,4,34,1,5,15,9,0,85590,4940,25440,3676,1908,26400,468
2,8,1,1,1,59,2,3,13,8,0,49874.2,4940,4056,7372,1184,27024,684
2,8,1,1,2,63,2,3,12,5,0,22827,4680,4308,2932,3048,13616,624
1,8,1,1,4,28,2,5,16,8,0,49091.4,2166.6668,4076,1784,696,2992,1220
3,8,1,1,1,54,2,3,14,9,0,79605,1820,3394,984,1200,5130.6672,2300
1,8,1,1,4,27,1,5,13,1,0,616,5200,7164,1440,960,20496,1020
4,8,1,1,4,50,1,3,13,7,0,36079,5280,8816,720,1960,2432,96
3,8,1,1,2,61,2,2,13,6,0,27784,4333.3332,2902.6668,1564,1440,7328,1416
3,8,1,1,1,42,1,3,14,1,0,2149,3120,13013.3332,4504,1300,7765.3328,400
3,8,1,1,4,27,2,5,15,7,0,34735,1277.3332,3844,1560,1244,2560,220
4,8,1,2,1,50,1,3,14,7,0,40000,8720,46408,3100,3188,18768,2440
3,8,1,1,4,31,2,3,15,7,0,38270.6,13260,25712,3260,1220,15264,1584
2,8,1,1,1,39,2,3,13,4,0,16423,8000,11856,3428,2512,96,912
1,8,1,1,4,49,2,5,15,7,0,44321.4,2844,48416,4160,3924,208,1800
2,8,1,1,4,52,1,5,13,4,0,14912.6,5200,13120,568,480,62848,1360
1,8,1,1,2,48,1,3,15,6,0,32637,5200,5220,3000,3100,1680,1740
2,8,1,2,4,49,1,3,13,5,0,20504.4,1733.3332,4662.6668,1924,628,1664,80
1,8,1,1,4,28,1,5,16,5,0,24085,2990.6668,12760,1118.6668,1160,96,520
3,8,1,1,4,31,1,5,15,6,0,32236.2,1386.6668,3388,600,1080,800,392
1,8,1,1,4,36,1,1,12,8,0,46127,7280,11360,2874.6668,1260,7968,744
1,8,1,2,4,29,2,5,12,6,0,33669,3640,6304,1104,392,4096,520
2,8,1,1,4,34,1,5,15,9,0,64966.4,3466.6668,14076,5112,1796,14976,600
2,8,1,1,1,58,2,3,15,9,0,87725.4,3466.6668,15240,1914.6668,472,5477.3328,2376
3,8,1,1,4,59,1,3,11,6,0,28587.8,1976,7432,2672,812,2645.3328,696
4,8,1,1,4,31,1,5,14,8,0,54539,5708,10256,5640,860,18928,880
2,8,1,1,4,57,2,5,15,6,0,29598,2992,11992,8008,1844,5520,688
1,8,1,1,1,52,2,5,16,9,0,74639,2946.6668,13588,88706.6668,2968,2720,968
1,8,1,1,1,30,1,5,16,8,0,53061,3813.3332,6032,1360,580,3200,520
2,8,1,1,4,36,1,5,13,8,0,52140,8320,6740,6076,660,22976,876
3,8,1,1,4,29,2,5,15,6,0,33416,693.3332,3836,1600,376,24224,252
1,8,1,1,4,36,2,5,15,9,0,62293,11120,21892,3120,1772,9600,400
3,8,1,1,4,44,2,3,14,6,0,30861,9776,10980,1200,1440,256,2064
3,8,1,1,4,31,2,3,15,6,0,28402,3640,8596,4441.3332,3024,3840,2304
4,8,1,1,4,28,2,5,13,5,0,25433.8,2272,4860,1428,1160,5760,64
4,8,1,1,1,53,1,3,15,9,0,104940,2426.6668,37162.6668,2800,2192,3744,720
3,8,1,1,4,39,2,5,16,6,0,33107.4,7800,16728,2140,3708,11040,1236
3,8,1,1,2,44,2,3,13,5,0,20983,1906.6668,3201.3332,3376,1908,1280,1392
2,8,1,2,1,29,1,5,15,1,0,1830,1560,4849.3332,1720,1692,7552,3192
2,8,1,1,4,40,1,1,16,9,0,65661.6,9588,17548,6520,1716,9120,11024
3,8,1,1,1,42,1,5,15,8,0,53627,4853.3332,17433.3332,1813.3332,2320,4048,840
2,8,1,1,1,32,2,3,15,7,0,39981,2350.6668,3468,3333.3332,1080,2560,440
3,8,1,1,4,48,1,5,12,4,0,15986,2548,7876,2860,976,7776,924
1,8,1,1,4,51,1,5,13,5,0,25209.2,1473.3332,4508,3881.3332,172,128,844
4,8,1,1,4,51,2,5,15,3,0,11501.2,693.3332,3224,853.3332,264,2782.4,1088
3,8,1,1,2,55,2,5,16,5,0,25340,693.3332,1602.6668,424,436,9600,200
2,8,1,2,2,58,1,5,12,8,0,45752,3046.6668,5156,1200,2196,7210.6672,1472
4,8,1,1,4,62,2,2,14,6,0,34377,1733.3332,10772,800,1712,8736,520
2,8,1,1,4,36,1,5,13,2,0,5421,3986.6668,12004,480,1384,2432,1920
2,8,1,1,1,34,1,5,16,8,0,48344,8080,24232,5204,2996,3584,5276
4,8,1,1,4,61,1,3,15,6,0,29326,4160,6172,1060,508,22000,756
3,8,1,1,2,55,2,5,14,7,0,40806,2010.6668,1888,560,544,5930.6672,680
1,8,1,1,1,55,1,4,15,8,0,50998,2080,10936,960,1520,24288,600
3,8,1,1,2,56,2,1,12,6,0,27427,6933.3332,4613.3332,1200,2880,25600,1040
2,8,1,1,1,27,1,5,15,8,0,48153,1560,6425.3332,560,1708,2634.6672,992
4,8,1,1,4,27,2,5,13,6,0,27461,6760,9164,3428,2456,10160,1256
3,8,1,1,4,27,1,5,13,1,0,1292,1733.3332,3852,280,604,5333.3328,328
3,8,1,1,1,59,1,3,16,9,0,96458,5604,19712,8168,5324,4688,1688
2,8,1,1,4,35,2,5,15,9,0,57378,13080,11184,8448,1980,320,4044
4,8,1,1,1,49,1,3,14,9,0,60038,4333.3332,9785.3332,4724,1696,3008,124
1,8,1,1,4,29,1,5,12,8,0,49084,3033.3332,2464,1806.6668,832,2064,284
4,8,1,1,4,50,1,5,13,6,0,28646,5564,16676,1632,1440,11440,900
2,8,1,1,1,64,2,5,14,6,0,30299,693.3332,1813.3332,160,592,2912,104
1,8,1,1,1,30,2,5,15,7,0,34994,4680,7492,6300,876,2080,2212
2,8,1,1,4,41,2,5,13,1,0,3758,1248,2884,404,1220,3438.4,900
4,8,1,1,1,49,1,4,15,9,0,80771.8,2713.3332,2500,7936,560,2880,976
4,8,1,1,4,28,1,5,15,8,0,44160,3640,7613.3332,200,720,3200,100
1,8,1,1,4,29,2,5,14,4,0,15334.4,1213.3332,2756,32,1008,1386.6672,272
3,8,1,1,1,52,2,3,13,6,0,29273.8,5380,8864,1800,3900,2400,792
4,8,1,1,4,49,2,5,15,9,0,61538.4,6760,8016,1416,816,640,1132
3,8,1,1,1,27,2,1,15,3,0,12713,2080,18061.3332,3736,3240,96,652
4,8,1,1,1,37,1,5,15,9,0,83294.6,3813.3332,13538.6668,2218.6668,1380,2400,2900
3,8,1,1,4,44,1,3,15,8,0,45806.4,953.3332,3232,480,484,4442.6672,276
2,8,1,1,4,28,2,5,15,5,0,25304,1785.3332,3640,980,240,16,1380
3,8,1,1,4,29,1,5,16,7,0,41061,4420,18860,900,3200,2464,2688
4,8,1,1,2,48,1,3,12,7,0,41537,3224,7068,2964,1224,5760,1080
2,8,1,1,1,64,2,3,12,9,0,60783,4120,17588,1624,2388,6320,1920
3,8,1,1,1,57,1,3,15,9,0,65867.6,9160,23272,6552,2892,1680,7780
2,8,1,1,1,42,1,5,15,9,0,98566.4,9812,39780,4932,3168,9136,1356
4,8,1,1,4,27,1,5,15,8,0,44598.8,4333.3332,9832,90305.3332,1160,3776,600
4,8,1,1,4,55,1,5,13,6,0,31509.6,4160,5996,956,640,640,400
4,8,1,1,1,56,2,5,14,7,0,37838,2704,16720,1628,924,6448,480
4,8,1,1,4,60,1,5,16,8,0,55644,1629.3332,9872,1426.6668,2888,7040,2040
4,8,1,1,4,55,1,3,13,6,0,32798,2253.3332,7968,1512,320,5664,672
1,8,1,1,4,27,2,5,15,8,0,43329,1300,3420,853.3332,320,960,40
3,8,1,1,1,45,1,5,16,9,0,85938,2860,15249.3332,1862.6668,1308,20080,1308
3,8,1,1,4,37,1,3,16,9,0,86393,3986.6668,6276,2456,1440,32000,80
4,8,1,1,1,42,2,5,15,9,0,67952,7540,17280,6732,2600,10080,2192
1,8,1,1,1,51,1,3,11,8,0,59345.4,866.6668,15564,1120,1688,853.3328,520
4,8,1,1,4,50,1,3,13,7,0,42078.4,8000,10892,8780,2724,10112,14492
2,8,1,1,4,27,2,5,14,4,0,16207,10280,10580,1840,800,6768,600
3,8,1,1,1,34,1,5,15,9,0,65122,5980,23552,3780,1684,14400,1456
4,8,1,1,4,39,1,5,12,6,0,31039,2680,5126.6668,1413.3332,140,202.6672,592
3,8,1,1,4,44,1,4,15,9,0,110114,4680,18036,6600,1236,12000,2740
2,8,1,2,1,56,2,5,13,5,0,21680,2880,6414,2664,2352,3904,768
3,8,1,1,1,64,2,3,15,3,0,10697,4352,11440,59392,2860,320,5948
4,8,1,1,4,40,1,5,16,9,0,64046,5700,16868,1684,1392,17536,1356
2,8,1,1,1,55,2,3,13,9,0,70684.4,3640,29328,4640,3592,10080,3200
3,8,1,1,1,32,1,5,15,9,0,86048.2,5580,39480,81080,2388,7168,4176
3,8,1,1,1,56,1,3,14,9,0,70376,2080,15992,5036,4964,20800,1704
2,8,1,1,4,46,1,3,15,7,0,41311.6,2253.3332,7612,3082.6668,2412,10026.6672,1112
2,8,1,1,1,55,2,3,13,5,0,23614,2981.3332,10193.3332,904,1560,13600,256
1,8,1,1,4,46,1,5,12,8,0,45179,1040,9606.6668,992,986.6668,4800,136
2,8,1,1,2,58,2,5,16,9,0,69855.2,19309.3332,18373.3332,4770.6668,3544,12800,1400
3,8,1,1,4,30,2,5,12,4,0,15972.4,5772,5400,2772,900,6240,224
2,8,1,1,1,43,1,3,16,9,0,82261,2140,9625.3332,796,1368,2357.3328,2032
2,8,1,1,4,45,1,3,13,7,0,34070,1386.6668,7580,1692,792,7733.3328,160
4,8,1,1,1,30,1,5,14,8,0,52983,3813.3332,7956,18110.6668,1508,5376,592
3,8,1,1,1,48,1,5,16,9,0,80726.2,7620,74824,5764,3008,1088,2156
3,8,1,1,1,56,2,3,16,9,0,221559,4466.6668,7628,1200,1624,7200,766.6668
2,8,1,1,2,52,2,5,12,6,0,27798,3120,7476,1845.3332,2108,11157.3328,520
1,8,1,1,4,45,1,5,15,9,0,71681.4,2253.3332,8769.3332,1230.6668,1040,26720,184
1,8,1,1,1,47,1,5,12,8,0,49595,3466.6668,9296,3600,3068,4853.3328,1960
2,8,1,1,4,58,2,4,12,2,0,6674,2426.6668,8154.6668,461.3332,1172,1600,472
3,8,1,1,4,59,2,1,14,5,0,18992.4,3586.6668,3560,2000,2760,2400,180
2,8,1,1,4,32,1,5,14,6,0,32143,1733.3332,5088,692,140,1600,980
3,8,1,1,1,59,2,5,15,2,0,9224.8,2773.3332,13514.6668,960,2396,33296,952
4,8,1,1,1,38,1,3,15,9,0,79592,14180,26628,4556,1808,8000,5528
2,8,1,1,1,34,2,5,16,8,0,52927,2236,3000,618.6668,864,8000,888
3,8,1,1,4,51,2,3,13,4,0,14805,520,5760,2940,1980,1088,660
4,8,1,1,4,43,1,5,12,6,0,29533.2,6632,7560,3328,2160,4320,1164
3,8,1,1,4,63,2,2,15,7,0,38803,8220,17212,18920,2172,1200,7180
2,8,1,1,4,43,1,5,15,1,0,343,1040,5328,592,320,20928,656
2,8,1,1,1,55,2,3,13,9,0,64647.4,1300,3522.6668,600,1260,240,588
3,8,1,1,4,54,1,5,12,5,0,24443,7800,8820,1784,2180,240,132
2,8,1,1,4,47,1,5,10,1,0,2168,2080,954.6668,833.3332,506.6668,112,48
2,8,1,1,4,60,1,3,13,4,0,15186,728,3400,12,600,800,360
2,8,1,1,1,39,2,5,16,7,0,42957.4,1793.3332,6641.3332,320,716,2618.6672,204
3,8,1,1,4,30,2,5,15,6,0,28644,4333.3332,8648,1440,1792,1802.6672,656
4,8,1,1,4,29,1,5,16,9,0,66765,13900,18668,2636,1136,11168,4548
3,8,1,1,4,64,1,5,11,6,0,29976,3986.6668,8296,4740,2296,44752,200
3,8,1,1,1,32,1,1,16,9,0,92613,3033.3332,14185.3332,2912,3572,38672,456
4,8,1,1,4,33,2,4,14,6,0,30795.4,2565.3332,2390.6668,993.3332,520,4800,384
1,8,1,1,1,54,2,3,13,8,0,53149.2,866.6668,11244.3332,500,678.6668,3466.6672,20
2,8,1,1,1,51,2,5,13,8,0,42515,1040,2979.3332,550.6668,1000,768,516
4,8,1,1,4,40,1,3,16,9,0,88566.2,3900,8980,460,580,4800,32
2,8,1,1,1,46,2,3,13,7,0,38449,4520,13326,2672,760,16352,5244
1,8,1,1,4,59,2,3,12,5,0,18495,3120,3596,464,288,9168,196
1,8,1,1,4,49,2,3,14,8,0,43424,5440,8844,3664,1644,13040,1040
1,8,1,1,1,52,2,3,16,9,0,59561,5720,21688,4964,2232,9600,468
4,8,1,1,4,41,2,3,15,9,0,90505,7232,20896,5152,1056,18320,2904
3,8,1,1,1,30,2,3,14,6,0,31582,1733.3332,12300,1760,1400,3386.6672,96
3,8,1,1,1,32,2,5,15,7,0,38420,1733.3332,7426.6668,1600,1100,416,696
4,8,1,1,2,51,1,5,15,9,0,71947,4298.6668,2272,20684,560,7168,800
1,8,1,1,2,58,2,5,13,8,0,44778,1560,6413.3332,2564,1840,768,3420
3,8,1,2,1,46,2,3,14,7,0,37802.6,1266.6668,2337.3332,1300,808,1440,300
4,8,1,1,2,63,2,1,15,8,0,57837.8,2270.6668,4090.6668,401.3332,1820,21632,1736
2,8,1,1,1,45,2,5,15,7,0,38450.8,1646.6668,3272,480,420,1109.3328,460
2,8,1,1,2,59,2,3,15,8,0,42250,5304,5188,3180,1640,45952,256
2,8,1,1,4,42,1,3,15,7,0,38870,4240,7864,3832,1216,7626.6672,1012
3,8,1,1,1,42,2,1,16,8,0,46011,9893.3332,89676,4137.3332,4604,3200,3928
4,8,1,1,4,59,2,3,13,5,0,23308,1196,2513.3332,884,180,3706.6672,448
1,8,1,1,1,53,2,5,15,8,0,48275.8,1820,3508,1520,580,3200,56
1,8,1,1,4,57,2,5,14,9,0,65980,2860,18288,3032,2616,18992,3332
2,8,1,1,1,51,1,3,12,9,0,87229,3466.6668,10837.3332,1880,984,10400,780
3,8,1,1,4,29,2,5,15,8,0,50439.2,7920,13080,2856,580,800,952
1,8,1,1,1,31,1,5,15,8,0,50836.6,6240,9340,5812,2676,17360,3340
3,8,1,1,4,42,2,5,15,7,0,36626,5580,9924,1712,600,1584,60
4,8,1,1,4,45,2,3,15,8,0,52020,1040,7204,856,1004,1248,740
4,8,1,1,1,62,2,2,16,9,0,89330.2,5373.3332,26314.6668,866.6668,2612,15648,2180
4,8,1,1,4,63,1,5,12,7,0,41020.6,4216,10588,720,3032,17456,200
1,8,1,1,4,27,2,5,12,5,0,19809.4,3996,15720,9060,1948,46912,2144
3,8,1,1,1,59,2,3,15,7,0,36413.4,3380,13380,1892,1996,20704,184
1,8,1,1,2,63,2,3,14,8,0,52661,6240,10488,2928,5520,28608,1508
1,8,1,1,4,54,2,3,13,5,0,23379.2,3640,4952,4576,2468,480,180
2,8,1,1,1,58,1,3,16,9,0,74012,2166.6668,3488,2246.6668,884,4320,336
2,8,1,1,1,36,2,5,16,9,0,64926,7212,27600,9968,1640,62096,3436
2,8,1,1,1,49,2,3,14,5,0,20499,3762.6668,10764,3032,1156,2944,808
4,8,1,1,1,44,2,5,15,9,0,64025,2380,5588,713.3332,508,6885.3328,1744
4,8,1,1,4,35,1,5,14,8,0,50510.4,8840,4496,960,1984,6240,696
3,8,1,1,1,64,2,5,16,6,0,33137.6,1213.3332,22405.3332,4536,398.6668,5210.6672,200
3,8,1,1,4,51,2,3,16,9,0,90285,1473.3332,4989.3332,2416,592,640,4176
2,8,1,1,2,62,2,5,16,5,0,19259.6,3640,8600,2100,3372,3200,1292
3,8,1,1,4,33,1,5,12,7,0,43090.6,7096,43532,3600,4820,5035.2,828
3,8,1,1,2,60,1,5,14,6,0,27974,1733.3332,3928,4592,2848,1200,824
3,8,1,1,4,47,2,3,14,8,0,44145,693.3332,3308,206.6668,200,8240,200
1,8,1,1,4,32,1,5,15,9,0,63870,9000,20620,1144,2700,15600,3520
3,8,1,1,4,27,1,5,13,6,0,29093,5860,9472,4280,3032,3120,400
4,8,1,1,1,33,2,3,15,9,0,60126,1560,3860,1232,748,7674.6672,596
2,8,1,1,4,56,1,5,15,5,0,18148,2082.6668,11980,1380,1364,7466.6672,144
4,8,1,1,1,33,1,5,14,8,0,51635.4,18040,11480,8696,1788,8960,6808
3,4,2,1,2,45,2,1,11,9,1,72943.8,5680,6586.6668,4432,5540,39676.8,1560
4,5,2,1,1,42,2,1,16,9,1,200706,13693.3332,32101.3332,13840,3596,11146.6672,4000
3,4,2,1,1,38,2,1,14,8,1,60880,5200,7284,3436,2648,25600,1664
3,5,2,1,4,55,2,1,13,8,1,55942.8,4680,15972,10532,2496,1968,1340
1,4,2,1,1,54,1,1,15,9,1,94179,2506.6668,5438.6668,3286.6668,1940,12000,740
4,9,1,1,1,60,2,3,15,8,1,70793.8,10860,31684,4352,5508,26544,3576
4,5,2,1,1,41,2,1,16,9,1,114306,13000,23492,7120,5480,7840,2400
3,4,2,1,1,46,1,1,12,9,1,91112,4333.3332,2684,1034.6668,1220,3466.6672,760
2,4,2,1,1,43,2,1,13,9,1,72683,7626.6668,11894.6668,7384,4040,15904,1080
1,5,2,1,1,51,2,1,12,9,1,67334.6,6413.3332,13038.6668,4908,3784,11346.1328,2572
2,4,2,1,1,45,1,1,15,9,1,89491,16964,18708,5972,5468,8800,5412
3,4,2,1,1,44,1,1,15,9,1,82612,3401.3332,4229.3332,1836,1000,18800,800
3,5,2,1,1,44,1,1,12,9,1,107360,13776,8872,107592,7628,17952,2100
3,5,2,1,1,52,2,1,16,9,1,67128,1986.6668,6229.3332,2253.3332,880,2160,316
3,5,2,1,1,51,2,1,14,5,1,32804,2253.3332,3244,1352,1200,2688,240
3,4,2,1,2,53,2,1,13,9,1,66782,7440,9936,2216,5684,28336,1260
4,9,1,1,2,47,1,5,12,9,1,81846,7117.3332,3973.3332,2952,2600,8238.9328,480
4,4,2,1,4,50,1,1,13,8,1,61335,16640,25524,37376,1752,2160,1636
3,4,2,1,2,44,2,1,15,9,1,86751.2,13760,7582.6668,5708,5296,24000,9088
3,4,2,1,4,36,2,1,13,9,1,85675,4680,15532,6138.6668,5916,52992,2208
3,6,1,1,1,45,1,1,12,7,1,42328.4,12708,23592,3816,5740,6720,1536
3,5,2,1,1,55,1,1,15,9,1,120828,7800,65826.6668,4536,5724,3356.8,360
2,6,1,1,2,44,1,3,13,7,1,40558,9100,6560,2204,2160,11990.4,504
3,7,1,1,2,40,2,3,16,8,1,52956,2520,4945.3332,1332,1992,8912,2900
3,7,1,1,1,39,2,1,14,8,1,61024,3120,9974.6668,1840,2560,1600,1144
3,7,1,1,4,45,2,3,15,8,1,49782,3900,11740,1094.6668,1900,3872,80
3,7,1,1,1,38,2,5,15,8,1,59384,3120,30772,5376,3920,11616,4924
3,7,1,1,4,40,2,3,11,3,1,15902.8,2001.3332,5252,4265.3332,1332,1296,772
3,6,1,2,4,38,1,3,13,9,1,77511,13400,16440,3872,6400,14368,1956
3,7,1,1,4,30,2,5,12,3,1,15287,693.3332,2192,60,792,176,80
4,7,1,1,2,37,2,2,16,6,1,29587.8,5192,37724,1212,2040,12400,1288
3,7,1,1,1,35,2,1,16,9,1,97959.4,4697.3332,20618.6668,942.6668,1176,8000,1832
4,6,1,1,4,64,1,4,13,5,1,24281,4680,15180,3060,5280,11510.4,1140
3,7,1,1,1,36,2,3,16,8,1,47479,7268,11908,147536,3468,8160,1856
2,6,1,1,4,39,1,5,13,7,1,38796,9360,12060,1440,2100,768,1140
1,7,1,1,1,55,2,3,15,4,1,21271,4920,16448,2404,2096,1280,580
3,6,1,1,4,29,1,5,15,7,1,38174,10192,10904,7912,2544,11328,420
3,9,1,1,4,54,2,5,12,4,1,20912.6,3300,2072,1540,1240,1678.4,432
1,7,1,2,2,44,2,3,15,5,1,26913,3120,5473.3332,15218.6668,1760,8560,388
3,7,1,1,4,54,2,4,13,9,1,77070,13040,34036,6564,4556,19680,2128
3,7,1,1,4,33,2,3,14,5,1,25607,6140,12708,4500,2656,6240,400
1,7,1,1,2,51,2,3,15,9,1,102814,5026.6668,25750.6668,8628,2900,11093.3328,2576
1,6,1,1,1,45,1,3,15,9,1,91765,2773.3332,17245.3332,5300,2488,14688,3384
3,7,1,1,4,35,2,5,14,3,1,19255.2,3980,3504,12640,1680,1008,1000
3,7,1,1,2,51,2,3,16,9,1,76363,5980,5820,504,2072,9637.3328,1392
2,6,1,1,4,52,1,3,15,9,1,71026,4413.3332,5912,66.6668,1800,9600,1464
3,7,1,1,4,47,2,3,14,7,1,38182,4326.6668,6413.3332,79800,1800,2400,482.6668
3,7,1,1,1,30,2,5,15,7,1,40083,5520,12336,1592,3072,30512,4460
3,7,1,2,4,30,2,4,14,5,1,28861,2537.3332,2900,3596,1996,2512,660
1,7,1,2,4,47,2,3,16,9,1,63636,1040,5660,2612,1380,5856,448
3,7,1,1,1,49,2,5,12,9,1,64289,3813.3332,4764,1600,1904,8320,400
3,7,1,1,4,44,2,5,13,5,1,26295,3900,10008,4012,1716,17888,936
3,7,1,1,1,42,2,5,16,9,1,63046,7944,10000,3280,3072,13824,108
1,7,1,1,4,27,2,3,15,7,1,36950,4666.6668,13232,2268,1440,9472,612
3,7,1,1,1,37,2,3,16,8,1,46702,8500,12616,10684,2900,17280,4200
3,7,1,1,1,31,2,5,16,7,1,38467,1820,4193.3332,4744,1512,1744,956
1,7,1,1,1,30,2,5,11,5,1,26826.4,2946.6668,16784,800,5432,5589.3328,1184
2,7,1,2,4,34,2,2,15,5,1,23048.4,12480,10416,5808,2344,29648,8804
3,6,1,1,4,28,1,5,13,8,1,48394,2500,3612,2432,1184,5632,6568
2,7,1,1,4,39,2,3,15,3,1,15420,2253.3332,12024,3726.6668,1856,5196.8,72
4,7,1,1,2,46,2,4,15,8,1,46886,2876,11676,2580,2848,45120,8396
2,6,1,1,4,34,1,5,15,7,1,36394,2166.6668,4484,3000,920,416,636
3,7,1,1,4,44,2,5,11,4,1,22017.6,4680,2476,21128,300,3600,3400
4,6,1,1,4,42,1,3,15,9,1,100811,9480,49284,9164,1356,19680,9284
3,7,1,1,4,31,2,4,14,2,1,12960,1213.3332,11816,3108,1736,3356.8,664
4,7,1,1,4,40,2,3,16,9,1,64100.4,16900,19512,4492,3584,14384,9396
1,7,1,1,2,38,2,3,16,9,1,63283,3120,9394.6668,2684,720,9280,600
3,7,1,1,4,31,2,5,14,6,1,31398.8,1560,13880,1660,3600,6240,96
1,6,1,1,1,58,1,2,15,8,1,54638.4,1126.6668,5252,484,720,17866.6672,36
3,7,1,1,1,44,2,3,15,6,1,34221,2253.3332,4980.6668,320,1412,640,328
4,7,1,1,1,54,2,3,15,8,1,52335,4333.3332,8306.6668,2000,3240,1760,464
4,6,1,1,4,41,1,5,12,5,1,27822.8,5200,11664,3424,1088,5584,400
2,6,1,1,1,32,1,3,15,5,1,23999.2,3466.6668,3685.3332,3064,528,320,848
2,7,1,1,4,27,2,5,13,7,1,39723.6,3133.3332,10568,2544,1320,8736,3560
3,7,1,1,1,32,2,2,13,3,1,17702,4853.3332,13445.3332,3000,4984,2240,632
3,6,1,1,2,42,1,5,11,7,1,41578,4320,2250.6668,400,1584,11093.3328,1120
1,7,1,1,2,55,2,1,16,4,1,19313,2426.6668,19209.6668,4664,1740,11040,492
3,7,1,1,4,28,2,3,15,7,1,36969,3748,7136,4800,428,3840,1200
2,7,1,1,1,44,2,1,16,7,1,40301,3848,5606.6668,1193.3332,2676,5600,1012
3,7,1,1,4,33,2,5,14,6,1,37997.8,1560,3864,4480,904,1200,540
3,7,1,1,4,34,2,5,13,6,1,31668,3466.6668,10648,5652,2304,5226.6672,1556
3,7,1,1,4,31,2,5,12,6,1,33935,5460,14968,2936,2280,14480,972
3,6,1,2,4,64,1,4,13,2,1,13662,2340,5216,15864,1700,576,400
3,7,1,1,4,31,2,5,12,4,1,23477.6,3120,7029.3332,2248,1072,2720,1588
3,7,1,1,1,39,2,5,12,4,1,21775,2045.3332,8138.6668,1920,1520,1706.6672,744
1,3,2,1,1,41,2,1,12,9,1,124312,6073.3332,27870.6668,11557.3332,6700,17328,2996
2,3,2,1,1,44,2,1,15,9,1,109081,6690.6668,18008,5329.3332,3400,13120,1552
3,2,2,1,1,36,1,1,15,9,1,133467,4853.3332,13705.3332,6316,836,6805.3328,4404
2,3,2,1,4,32,2,1,15,8,1,62121,13320,12604,8884,4800,29360,18620
2,2,2,1,1,34,1,1,15,9,1,99865.2,3832,8742.6668,5012,1356,8816,2164
3,3,2,1,1,43,1,1,15,9,1,93768.6,1993.3332,3558.6668,580,1464,186016,268
1,3,1,1,1,49,1,1,12,8,1,56626,2600,27316,5440,5760,6400,440
2,3,2,1,1,54,1,1,15,9,1,101315.8,10520,15112,3672,2724,24032,3625.3332
4,3,2,1,4,36,1,1,15,9,1,125250,4996,10432,5524,1760,5893.3328,1000
4,3,2,1,4,39,1,1,11,6,1,37498,1421.3332,2593.3332,693.3332,480,3248,164
2,2,2,1,1,34,2,1,16,9,1,105214.8,2720,6521.3332,1320,1072,5632,320
4,2,1,1,1,30,1,1,15,9,1,93258,12128,25136,2008,3480,28064,3896
3,2,1,1,4,31,1,1,15,9,1,61697,1906.6668,6778.6668,1400,800,10000,208
4,3,2,1,2,52,1,1,13,6,1,34607,7626.6668,6160,2026.6668,4200,320,1200
1,7,1,1,4,42,2,3,11,6,1,33508,14213.3332,12516,6826.6668,3980,5408,5780
3,3,2,1,1,36,1,1,14,1,1,300,14768,15120,5516,4560,12000,17616
3,2,2,1,4,31,2,1,15,9,1,88748,10440,21496,9100,4840,12128,1348
3,2,1,1,4,29,1,1,15,8,1,57006,4160,13601.3332,1406.6668,1184,35466.6672,864
1,3,2,1,4,41,2,1,12,3,1,19043,7052,9244,1256,5700,1584,460
4,3,2,1,4,44,1,1,15,9,1,168164,8840,16888,7305.3332,2960,14400,1720
3,2,2,1,1,28,1,1,12,9,1,79123.2,7020,6216,1956,3308,1920,720
3,2,2,2,2,39,1,1,15,9,1,118777,8666.6668,5300,4380,1864,2560,520
1,7,1,1,1,41,2,5,15,9,1,68341.2,10100,23368,6800,5220,8640,228
4,3,2,1,1,45,1,1,12,6,1,39420.2,6690.6668,17346.6668,1220,2864,864,924
3,3,2,2,1,52,2,1,14,9,1,93832,7986.6668,5622.6668,6824,3380,12074.6672,456
1,2,2,1,1,32,1,1,15,9,1,68806,7280,16736,8784,3836,19808,2460
1,3,2,1,4,46,1,1,15,9,1,84789,5546.6668,11696,1708,3096,9200,1896
4,3,2,1,1,39,1,1,15,8,1,59869.8,7656,13960,5456,4356,30048,3880
3,9,1,1,1,49,1,3,13,8,1,48245,3466.6668,16246.6668,5472,3840,1280,2000
4,9,1,1,4,33,2,4,13,6,1,36554,5480,8222.6668,1040,1244,11621.3328,840
4,2,2,1,4,30,2,1,15,9,1,90234,8880,18156,5560,4400,28384,1672
4,3,2,1,2,57,1,1,15,9,1,125426,6500,4269.3332,2484,1800,784,424
3,3,2,1,1,54,1,1,16,9,1,126217,8026.6668,16001.3332,4280,3936,5962.6672,2816
3,3,2,1,2,46,1,1,16,9,1,120957,7016,13768,2040,1568,19200,2120
4,3,2,1,4,64,1,1,15,9,1,121479,3553.3332,8829.3332,2132,1196,2144,1024
3,9,1,1,2,50,1,3,13,7,1,50772,8320,6484,4940,3120,31355.2,1176
3,3,1,1,2,51,1,1,12,2,1,5639.4,4506.6668,4409.3332,2240,2028,2400,916
1,3,2,1,1,55,2,1,15,9,1,77985,9424,28843,15708,7320,9600,10704
4,2,2,1,4,31,2,1,15,9,1,131305,10324,36324,6644,2128,6464,1516
4,2,2,1,1,33,1,1,15,9,1,141328.8,4853.3332,24148,800,1232,36064,864
3,3,2,2,1,37,2,1,16,9,1,107859,19400,20044,12816,6688,97040,10112
4,3,2,1,4,42,2,1,14,9,1,71860.2,4853.3332,2840,2080,820,4800,1100
3,3,2,1,1,45,1,1,14,9,1,71649,9260,40384,12148,3000,20784,5020
2,3,2,2,1,59,2,1,12,8,1,56791,12880,7248,4296,1780,60832,1684
3,3,2,1,1,57,2,1,16,9,1,109004,16900,45064,3844,13032,24160,9264
2,3,2,1,1,37,1,1,12,8,1,57488,7280,12356,3500,3160,9632,416
4,3,2,1,1,57,1,1,15,9,1,68890,17744,25568,9136,2244,94016,1496
3,3,2,1,1,51,1,1,14,8,1,55298,433.3332,2933.3332,300,1520,4400,260
3,3,2,1,4,37,1,1,13,9,1,107911,2166.6668,4640,480,1040,13104,580
3,2,2,1,4,31,1,1,12,6,1,33700,4506.6668,12008,3706.6668,1908,7680,560
3,3,2,1,1,47,1,1,14,9,1,94525,11960,11040,11080,3932,28704,2620
4,3,2,1,4,43,1,1,13,9,1,94912,7310.6668,17380,82476,3620,29450.6672,1060
3,2,2,1,1,31,2,1,16,9,1,163270,5373.3332,19370.6668,3193.3332,304,15792,960
4,3,2,1,1,52,2,1,15,9,1,115193.8,10544,29552,3392,3976,11056,9932
3,2,2,1,1,27,1,1,15,9,1,91465.4,2680,5064,1048,1488,6080,732
1,2,2,1,1,30,2,1,15,9,1,112398,5200,25057.3332,10908,2360,4160,4124
3,3,2,1,1,44,1,1,11,8,1,60517,6346.6668,15121.3332,3242.6668,2916,3840,512
3,2,2,1,1,32,2,1,15,9,1,82908,2253.3332,25566.6668,4105.3332,1596,6592,476
3,2,2,1,4,37,1,1,13,9,1,105369.6,19640,29612,16136,7788,24960,8204
2,3,2,1,1,32,2,1,15,4,1,22706,5280,23240,156988,4108,21680,356
1,2,2,1,1,31,2,1,15,9,1,99900,3640,8052,3680,2432,6112,800
3,3,2,1,4,28,2,1,12,7,1,44452,1473.3332,3940,188,940,8160,600
4,2,2,1,4,29,1,1,15,9,1,93049,13260,31400,5792,2768,5440,1160
1,2,2,1,1,39,1,1,15,9,1,134770.2,5026.6668,17340,570.6668,1840,11045.3328,2876
3,3,2,1,1,42,1,1,15,9,1,127784.4,5546.6668,18188,2633.3332,3360,25984,3984
4,3,1,1,1,63,1,1,14,5,1,31349,4320,14828,2996,1780,2720,860
2,3,2,1,1,47,1,1,14,9,1,116077,7593.3332,9349.3332,3184,2520,17504,2656
2,3,2,1,2,57,1,1,16,9,1,131819,6681.3332,8298.6668,6972,3144,7680,8484
1,7,1,1,1,45,2,3,12,8,1,58104,20540,17828,760,6240,4320,3496
3,3,2,1,4,28,1,1,13,9,1,80311,5720,15604,5896,3544,22256,1128
1,2,2,1,1,34,1,1,16,9,1,132659,3813.3332,30100,2268,1948,11520,572
3,3,2,1,1,43,2,1,15,9,1,66667,9452,24628,6888,2040,1760,2736
3,2,2,1,1,31,1,1,15,9,1,65298,2446.6668,8984.6668,5680,1460,6960,572
3,3,2,1,1,41,2,1,16,9,1,108747,5086.6668,20320,93396,3264,13536,1124
3,6,1,1,4,56,1,3,15,7,1,46312,2860,12444,1060,1836,17488,192
3,7,1,1,4,40,2,5,13,8,1,51689,5546.6668,12224,1156,3676,4618.6672,2768
3,3,1,1,2,39,1,1,14,9,1,63072,13010.6668,3886.6668,2616,2152,3232,1728
3,2,1,1,1,33,1,1,13,9,1,73183,4306.6668,12910.6668,6284,2152,7680,944
3,3,2,1,4,44,2,1,14,7,1,45217,3100,16900,4204,4320,31184,2508
3,2,2,1,1,33,1,1,15,9,1,73511,7800,15008,6688,2712,54448,3620
2,3,2,1,4,41,1,1,16,6,1,35184,7540,11428,12440,1560,12672,640
1,2,2,1,1,36,1,1,16,9,1,72745.2,16466.6668,16213.3332,7720,1060,19200,880
2,2,2,1,1,34,1,1,15,9,1,154788,3466.6668,15252,1617.3332,1484,1696,676
3,2,2,1,1,47,1,1,16,9,1,122197.6,3986.6668,11942.6668,1068,1256,4202.6672,1760
4,2,2,1,1,32,1,1,13,9,1,152705,14213.3332,27241.3332,6804,3348,21952,4060
4,3,2,1,4,34,1,1,12,9,1,106176,5720,21176,6460,3720,20384,3144
2,3,2,1,1,32,2,1,15,9,1,74899,8996,16704,1440,4924,47472,1588
4,2,2,1,1,30,1,1,15,9,1,87477,1820,17914.6668,6684,1128,7802.6672,260
3,2,2,1,1,27,1,1,15,9,1,78607,3640,5092,1304,1772,4400,560
1,3,2,1,1,53,1,1,15,8,1,51454,5720,20516,7776,7236,2160,2104
3,7,1,1,1,47,2,3,16,8,1,60492,6676,31040,19916,5376,3568,2264
2,2,2,1,1,33,2,1,16,9,1,70585,4506.6668,19200,3233.3332,2908,7360,1428
1,2,1,1,4,33,1,1,15,7,1,45189,10400,17136,10424,4404,54400,228
1,3,2,1,4,34,1,1,12,9,1,76424.2,2013.3332,6270.6668,3973.3332,2570.6668,6416,500
4,2,2,1,4,36,1,1,11,9,1,97152.6,18066.6668,19920,11764,1904,11600,1072
1,3,2,1,2,55,1,1,15,9,1,108812.6,2773.3332,7112.6668,5290.6668,1336,7637.3328,416
1,3,2,1,4,42,2,1,16,9,1,144996.2,9440,23156,10960,2648,6512,1704
2,3,2,1,1,48,1,1,14,9,1,104542,2253.3332,9336,2161.3332,3640,12933.3328,1420
4,2,2,1,1,40,2,1,16,9,1,138150,3986.6668,22389.3332,3608,1356,16240,560
2,2,2,1,1,39,1,1,15,8,1,55547,6424,28364,4752,6120,36528,240
1,2,2,1,4,31,1,1,12,8,1,53210.4,4160,13356,2844,2188,5013.3328,240
3,3,2,1,1,45,2,1,16,9,1,109244,8666.6668,15701.3332,16200,3820,41280,1000
1,2,2,1,4,28,2,1,12,8,1,51456,4420,23632,6840,5760,5520,2328
3,5,2,1,1,37,2,1,16,9,1,111935.2,11040,18388,9540,3920,8160,4332
3,2,2,1,2,31,1,1,14,8,1,52142.2,4680,7446.6668,4076,2296,32176,2264
4,3,2,1,1,51,1,1,15,6,1,33322,9092,28468,12384,4280,12096,3928
4,2,2,2,1,38,1,1,15,9,1,85337,2600,5244,1694.6668,1480,13280,1140
3,2,2,1,1,37,2,1,16,9,1,95107,11920,27276,93584,2608,3360,1488
1,7,1,1,1,50,2,2,13,7,1,39687,5200,23908,11880,4164,23600,2340
1,2,2,1,1,34,2,1,12,9,1,87846.6,2860,4984,1200,2020,4506.6672,480
1,3,2,1,4,51,1,1,16,7,1,39517,6586.6668,13970.6668,4441.3332,2666.6668,224,240
4,3,2,1,4,35,1,1,13,9,1,103322,1733.3332,7684,260,1124,6800,356
3,3,2,1,1,44,1,1,12,9,1,64818.8,4853.3332,13726.6668,3152,3312,12341.3328,1968
3,2,2,1,1,27,1,1,13,9,1,111734,11856,20628,14392,3120,26000,4688
2,3,1,1,1,45,1,1,15,9,1,67156.8,4333.3332,11884,2720,3644,9984,1264
4,2,2,1,4,36,2,1,15,9,1,98686.6,6080,13016,6080,3424,2240,924
1,2,2,1,1,30,1,1,15,9,1,98555,11440,22008,7936,5104,28880,2436
3,3,2,1,1,41,1,1,16,9,1,82241,7626.6668,11162.6668,4140,3636,14556.8,900
3,2,2,1,1,31,1,1,14,9,1,70471,1733.3332,3744,1906.6668,936,7424,360
1,3,2,1,2,48,2,1,15,9,1,104333,16816,16640,180928,3984,50048,2496
3,5,2,1,4,46,2,1,13,8,1,58193,7280,12080,4564,4268,22656,4680
1,3,1,1,2,62,1,1,12,7,1,40792,5546.6668,7466.6668,7066.6668,4560,3200,1120
4,2,2,1,1,38,2,1,15,9,1,78074,1733.3332,10771.3332,300,1024,7616,1544
4,3,1,1,1,52,1,1,14,9,1,86947,3293.3332,11252,2193.3332,1608,8640,2628
4,3,2,1,4,44,2,1,15,9,1,78079,2253.3332,9368,2269.3332,1456,3200,645.3332
4,2,2,1,2,33,2,1,16,9,1,171202,7800,54652,5620,4312,30256,420
2,3,2,2,1,46,2,1,12,6,1,38218.6,2270.6668,2394.6668,796,1500,4160,560
4,2,2,1,1,33,1,1,11,9,1,67632,6640,22128,4868,5000,20560,2016
3,3,2,1,1,47,2,1,15,9,1,112544,9800,9766,4728,3980,64480,2700
1,3,2,1,1,44,2,1,13,9,1,80145.2,4650.6668,4901.3332,70964,3908,4160,392
1,7,1,1,4,54,2,3,12,8,1,44092,1473.3332,4776,900,280,1525.3328,320
2,2,2,1,1,35,2,1,15,8,1,55474.6,3640,17476,3280,4352,11088,1432
1,3,2,1,1,64,1,1,16,9,1,115041,6566.6668,12877.3332,1793.3332,1870.6668,4896,2240
3,3,2,1,1,45,1,1,13,9,1,92824,14380,17016,19112,5044,35520,3436
4,3,1,1,1,49,2,1,15,9,1,89332,1766.6668,8750.6668,1972,2644,1584,1160
3,3,2,1,4,38,1,1,11,7,1,41921.2,4853.3332,8500,1280,2240,2773.3328,640
1,3,2,1,1,46,2,1,16,9,1,64457,2253.3332,3104,1509.3332,1384,4320,560
3,2,2,1,1,39,1,1,14,9,1,102254,5893.3332,25832,4172,4444,22560,2080
1,3,2,1,4,32,1,1,14,7,1,45047.6,5032,13932,6384,1440,13456,2128
3,2,2,1,1,34,2,1,15,9,1,68722,5506.6668,9640,2116,1700,11093.3328,5472
3,2,2,1,4,35,1,1,15,9,1,141905.8,12392,41284,103748,5160,20720,11972
3,3,2,1,1,43,1,1,16,9,1,76768,4082.6668,6974.6668,4780,2504,19056,2996
3,3,2,1,1,43,1,1,14,1,1,1410,6933.3332,5528,1892,1640,7849.0672,400
1,3,2,1,4,50,1,1,14,8,1,60984,6413.3332,10480,2240,1356,21952,1584
3,3,2,1,1,43,1,1,16,9,1,165870.4,39496,34486.6668,19888,4128,39040,8864
3,3,2,2,2,44,2,1,16,9,1,145334,9980,4824,7992,2864,3648,1000
4,3,2,1,1,47,1,1,16,9,1,137072.8,8285.3332,24048,5924,1792,37552,2408
3,6,1,1,1,45,1,3,12,9,1,63587,7146.6668,14192,2693.3332,1940,30933.3328,504
1,3,2,1,1,49,1,1,15,9,1,115438.8,4506.6668,20877.3332,5978.6668,4296,12800,208
3,3,2,2,1,54,1,1,16,9,1,78217,3730.6668,3712,2724,1732,6960,1200
4,3,2,1,1,45,2,1,15,9,1,128159.8,13000,24196,11040,7980,14400,2736
4,2,1,1,4,37,1,1,13,9,1,65567,7800,14060,3080,2072,19408,380
3,2,2,1,1,33,1,1,16,9,1,81038,7424,13508,11752,3116,22800,1560
2,3,2,1,1,51,2,1,16,9,1,156142,9846.6668,39434.6668,7724,5436,44042.6672,15962.6668
4,2,2,1,4,33,1,1,13,9,1,72327,8320,29428,5688,2496,16400,3004
2,3,2,1,4,55,1,1,15,7,1,44574,4333.3332,13416,1560,3976,1600,920
3,2,1,1,1,38,1,1,15,8,1,58631.6,2340,9393.3332,4976,1460,8320,464
4,2,2,1,1,35,2,1,16,9,1,116131,3746.6668,8245.3332,2648,440,6400,1188
3,2,2,1,1,43,2,1,16,8,1,56401,14180,18078.6668,7020,2648,32613.3328,3600
3,2,2,1,1,33,2,1,16,9,1,90446,11140,27356,81748,4380,38320,13728
3,2,1,1,4,27,1,1,13,7,1,43922,4506.6668,10660,1872,2620,150698.6672,1916
3,3,2,1,1,39,2,1,15,9,1,82857,6194.6668,9250.6668,1946.6668,2368,10362.6672,920
4,3,2,1,1,51,1,1,15,9,1,133555,12284,17076,7056,6988,4160,4452
1,7,1,1,2,43,2,1,12,7,1,44747,8840,24432,5208,7948,24000,3200
4,2,2,1,4,44,2,1,15,9,1,67567,5253.3332,9520,7624,2920,16005.3328,128
2,2,2,1,1,32,2,1,15,9,1,80343,2426.6668,8170,1802.6668,1148,12800,3772
3,3,2,1,2,59,1,1,16,9,1,146982.6,6933.3332,4166.6668,800,1068,12800,1716
2,5,2,1,2,61,2,1,13,8,1,59152.8,9860,14340,4080,5396,27275.2,1200
2,3,2,2,1,38,1,1,12,6,1,33711.6,9092,15580,266812,5456,24000,1816
2,2,1,1,1,39,1,1,12,4,1,19278,7800,10084,2400,3084,5200,600
3,2,1,1,4,34,1,1,13,7,1,40004,1386.6668,4500,400,1120,4506.6672,832
3,2,2,1,1,32,2,1,16,9,1,144352,18612,27656,13740,3880,21600,2376
2,3,2,1,1,44,2,1,12,9,1,87702,1386.6668,5417.3332,776,2160,5120,120
3,3,2,1,1,32,2,1,15,8,1,59958,6296,24096,3672,2920,10848,1164
2,2,1,1,4,35,1,1,15,9,1,101001,4160,20356,3260,2220,9312,944
3,3,2,1,1,45,1,1,15,9,1,124358,10888,19072,6160,6636,34560,4408
2,3,2,1,4,52,1,1,15,9,1,78937,4940,10620,5920,3100,75200,1320
4,2,2,1,1,36,2,1,15,9,1,77729.8,4853.3332,24733.3332,8880,2596,9392,1240
2,3,1,2,2,48,1,1,10,6,1,37215.2,3226.6668,8256,3200,1600,10160,240
2,2,2,1,2,39,1,1,16,9,1,109459,4093.3332,5160,1636,1200,8000,552
2,2,2,1,1,34,2,1,14,9,1,80213,3466.6668,3954,1784,2192,4864,2556
3,3,2,2,4,37,1,1,12,8,1,57588.8,2600,4360,3048,1760,10592,520
1,3,2,1,1,43,2,1,12,9,1,82928,8320,37888,3720,4796,13744,2824
1,3,2,1,4,55,1,1,12,8,1,55799,5546.6668,16612,540,2780,1920,488
1,9,1,1,1,31,2,5,14,8,1,46056,8320,14261.3332,2968,3160,14908.8,2120
2,3,2,1,1,59,1,1,13,9,1,79770,2129.3332,5200,652,1820,8842.6672,524
4,2,2,1,1,33,1,1,13,9,1,84187,2600,6694.6668,3456,1088,6933.3328,396
4,3,2,1,1,46,2,1,13,9,1,81075,7720,15976,4588,2752,13808,7992
1,2,2,1,1,28,2,1,15,9,1,119042,5893.3332,17769.3332,2066.6668,2556,23370.6672,1080
3,3,2,1,1,44,1,1,12,9,1,89023,3640,1704.6668,6333.3332,700,4000,680
3,3,2,1,1,42,1,1,13,8,1,52761.4,7280,18580,3124,6404,16928,720
3,2,2,1,2,32,1,1,15,9,1,124615,8320,28204,3984,4920,12960,5616
1,2,2,1,4,31,2,1,13,9,1,137987,11706.6668,28416,3434.6668,1764,16928,2292
4,3,2,1,4,36,2,1,13,8,1,59571,3380,16100,8960,5340,8592,120
1,3,2,1,1,41,1,1,16,9,1,101552,6378.6668,23078.6668,2045.3332,2416,19200,880
4,2,2,1,1,30,1,1,14,9,1,118203,2946.6668,17202.6668,3085.3332,1432,7706.6672,352
4,2,2,1,1,34,1,1,15,9,1,72132.4,13000,23576,7800,3944,25728,720
4,3,2,1,1,50,2,1,14,9,1,166450.8,6933.3332,7566.6668,2240,2036,3466.6672,328
3,2,2,1,2,27,2,1,15,2,1,5200,3120,5726.6668,5712,1700,17760,760
1,5,2,1,1,55,1,1,13,9,1,129922,12220,26832,1540,9864,24960,2160
4,4,2,1,1,50,2,1,16,9,1,68578,4506.6668,13721.3332,2880,4772,12352,1304
3,5,1,1,1,59,2,1,13,5,1,22577,6188,26076,4684,8372,2992,3556
3,4,1,2,1,48,1,1,14,8,1,56278.2,3293.3332,4857.3332,3252,2192,7973.3328,2472
4,4,2,2,1,38,2,1,10,6,1,40981,13048,4209.3332,3840,960,1280,600
4,4,1,1,4,40,1,1,12,8,1,55852,3033.3332,7500,640,1340,6400,584
3,4,2,1,1,46,2,1,15,8,1,52584.6,5016,19206.6668,832,2480,7680,840
3,4,1,1,1,35,1,1,12,5,1,31897,7280,21060,147212,7392,5600,1200
4,5,2,1,1,29,2,1,13,8,1,53750,2093.3332,4730.6668,1104,720,5893.3328,280
3,4,2,1,1,53,2,1,15,9,1,119874,10400,12334.6668,69013.3332,3580,32240,2232
4,4,2,1,2,38,2,1,11,6,1,42306,9436,11940,5820,7060,528,648
2,4,2,1,1,52,1,1,13,9,1,95190,11266.6668,13616,3184,5080,5824,1408
2,5,2,1,1,33,2,1,11,9,1,70464,9568,10478.6668,18506.6668,3396,32370.1328,160
4,5,2,1,1,48,1,1,15,9,1,67039,15496,16060,129240,8060,3200,2908
3,5,2,1,1,55,2,1,13,9,1,85505.2,2946.6668,6492,1564,4880,416,1432
4,4,1,1,1,45,1,1,11,8,1,50646,21640,13310.6668,10392,4720,53696,320
3,3,2,1,1,39,2,1,16,9,1,80989.8,7834.6668,14432,9492,4088,6080,2024
3,3,2,1,1,57,1,1,13,7,1,47027.4,11124,14480,4996,5288,44832,5160
3,3,2,1,1,42,1,1,15,9,1,67401.8,2105.3332,11778.6668,600,1088,10122.6672,200
3,3,2,1,1,37,2,1,15,6,1,37261,6218.6668,36096,6661.3332,1388,24170.6672,1244
2,3,1,1,1,38,1,1,15,9,1,108020,11780,32852,9656,3336,640,2364
2,3,2,1,1,38,2,1,15,9,1,91607,13220,28664,8104,6520,39424,15568
3,3,2,1,1,32,1,1,15,9,1,93795,3306.6668,7334.6668,4704,2336,4250.6672,436
3,3,2,2,2,28,2,1,14,5,1,35521,1560,1561.3332,1000,1348,1984,708
2,3,2,1,1,46,2,1,15,9,1,169120,19620,31248,5820,3116,74080,7152
1,2,2,1,1,38,1,1,16,9,1,121204,10120,26041.3332,5813.3332,3288,30261.3328,3892
3,3,2,1,4,30,2,1,12,7,1,44676,4160,7956,1200,1056,288,164
1,2,2,1,1,38,2,1,15,9,1,163229,12106.6668,31368,15964,5400,27360,22660
3,9,1,1,1,28,1,5,12,5,1,32318,1820,11526,3080,4028,2400,1316
1,3,2,1,4,57,1,1,15,8,1,56944,3120,7524,589.3332,1524,8666.6672,840
3,3,2,1,2,40,1,1,13,9,1,72612,8666.6668,5090.6668,6624,4336,12960,608
3,2,2,1,1,39,1,1,13,9,1,63666,6080,10132,5165.3332,2880,18960,7900
3,3,2,1,1,44,1,1,16,9,1,181096.6,3276,9430.6668,1320,988,1600,1016
2,2,2,1,1,35,1,1,15,9,1,73033,2737.3332,9626.6668,688,1444,4506.6672,288
3,9,1,1,1,35,2,5,15,9,1,67307.4,8780,22236,5080,3240,19990.4,1484
1,3,1,1,1,49,1,1,15,9,1,101777,4708,4217.3332,1200,1456,1973.3328,388
4,9,1,1,4,31,2,4,12,5,1,31100,5300,17972,5588,2772,3840,2584
4,3,1,1,1,29,2,1,15,7,1,48065,10660,34964,4252,4260,7360,3260
1,2,2,1,1,33,2,1,12,9,1,93369,5224,17096,3028,3616,8106.6672,296
3,2,2,1,1,30,1,1,13,8,1,66542,3033.3332,9133.3332,1105.3332,2160,11173.3328,992
4,2,2,1,4,41,1,1,11,8,1,63234,7626.6668,10424,1600,640,3840,1200
3,2,2,1,1,27,1,1,12,9,1,84849,4160,22812,3036,3404,22000,276
3,3,2,1,4,46,1,1,15,9,1,76836,6260,23120,6188,5120,19360,1980
1,2,2,2,1,41,2,1,16,9,1,114838.2,13000,30160,1213.3332,3896,3520,3636
4,3,2,2,1,33,1,1,13,9,1,75658,8620,21152,5888,3720,16880,4940
2,3,1,1,1,46,1,1,11,9,1,82157.4,4940,8517.3332,3668,1652,22400,880
2,3,2,1,1,34,1,1,12,9,1,84952,3466.6668,8773.3332,2564,1700,10672,2388
2,2,2,1,1,45,1,1,16,9,1,106294.8,6500,24852,6004,3940,7264,4660
1,2,2,1,4,41,2,1,13,9,1,172968.6,9918.6668,48360,16213.3332,5672,59168,4552
2,3,2,1,1,41,2,1,15,9,1,129324,4333.3332,23269.3332,3445.3332,2660,4160,900
3,2,2,1,1,36,1,1,13,9,1,91027.6,14560,15412,5104,4328,9792,276
1,3,2,1,4,32,1,1,14,8,1,55347,6060,13304,9720,2064,11515.2,4144
1,3,2,1,1,35,1,1,16,9,1,90935,10080,24580,7436,3824,3408,3272
1,3,2,1,1,53,2,1,16,9,1,103346.8,8172,21732,8889.3332,4468,19920,7468
1,3,2,1,1,35,1,1,15,9,1,100587,5322.6668,12588,4454.6668,2840,24800,6232
1,3,2,2,1,46,1,1,12,9,1,110779,19008,18056,8996,3228,9840,7152
3,2,1,1,1,31,1,1,13,9,1,87557.2,6066.6668,64233.3332,2728,2680,9706.6672,1480
2,3,2,1,1,43,2,1,14,9,1,138844,2686.6668,9008,165240,1932,9845.3328,456
3,2,2,1,1,40,1,1,15,9,1,112999,7949.3332,23560,2814.6668,3616,54000,1784
2,2,2,1,4,33,1,1,14,8,1,52225,7056,12232,1684,2800,320,2024
4,3,2,1,1,47,1,1,15,9,1,115928,7540,32152,9404,6168,20512,2056
2,3,2,1,1,42,1,1,15,9,1,69106,5200,12506.6668,4448,2056,12138.6672,400
1,2,1,1,1,37,1,1,16,9,1,97847.4,1993.3332,18062.6668,946.6668,2340,6400,180
4,3,2,1,1,41,2,1,15,9,1,212591.4,14500,29008,10040,8600,31200,8784
1,2,2,1,1,37,2,1,16,9,1,143755,3033.3332,21808.3332,2313.3332,1346.6668,4586.6672,548
4,3,2,1,1,34,2,1,16,9,1,67080,2253.3332,5001.3332,916,1404,12133.3328,1980
1,3,1,1,4,34,1,1,15,9,1,122629,10748,50144,31884,6200,21760,12432
3,3,2,1,1,59,1,1,16,9,1,147692,3893.3332,13916,7936,3500,3072,1300
4,3,2,1,1,52,2,1,16,9,1,113998,7826.6668,47425.3332,14304,4964,30400,9704
2,3,2,1,4,32,2,1,14,9,1,102191,5893.3332,16920,5244,4320,16640,1760
2,3,2,1,1,37,2,1,14,9,1,69047,6066.6668,19137.3332,67600,3560,10624,1744
1,5,2,1,2,34,2,1,12,9,1,90266,8840,12312,4404,6672,61600,6600
3,3,2,1,4,42,2,1,15,9,1,71896.4,10400,5892,1352,2712,9226.6672,984
1,2,2,2,1,38,1,1,15,9,1,74450.8,2946.6668,9594.6668,936,2236,240,992
2,2,2,1,1,30,2,1,14,9,1,71492,2080,6353.3332,696,820,6720,3412
3,3,2,1,4,35,1,1,14,9,1,76446,31840,20116,5456,3736,37680,6368
4,3,2,1,1,38,1,1,13,8,1,60711,2550.6668,4150.6668,576,992,4090.6672,776
3,3,2,1,1,46,2,1,15,9,1,106515.2,9706.6668,7562.6668,3740,2312,44640,1784
1,3,2,1,2,48,2,1,15,9,1,87301,6714.6668,17499.3332,1880,4324,52160,948
4,3,2,2,1,30,2,1,12,7,1,47041.6,3466.6668,7345.3332,2344,2384,8560,224
1,3,2,1,1,42,1,1,15,9,1,82661,7540,17724,64148,3412,26208,960
3,3,2,1,1,45,2,1,14,9,1,151361,7106.6668,17990.6668,2416,4608,31840,2472
3,3,2,1,4,36,2,1,12,5,1,33952,1360,14280,51796,1720,7136,2600
3,3,2,1,1,32,1,1,14,9,1,103050,17500,27544,3180,4988,38592,4220
2,3,2,1,1,52,2,1,13,9,1,123193.8,7173.3332,15053.3332,41364,2160,5994.6672,3200
2,2,1,1,1,29,2,1,16,8,1,58541,9620,11516,1260,3892,43232,660
1,3,2,1,1,47,1,1,15,9,1,107520,9880,18464,2680,1408,11520,2200
3,2,1,1,1,27,1,1,13,9,1,67394,12480,21820,5176,4184,20912,1488
4,3,2,1,1,44,1,1,14,9,1,139425.2,8266.6668,30952,3040,4376,16138.6672,2904
3,2,2,1,1,27,1,1,12,9,1,119154,6621.3332,18636,3764,3904,68416,1960
1,3,2,1,1,53,2,1,16,9,1,157218,3293.3332,13061.6668,720,1960,10133.3328,260
1,3,2,1,1,46,1,1,16,9,1,150949.8,18736,39944,15424,7216,27200,4736
3,3,2,1,1,40,2,1,14,9,1,76009,2946.6668,6960,1676,1704,28133.3328,524
1,3,2,1,1,34,2,1,12,8,1,58783,5546.6668,11021.3332,1400,2388,13920,880
4,2,2,1,1,34,2,1,15,9,1,116158.4,7800,19285.3332,2133.3332,3840,16000,464
3,3,1,1,1,27,1,1,12,8,1,56077,7800,24948,9316,5520,20800,1560
3,3,2,1,1,52,1,1,16,9,1,96876,5980,19848,12388,3160,2240,680
4,3,2,1,1,43,2,1,15,9,1,75966.2,7357.3332,20034.6668,2308,2360,1920,5440
3,3,2,1,4,35,2,1,14,2,1,5900,3985.3332,13776,7658.6668,3176,13120,900
3,3,1,1,1,55,1,1,16,9,1,99487,3640,5914.6668,2632,1160,1733.3328,640
2,3,2,1,1,34,1,1,15,9,1,104880,6933.3332,17733.3332,2524,3408,7573.3328,308
2,3,2,1,1,41,1,1,15,9,1,111619,3640,8537.3332,3633.3332,1172,11264,1076
3,3,1,1,1,38,1,1,15,9,1,74374,9580,18408,3688,4632,21152,4776
1,3,2,1,2,40,1,1,15,9,1,102370,19066.6668,26331.3332,7802.6668,1732,3200,2976
2,3,2,1,1,38,2,1,13,9,1,99816,10920,12828,11016,6284,7488,2424
3,3,2,1,4,40,1,1,13,9,1,82284.4,11960,29140,7940,7100,14976,2616
2,2,2,1,1,36,2,1,16,9,1,120950.8,4264,27464,3928,2504,14240,1032
1,3,2,1,1,39,1,1,15,9,1,103683,8840,21288,3000,5360,13008,3320
3,3,2,1,1,43,2,1,12,6,1,41306,3486.6668,3802.6668,1028,1440,9600,372
3,3,2,1,1,38,2,1,12,7,1,44509.2,2917.3332,6034,1548,1912,2426.6672,800
3,3,2,1,2,34,1,1,15,8,1,54153,3640,7992,8668,5672,26320,2480
4,2,2,1,1,27,1,1,13,9,1,91939,1820,5989.3332,888,1292,2368,80
4,2,2,2,1,27,1,1,12,9,1,92550.8,5546.6668,8844,13240,1920,2400,104
4,3,2,1,1,54,1,1,15,9,1,161187,9189.3332,81146.6668,6736,9680,6400,27824
2,3,1,1,1,35,1,1,16,9,1,92194,10428,35284,7436,4692,18400,3264
2,3,2,1,1,38,1,1,16,9,1,131794.2,3226.6668,9557.3332,1946.6668,2120,8666.6672,3704
3,9,1,2,4,32,2,5,13,6,1,36252,2537.3332,3520,2708,1120,2592,272
4,3,2,1,1,45,1,1,13,9,1,91632,10400,30573.3332,1998.6668,3432,9706.6672,3224
4,2,2,1,1,27,1,1,13,6,1,37548,6240,17008,4668,3520,7936,952
1,3,2,1,1,52,2,1,12,9,1,94131,7800,20864,5316,6060,2080,2776
3,3,1,1,1,31,1,1,12,8,1,52651,13693.3332,14292,158570.6668,4080,560,1896
3,3,2,1,1,43,2,1,15,9,1,103936.4,2480,2304,1840,1408,17333.3328,116
2,3,2,1,1,34,1,1,13,9,1,106669.2,8104,21376,8440,4960,26640,1840
2,3,2,1,1,39,1,1,13,9,1,71430.4,10660,10800,5880,2960,12000,2232
3,9,1,1,1,52,2,3,12,5,1,30436,2946.6668,5820,2000,3052,970.6672,760
3,3,1,1,4,39,2,1,14,7,1,47547,4680,11092,2536,4292,3356.8,1860
4,3,1,1,1,36,1,1,15,8,1,59889.8,6066.6668,9645.3332,1608,2656,21792,1024
2,2,2,1,1,34,1,1,14,9,1,72445,9180,21540,9988,4380,80000,1700
4,2,2,1,4,28,2,1,15,9,1,87561,9620,12908,12468,2696,31200,696
3,3,2,1,4,38,1,1,13,9,1,68310,12826.6668,9152,2260,2352,5130.6672,776
3,3,2,1,1,35,1,1,11,8,1,63259,5373.3332,13850.6668,4617.3332,3980,1909.3328,840
1,3,2,1,1,31,1,1,12,9,1,98277.2,2488,8868,413.3332,1680,2240,720
3,2,2,1,1,32,1,1,14,9,1,86560.2,5980,30992,6644,7380,23840,5020
2,3,2,1,2,31,1,1,15,8,1,55229.6,3466.6668,7638.6668,56700,3160,8181.3328,800
1,3,2,1,2,50,1,1,15,9,1,125438,3676,6773.3332,1066.6668,2224,1488,1292
3,3,2,1,1,41,1,1,15,9,1,82412,9654.6668,18781.3332,2824,2280,34821.3328,2296
2,2,1,1,1,28,1,1,13,9,1,85747,9880,7884,2436,1924,11765.3328,1464
2,3,2,1,1,34,2,1,15,9,1,120067.4,14560,14568,4960,6700,11200,5404
1,3,2,1,1,40,1,1,15,9,1,89025,3900,5337.3332,1080,896,2816,296
1,3,2,1,1,46,1,1,15,9,1,107426,18720,25880,95304,5700,66240,13272
2,2,2,2,1,35,2,1,13,7,1,42611,1386.6668,10746.6668,2756,1360,21813.3328,244
3,3,2,1,1,56,1,1,15,9,1,118799,9360,42776,111000,6960,35200,1608
2,3,2,1,1,46,1,1,13,9,1,103173,5872,24420,9668,3524,13802.6672,2552
1,3,2,1,1,41,1,1,16,9,1,163702,10660,57556,17236,6540,10400,3740
3,3,1,1,2,36,2,1,13,1,1,4374,4333.3332,2482.6668,1760,2456,30826.6672,2144
1,2,1,1,4,32,1,1,16,4,1,26986,9976,12584,960,2360,1120,416
2,3,2,1,1,43,2,1,16,9,1,115268,4073.3332,6505.3332,3656,1224,10800,612
2,2,2,1,2,43,2,1,15,9,1,101271,2600,9279.3332,880,1744,6400,440
4,3,2,1,1,45,1,1,15,9,1,109068.2,3380,14290.6668,2680,2204,736,428
3,3,2,1,2,41,2,1,15,5,1,33520.2,2313.3332,2783.3332,1000,280,3120,80
1,3,2,1,1,30,2,1,12,9,1,77097.6,8493.3332,10981.3332,5296,3560,8000,1200
1,2,1,1,2,54,1,1,15,9,1,84953,7540,46544,4800,4248,240,2208
3,3,2,1,1,36,2,1,16,9,1,89975,6240,10660,5364,2716,38400,320
2,2,1,1,1,31,1,1,15,7,1,47926,2753.3332,4104,64993.3332,1292,8666.6672,112
3,3,2,1,1,29,2,1,12,9,1,81323.4,7960,17366.6668,1600,2872,9696,884
2,3,2,1,1,46,2,1,13,9,1,70271,10888,14116,6920,4804,38640,2556
3,3,2,1,1,33,2,1,15,8,1,52035,8280,14660,5424,2460,2560,1744
3,3,2,1,1,31,1,1,16,9,1,153040.8,7904,19001.3332,4304,3100,11520,3856
4,3,2,1,1,48,2,1,16,5,1,35429,12100,16984,3728,4508,14400,7400
4,9,1,1,2,41,2,3,13,7,1,49660,9176,9116,18568,5052,14795.2,3168
2,2,2,2,4,27,1,1,11,8,1,53211.4,10400,23012,7384,3340,4784,4640
2,3,2,1,1,30,2,1,15,9,1,105603,9032,21016,9020,3680,4320,2020
4,2,2,1,4,34,1,1,16,9,1,75652,8165.3332,30301.3332,103792,400,8640,1212
4,2,2,1,1,45,2,1,10,8,1,56877,14200,43452,10324,6588,9536,4708
1,2,2,1,4,41,1,1,13,9,1,138955,5546.6668,18896,1280,3816,11509.3328,680
4,9,1,1,1,42,2,1,15,9,1,82793,14980,15364,14792,4452,9195.2,5872
2,3,2,1,1,37,1,1,13,9,1,126365,9013.3332,10852,16109.3332,2960,5344,1344
3,3,1,1,1,46,2,1,15,8,1,59379,1213.3332,10469.3332,1456,3120,960,1200
1,3,2,1,4,48,2,1,14,9,1,86540,4888,8108,1958.6668,888,1344,40
3,2,2,1,1,35,1,1,15,9,1,71895,4420,6482.6668,900,2008,960,580
4,2,2,1,1,40,1,1,13,9,1,134663,12306.6668,34016,3824,3184,3061.3328,1428
3,3,2,1,1,48,1,1,13,8,1,56934,6413.3332,6504,3504,3372,11520,2564
2,2,1,2,1,27,1,1,10,9,1,76888.4,5460,35520,1960,720,8400,120
3,3,1,1,4,36,2,1,13,8,1,54712,1993.3332,7208,5526.6668,1320,3200,892
1,3,2,1,1,35,1,1,13,9,1,89633,19140,26700,4096,5580,22224,3988
3,2,2,1,2,29,1,1,12,9,1,75832,5373.3332,3920,2936,2120,8640,376
4,3,2,1,4,32,2,1,15,8,1,57697,5200,10148,5357.3332,2480,13120,1024
4,2,2,1,1,29,2,1,15,8,1,65996,2860,7974.6668,1000,1384,3932.8,672
2,3,2,1,1,33,1,1,15,9,1,89485,5053.3332,7925.3332,2940,1540,74048,7320
3,3,2,1,4,28,1,1,14,8,1,63138,7026.6668,15780,7600,3980,3840,3424
2,3,2,2,1,29,1,1,12,9,1,71119.4,3873.3332,2378.6668,2224,1280,4842.6672,796
3,2,2,1,1,37,1,1,15,8,1,55638.8,5720,10233.3332,2956,2684,9840,1228
3,3,2,1,2,37,2,1,16,9,1,96845,3524,5790.6668,2520,1264,7296,1120
4,3,2,1,1,33,1,1,12,9,1,82289.8,5392,11097.3332,2956,4068,17920,1572
3,3,1,1,1,43,1,1,16,9,1,100592,9533.3332,12593.3332,2996,2812,61120,4880
3,2,2,1,1,28,1,1,14,9,1,95173.2,5546.6668,8654.6668,3964,860,5600,1300
3,3,1,2,4,31,1,1,12,5,1,34898,10440,2640,18984,2160,13600,1216
3,3,2,1,1,47,1,1,15,9,1,166889.6,5546.6668,7748,3932,4400,7200,1656
3,3,2,1,2,32,2,1,12,9,1,68071,13940,13344,11632,4840,29200,13100
4,2,2,1,1,34,2,1,15,9,1,127663.4,10400,27885.3332,6057.3332,1400,12277.3328,960
3,3,2,1,1,44,2,1,13,9,1,122545,3206.6668,4988,1000,2468,5600,500
3,3,1,1,2,61,2,1,15,1,1,1680,3066.6668,22520,4924,1120,3840,360
1,3,2,1,1,45,2,1,15,9,1,75836.2,6586.6668,15032,45700,3192,13866.6672,2316
3,2,2,2,4,31,2,1,14,9,1,98074,5720,8108,4156,2948,8640,876
2,3,2,1,1,38,1,1,15,9,1,101466.4,17100,32408,21648,4464,38576,5616
4,2,2,1,1,29,1,1,14,9,1,72658.2,2600,3200,600,1200,7802.6672,300
4,3,2,1,1,38,2,1,16,9,1,128469,10330.6668,22706.6668,3524,1824,21888,3668
3,3,1,2,4,30,1,1,11,5,1,35515,1092,2168,1700,976,96,32
3,3,1,1,1,47,1,1,13,6,1,37152,5200,8341.3332,2206.6668,3893.3332,9984,540
4,3,2,1,4,52,1,1,12,8,1,52065.2,11700,29216,6464,4160,9600,1180
3,3,1,1,4,43,1,1,15,8,1,60756,13178.6668,23046.6668,9065.3332,6280,19536,2240
2,3,2,1,1,38,2,1,16,9,1,111365,5073.3332,10661.3332,4644,1548,16160,5872
4,3,1,1,1,41,1,1,14,9,1,71109,3312,17412,6316,4380,8848,1260
2,3,2,1,1,45,2,1,13,7,1,45775,7973.3332,11374.6668,2360,2368,160,680
2,3,2,1,1,39,2,1,15,9,1,89575,5053.3332,14766.6668,6010.6668,2912,8565.3328,2508
4,3,1,1,1,45,1,1,16,9,1,115743,4333.3332,23032,5520,2176,11445.3328,4636
4,3,1,1,1,49,1,1,15,9,1,71726,3120,6505.3332,1736,1884,6080,1240
3,2,2,1,1,35,1,1,15,9,1,89963,4420,4421.3332,609.3332,1888,9920,500
2,3,2,1,1,33,2,1,15,9,1,103716,7540,50640,1804,5788,27232,6220
4,2,2,1,1,33,2,1,15,9,1,85275.4,8840,32640,5844,4300,28800,2308
1,3,2,1,1,45,1,1,15,9,1,156312,11146.6668,40304,13046.6668,4780,15200,8624
1,2,2,1,1,34,1,1,12,9,1,156428.4,4528,26343,2706.6668,1548,5600,1008
3,2,2,1,1,34,1,1,15,9,1,76871,15080,21192,2560,7236,20400,1888
1,3,2,1,1,35,1,1,15,9,1,106247.6,19500,44952,5820,11400,3360,5836
2,3,1,1,1,43,1,1,14,9,1,71296,6760,9984,2576,1692,20224,1424
3,2,2,1,2,33,2,1,15,8,1,59080.2,4004,10816,4240,2400,18752,560
2,2,2,1,1,34,1,1,15,9,1,158857,22360,86192,8452,4172,26304,14844
4,3,2,1,4,35,2,1,15,8,1,61441,7280,18668,4192,5748,16352,660
4,2,2,1,1,32,2,1,15,9,1,138732.6,7800,18841.3332,9974.6668,1920,6560,7380
3,3,2,1,4,34,1,1,13,8,1,61563.2,5096,11396,5876,3296,5482.6672,1276
3,3,2,2,1,31,1,1,12,8,1,55151.2,7280,14728,2256,4440,11984,900
3,2,2,1,1,32,1,1,16,9,1,138820,11133.3332,24249.3332,7844,4160,69520,4360
1,3,1,1,1,40,1,1,15,9,1,108607,13988,31464,52648,5840,23664,4844
1,2,2,1,1,36,2,1,15,9,1,108855.4,1993.3332,15214.6668,7088,1640,3520,560
3,3,2,1,1,44,1,1,12,9,1,93651,4238.6668,9353.3332,4996,1700,14736,992
4,5,2,1,1,47,1,1,15,9,1,225113.2,20080,12188,4716,1588,4956.8,708
1,5,2,1,1,37,2,1,14,7,1,44742,4333.3332,18849.3332,2160,2424,2080,400
1,5,2,1,1,48,2,1,16,9,1,108880.4,10880,20252,7368,9544,22208,7312
4,7,1,1,4,33,2,5,16,7,1,43507,11706.6668,14572,5304,1900,4800,2880
2,7,1,1,1,35,2,5,15,9,1,94511,2944,7692,1292,2160,1440,444
2,6,1,1,1,36,1,3,13,8,1,49260,3460,6448,2678.6668,780,960,1064
1,7,1,1,1,46,2,4,16,9,1,83519,2166.6668,93994.6668,6400,900,6080,260
3,7,1,1,1,42,2,3,12,9,1,73740,8800,7606.6668,10056,3256,25248,3704
4,7,1,1,4,37,2,5,12,4,1,25179,5200,14308,16880,548,8496,100
1,7,1,1,4,27,2,1,13,4,1,28138,1820,10096,90040,544,16,920
3,7,1,1,4,33,2,5,13,6,1,33911,3172,12216,3872,4296,5152,2680
3,7,1,1,4,34,2,5,12,6,1,34717.4,6500,14012,4552,2280,14496,7052
3,6,1,1,1,49,1,3,15,9,1,81493.8,4640,7541.3332,636,2080,27733.3328,5084
3,7,1,1,4,28,2,5,15,9,1,78361,3120,29036,4504,1980,6080,1456
2,7,1,1,4,29,2,5,10,4,1,21348,2946.6668,5012,1700,740,2602.6672,260
1,6,1,2,1,47,1,3,11,8,1,50260.2,27560,10184,4236,5040,5035.2,7160
2,7,1,1,4,35,2,5,12,4,1,24444,10260,6840,384,1440,1440,476
3,7,1,1,4,43,2,3,12,4,1,25233.6,2426.6668,9582.6668,973.3332,2032,8640,232
3,7,1,1,4,34,2,5,13,6,1,36963,3120,16945.3332,5272,4360,3840,800
4,6,1,1,2,52,1,4,15,8,1,46526,13000,21360,7760,7620,132416,600
1,7,1,1,4,41,2,5,13,8,1,53695,11284,20752,4168,2752,19920,1260
2,7,1,1,1,42,2,3,16,9,1,85508,11180,41740,2020,3396,39040,1820
1,7,1,1,4,36,2,4,14,5,1,33352,3813.3332,6733.3332,640,1488,4800,944
1,7,1,2,4,43,2,3,13,6,1,38577,1386.6668,5080,1286.6668,280,10794.6672,52
3,7,1,1,4,28,2,5,16,6,1,33682,5477.3332,10249.3332,7873.3332,1300,896,3844
2,7,1,1,1,42,2,3,15,9,1,79660,3106.6668,9628,1560,932,3882.6672,544
2,6,1,2,1,46,1,3,15,9,1,71581.6,6500,33472,6148,3060,15696,5520
2,7,1,1,1,32,2,4,16,6,1,40315,4506.6668,11348,644,1568,2490.6672,492
4,7,1,1,1,39,2,3,15,9,1,81857,13080,21268,8652,5228,18160,9480
3,7,1,1,1,40,2,3,16,9,1,72532,1166.6668,8041.3332,752,2080,4000,336
2,7,1,1,4,27,2,5,15,6,1,39764,4960,37892,3416,1200,18112,768
2,6,1,1,1,43,1,3,14,9,1,82433,9260,22272,32932,3560,23920,2920
4,7,1,1,1,33,2,3,14,8,1,46659,5200,11956,3812,2820,13760,2420
3,7,1,1,4,43,2,3,16,6,1,34945.8,2946.6668,18992,3388,4200,10.6672,1464
4,7,1,1,4,32,2,5,11,8,1,51302,5600,20648,3632,4164,640,380
2,9,1,1,1,45,1,5,13,9,1,75305,7280,9984,2660,2496,12480,1084
2,7,1,1,1,45,2,3,15,8,1,48194,2640,4696,866.6668,1472,5920,324
1,7,1,1,4,27,2,4,14,5,1,28845,8320,13912,2460,2372,1920,1504
2,7,1,1,4,42,2,3,16,7,1,44890,3640,15716,6884,3272,896,760
3,7,1,1,4,36,2,5,16,9,1,70826,4181.3332,16224,2972,5240,11424,2000
2,7,1,1,4,28,2,3,12,5,1,30702,6753.3332,4670.6668,2300,680,3296,316
1,6,1,2,1,47,1,4,16,9,1,113862,9988,19876,8500,5660,18848,10192
1,7,1,1,1,35,2,3,13,8,1,52460,693.3332,5942.6668,800,988,4160,32
3,7,1,1,2,37,2,5,14,5,1,24683,4992,3696,5872,3164,192,4584
2,7,1,1,1,50,2,3,15,8,1,49317,5900,9901.3332,1592,1256,6160,172
3,7,1,1,1,32,2,5,16,8,1,54902,1213.3332,7585.3332,2280,1340,2784,508
2,7,1,1,1,33,2,3,16,9,1,69444.8,4506.6668,5373.3332,1368,1124,2144,1608
4,3,1,1,4,49,1,1,10,8,1,53660.4,7800,42068,1440,3600,22272,600
1,3,2,1,2,45,2,1,13,9,1,119902,6428,15720,8824,4156,25296,2676
4,3,2,1,1,46,2,1,13,8,1,59923.4,4774.6668,7194.6668,16176,1832,5120,80
3,3,2,1,1,42,1,1,15,9,1,109068,12133.3332,11984,8097.3332,4960,1920,2400
4,3,2,1,1,35,2,1,13,9,1,113143,1733.3332,9660,1332,1488,3200,548
4,3,2,1,4,39,1,1,13,9,1,111048,16416,22440,8348,5640,5600,2104
4,3,2,1,4,27,2,1,13,8,1,55274.4,8196,25680,83020,3236,480,3612
1,3,2,1,1,34,1,1,13,9,1,107244,20184,17580,7688,7440,2880,1996
3,3,2,1,4,33,2,1,15,6,1,44030,3640,15456,1936,3320,16320,564
4,3,2,1,1,37,1,1,15,9,1,99008,3786.6668,7569.3332,1108,1388,1600,336
4,3,2,1,4,45,1,1,15,7,1,46341.6,6933.3332,23524,4253.3332,6296,5024,2692
1,3,1,1,1,46,1,1,16,9,1,113850,6933.3332,21103.3332,2080,2900,9600,180
3,3,1,1,4,35,1,1,10,1,1,4330,7800,10904,1652,3240,6795.2,316
4,3,2,1,1,39,2,1,14,8,1,60604,3701.3332,9574.6668,6076,3056,688,1096
1,3,2,1,2,46,1,1,16,9,1,200696,14944,40777,16464,8820,11680,11148
1,3,1,1,4,41,1,1,13,5,1,31634,7280,12648,1272,1396,1168,140
1,3,2,1,1,36,1,1,13,9,1,143671,5633.3332,6248,1776,1720,7632,1256
2,2,2,1,1,34,2,1,15,9,1,223199,6266.6668,10241.6668,2936,1360,2981.3328,3940
3,3,2,1,4,30,2,1,13,8,1,66496,5373.3332,17202.6668,3237.3332,1528,22400,800
1,3,2,1,1,37,1,1,12,9,1,167859,24968,23933.3332,11804,1772,1600,7592
1,3,2,1,1,43,2,1,16,9,1,109343.6,9056,27860,7568,3304,17760,13568
1,3,2,1,1,43,2,1,15,9,1,111466.6,3356,12250.6668,2677.3332,2028,32320,3076
3,3,2,1,4,30,2,1,12,8,1,52163.8,10508,17796,3416,4116,15105.6,624
2,3,2,1,1,43,1,1,12,9,1,119637.4,9880,15482.6668,6913.3332,4216,21600,2700
2,3,2,1,1,51,1,1,15,9,1,147570.2,4073.3332,8868,10060,1216,12320,3200
2,3,2,1,1,41,1,1,12,6,1,38367.6,6240,11104,1480,5304,6656,1116
2,3,2,1,1,37,2,1,16,9,1,175676,9080,40652,143892,4664,79840,6552
1,3,2,1,4,38,2,1,14,9,1,71171.2,5026.6668,4520,344,840,730.6672,524
4,3,2,1,1,39,2,1,15,9,1,169562.8,7730.6668,16033.3332,4177.3332,3568,7200,3164
4,3,2,1,1,31,2,1,15,9,1,174155,8333.3332,13417.3332,3828,4068,2720,1800
3,3,2,1,1,44,2,1,15,9,1,120916.8,10881.3332,23381.3332,17718.6668,4680,21728,4240
2,3,2,2,1,40,1,1,14,9,1,111693,8126.6668,42528,17740,2140,35840,2360
2,3,2,2,4,30,1,1,14,8,1,68647.4,5546.6668,12284,4732,3724,17333.3328,3060
2,3,2,1,1,36,1,1,14,8,1,59469,1300,7605.3332,1096,1796,1280,400
2,3,2,1,1,39,2,1,14,9,1,115752,2964,3458.6668,2405.3332,1848,10901.3328,780
3,3,2,1,1,38,1,1,16,9,1,105294.8,2973.3332,7412,9200,2320,2240,924
2,3,2,2,1,38,1,1,12,8,1,59990,2686.6668,6490.6668,1200,1280,2112,952
4,3,2,1,1,34,2,1,14,6,1,44296,3682.6668,8102.6668,1224,2412,15520,40
2,3,2,1,1,35,2,1,13,9,1,110564,13920,20261.3332,8589.3332,4704,14560,8512
3,3,2,1,2,62,1,1,14,9,1,96266,1906.6668,5676,3672,2928,25680,32
2,3,2,1,1,39,1,1,15,9,1,104123,11005.3332,23896,8320,2768,36720,2436
3,3,2,1,1,48,1,1,15,9,1,124384,2913.3332,13644,1600,2420,3200,80
2,3,2,1,1,34,2,1,14,8,1,55375,8840,12128,4672,6276,32272,6224
4,3,2,1,1,31,1,1,12,8,1,61605.4,7040,27828,6880,6248,19136,864
4,2,2,1,1,29,1,1,13,6,1,41407.2,8052,18572,5592,3708,13104,564
2,3,1,1,1,47,1,1,16,9,1,111844,24872,29212,4440,2860,13600,3860
3,3,2,1,1,43,2,1,13,9,1,160457,8493.3332,16685.3332,3460,3840,23520,3904
2,2,2,1,1,33,2,1,15,8,1,66987.2,10400,25565,1200,3600,24960,1476
4,2,2,1,1,39,2,1,15,9,1,90836,6933.3332,9309.3332,2800,1624,11264,1908
2,3,1,1,1,28,1,1,14,8,1,63920.8,5960,49784,182944,5704,59776,3088
4,3,2,1,1,51,1,1,15,9,1,98853,8424,24788,5468,6124,56400,3764
3,3,2,1,1,32,1,1,12,8,1,61313,6933.3332,11141.3332,3876,3092,12800,12
1,3,2,1,4,52,1,1,15,7,1,47089.6,8442.6668,13272,5992,3592,6144,476
3,3,2,1,2,29,1,1,14,8,1,59982.2,3526.6668,4366.6668,2384,3208,12800,584
4,3,2,1,1,31,2,1,15,8,1,63620,15093.3332,15714.6668,4400,2480,13866.6672,4808
3,3,2,1,2,36,1,1,15,7,1,45137.4,14800,8360,9708,3960,25248,2728
3,2,1,1,1,41,1,1,15,9,1,89279,8406.6668,5418.6668,4040,2560,9008,640
3,3,2,1,1,41,1,1,15,9,1,94484,4333.3332,12198.6668,2496,1800,10229.3328,600
4,2,2,1,1,41,1,1,12,9,1,92307,2773.3332,5825.3332,1092,1824,23056,540
3,3,2,1,2,44,2,1,11,8,1,63946,8320,12013.3332,1352,3980,3200,240
4,3,2,1,1,44,1,1,13,9,1,90866.6,10400,13165.3332,2504,4768,17072,4976
2,3,2,1,4,32,2,1,13,6,1,43382,7280,11700,3576,3920,24635.2,3624
3,2,2,1,1,29,2,1,15,8,1,58892.6,9880,29896,4452,3088,7808,1536
2,3,2,1,4,39,2,1,13,4,1,27538.2,2426.6668,6872,2214.6668,1328,3356.8,444
3,3,2,1,1,39,1,1,15,9,1,100369.2,13449.3332,23756,5570.6668,3596,7360,3824
4,3,2,1,4,45,2,1,14,9,1,137380,27040,28644,1200,4320,3744,576
3,3,2,1,1,29,2,1,14,9,1,80007,3726.6668,6129.3332,1976,944,12688,420
2,3,2,1,1,42,2,1,16,9,1,151526.2,8834.6668,29469.3332,6228,6072,21536,5693.3332
4,3,2,1,1,35,1,1,13,7,1,48662,4160,12056,4188,2900,15520,1760
3,3,2,1,1,48,1,1,12,9,1,76782,6480,19932,6940,3040,33552,2032
3,7,1,1,4,37,2,1,12,5,1,30047,7453.3332,10640,2700,3400,11676.8,960
3,7,1,1,4,47,2,3,14,6,1,38222,12133.3332,18732,1600,3052,16480,1520
2,6,1,1,1,44,1,3,15,6,1,40434,1473.3332,3312,420,1132,6448,468
3,7,1,1,4,29,2,5,11,5,1,27418,8493.3332,2760,2624,1896,3840,616
4,7,1,1,4,44,2,1,13,9,1,102689,13408,52876,21536,6064,16000,20892
3,7,1,1,4,29,2,3,10,5,1,33903,8272,11288,60,2988,4608,576
1,7,1,1,4,32,2,4,15,7,1,48531,2080,16332,4414.6668,3588,4853.3328,1392
4,7,1,2,4,31,2,5,12,4,1,22998,6933.3332,3720,1160,840,2560,520
1,7,1,1,4,34,2,5,13,5,1,38583,2944,3214.6668,460,560,3200,420
4,9,1,1,1,59,2,3,13,7,1,47479.6,6066.6668,25609.3332,2465.3332,5880,10160,1260
2,7,1,1,4,40,2,3,15,4,1,24285,3813.3332,5352,3520,2696,14923.7328,264
1,7,1,1,1,34,2,5,14,8,1,56669,3380,31440,4252,7232,8832,2216
4,5,1,1,4,57,1,1,12,9,1,100686,16940,45388,4392,5944,16480,1104
3,4,2,1,4,40,2,1,12,9,1,70320.8,3466.6668,5356,512,1052,3392,588
2,7,1,1,4,33,2,3,14,8,1,57973,5706.6668,12624,2656,3196,2080,1068
3,7,1,1,1,38,2,5,14,5,1,28942.2,7106.6668,11085.3332,3804,2904,3680,1032
3,7,1,1,4,41,2,3,13,5,1,23618,12301.3332,16384,10740,3884,1440,1532
4,5,2,1,1,63,2,1,15,9,1,85844.6,1333.3332,6916,1860,1932,8133.3328,1032
2,5,2,1,1,36,1,1,16,9,1,163744.2,24840,36408,5540,5300,47115.2,1312
4,5,1,1,4,37,1,1,11,7,1,50362,2340,3924,480,460,320,20
3,3,2,1,1,36,1,1,16,9,1,138773,6708,7492,1460,2220,11648,984
3,9,1,1,4,43,2,3,13,8,1,53390.4,34268,17704,1680,480,9984,252
3,3,2,1,1,40,1,1,13,9,1,134103.6,20236,25984,5568,5784,16016,2736
4,3,1,1,1,35,1,1,16,8,1,57765.2,6808,11680,2808,2156,23280,656
4,3,2,1,4,32,2,1,13,8,1,53460,4506.6668,14940,41696,2300,10400,800
2,3,2,1,4,35,2,1,14,8,1,63712,8736,18988,5896,5100,30720,1284
2,3,2,1,2,37,2,1,12,6,1,41899,2912,11948,13908,3840,5035.2,1860
4,3,2,1,1,40,2,1,15,6,1,44023.2,2912,8293.3332,1600,3360,17760,64
2,9,1,1,1,49,2,5,12,7,1,46913,4706.6668,10292,2662.6668,7176,6880,64
4,3,2,1,1,33,1,1,15,9,1,97326,9880,20668,5372,3264,17008,1788
3,3,1,1,1,39,1,1,15,8,1,58039,3897.3332,3556,2792,1520,3674.6672,92
2,3,2,1,1,37,1,1,15,9,1,106785,2406.6668,8956,680,1436,8720,8
3,3,2,1,2,40,2,1,10,5,1,36054,13860,3940,72328,600,8320,1080
1,3,2,1,1,41,2,1,13,8,1,61681,4160,8402.6668,2688,3128,3946.6672,7860
3,9,1,1,4,48,2,4,14,6,1,44981,5893.3332,34674.6668,1240,4336,4640,10944
4,5,2,1,4,29,2,1,13,9,1,90101,3380,17056,4920,3684,4992,1568
3,3,1,1,4,41,1,1,13,8,1,55823,9100,21960,71300,4740,19680,3700
4,3,2,1,4,30,1,1,12,5,1,29594.6,10816,22068,4852,3060,240,1384
3,5,2,1,1,59,2,1,12,8,1,65526,11960,9632,25832,3324,10640,2800
3,7,1,1,4,35,2,5,13,7,1,53523.4,433.3332,4480,952,1400,938.6672,120
1,3,2,1,4,41,2,1,14,8,1,65030,8320,23540,7276,3928,16880,9280
2,3,1,2,1,32,1,1,10,8,1,59018,4160,19456,200,60,9120,100
3,4,2,1,4,41,1,1,15,9,1,99326.8,9706.6668,15958.6668,3210.6668,3484,24000,4360
4,6,1,1,4,39,1,4,13,8,1,68899,8633.3332,15756,3632,3040,8640,1440
4,3,2,1,1,36,2,1,16,9,1,174907,7800,18414.6668,4192,6496,24320,1452
3,5,2,1,1,59,1,1,15,9,0,150559.2,4853.3332,6212,936,2788,3356.8,1100
1,4,2,1,4,28,1,1,11,5,0,31111,2340,3040,206.6668,240,6713.6,332
3,4,2,1,2,58,1,1,15,9,0,118026,9360,21384,5108,8040,29888,2444
3,5,1,1,2,63,2,1,12,9,0,90832.8,5200,15933.3332,4316,2632,11094.4,680
2,1,1,2,2,56,1,1,12,9,0,76806.4,4840,21041.3332,54880,3392,31200,912
4,1,2,1,4,38,2,1,13,9,0,63146.2,13000,19608,6500,2520,16800,2544
3,1,2,1,1,53,1,1,12,8,0,54451,1473.3332,4070.6668,6672,1148,3760,208
2,1,2,1,1,57,2,1,15,9,0,63036.8,8320,12372,7420,6592,25632,1200
2,1,2,1,1,62,1,1,14,8,0,49589,4853.3332,10922.6668,5472,3712,12412.8,1356
4,1,2,1,1,48,1,1,15,9,0,65179.8,8320,18224,11048,4044,47280,600
3,9,1,1,1,56,2,3,12,3,0,14654,1300,1562.6668,320,948,4035.7328,392
4,1,2,1,1,59,2,1,15,9,0,139248.2,7280,10708,3648,1716,7776,1808
4,1,2,1,1,62,1,1,13,8,0,55117,1820,4544,1104,1320,5146.6672,260
2,1,2,1,2,54,2,1,12,7,0,43605,6240,12572,2084,1824,1024,2148
4,1,2,1,2,51,2,1,12,7,0,37004,1768,2589.3332,3372,1080,640,824
3,1,2,1,4,34,1,1,16,7,0,45292,8164,17264,2632,1320,15600,1092
3,1,2,1,1,58,1,1,12,8,0,43177,4506.6668,8465.3332,115394.6668,3492,10538.6672,1712
3,1,2,1,1,55,2,1,14,9,0,124540,3986.6668,14014.6668,8326.6668,3620,28885.3328,740
2,1,2,1,1,55,2,1,13,9,0,112120.8,19760,21892,5896,3772,2272,2928
3,1,1,2,2,57,1,1,16,7,0,47119,7700,6418,17924,3436,25387.2,1928
3,1,2,1,1,42,1,1,16,9,0,126914,12220,35440,1420,4028,31728,1260
1,1,2,1,2,53,2,1,13,9,0,131594,8060,13888,3852,7988,87760,3168
3,1,2,1,1,33,1,1,16,9,0,98605.4,4980,7261.3332,4332,1420,2773.3328,2988
3,9,1,1,4,48,2,3,12,7,0,42291,1993.3332,2660,468,1064,1678.4,360
1,1,2,1,1,63,2,1,13,9,0,87799,2097.3332,3089.3332,808,1056,11701.3328,880
2,1,2,1,1,35,2,1,15,9,0,76763.4,6424,10554.6668,3620,1176,1280,1276
2,1,2,2,1,49,2,1,12,8,0,62744.6,5460,15412,3772,5632,22272,7484
3,1,1,1,4,29,1,1,12,6,0,35408.8,6760,6772,8417.3332,3580,16000,312
4,1,2,1,4,36,1,1,16,9,0,75205,1822.6668,4464,2762.6668,860,9040,120
3,1,2,1,2,45,2,1,13,8,0,55331,5200,1040,129976,720,20800,624
2,1,2,1,1,61,1,1,16,9,0,113691,4954.6668,20046.6668,12565.3332,3468,13098.6672,1440
1,1,2,1,1,54,1,1,14,9,0,84201,5893.3332,6906.6668,8673.3332,3028,15754.6672,1496
3,1,2,1,1,59,2,1,16,9,0,137470,7626.6668,25967.3332,4726.6668,4980,24480,600
3,1,2,1,1,56,2,1,15,9,0,100209,11440,19108,4036,5848,25568,1832
3,1,2,1,2,39,1,1,14,9,0,87034.6,7964,5760,5420,3180,15600,19056
2,1,2,2,2,61,1,1,12,7,0,41918.6,4160,3440,800,2196,12800,1024
3,1,2,2,1,47,2,1,14,9,0,67583,7280,9912,2400,6780,15600,1392
4,1,2,1,2,59,1,1,12,9,0,74786,5000,8053.3332,6433.3332,3776,2784,3188
4,9,1,1,1,54,1,5,14,9,0,99850,5772,95500,8840,4356,25904,5312
3,9,1,1,1,64,2,3,14,7,0,44915,2946.6668,6658.6668,1009.3332,2200,3422.4,416
3,9,1,1,4,59,2,5,15,5,0,29687,4056,11232,4280,1812,480,360
4,1,2,1,4,30,1,1,16,9,0,91234.2,1906.6668,6376,2614.6668,1432,3573.3328,1140
3,1,2,1,1,61,2,1,12,8,0,55104.4,5720,9544,2596,6232,9728,1308
3,1,1,1,4,42,1,1,12,7,0,43037,8320,16064,5188,4440,18720,840
2,1,2,1,2,51,2,1,12,9,0,80692,3640,18232,9536,3732,32880,1104
3,9,1,1,2,62,1,5,15,8,0,51901.2,2841.3332,5305.3332,600,1080,1678.4,308
1,1,1,1,1,59,2,1,13,8,0,49146.2,7800,8609.3332,4266.6668,3548,4320,5016
3,1,2,1,2,54,1,1,13,9,0,187752,1733.3332,13706.6668,60800,924,9013.3328,720
4,1,2,2,2,59,2,1,15,7,0,44126.6,2761.3332,2966.6668,2538.6668,1280,17600,740
1,1,2,1,4,30,1,1,13,7,0,37667,10700,12992,9032,516,14304,340
3,1,2,1,1,28,1,1,13,9,0,68396,2340,6161.3332,2566.6668,1836,1520,1356
3,1,2,1,1,60,2,1,13,9,0,74492,3830.6668,15413.3332,6200,2756,9248,1364
2,1,2,1,2,60,1,1,13,5,0,22155,4160,7486.6668,1032,2996,4320,1792
4,1,1,1,2,55,1,1,15,9,0,74916,7880,52024,9072,5712,76864,3032
3,1,1,1,2,62,1,1,13,9,0,84086.4,4333.3332,4213.3332,10196,2880,33541.3328,216
3,1,2,1,1,46,1,1,16,9,0,128626,6500,32132,7060,10000,31200,3696
2,1,1,2,2,64,2,1,15,8,0,59330,5026.6668,3816,3880,1368,36348.8,256
3,1,2,1,1,43,2,1,16,9,0,108762,4316,32636,3512,6756,13152,2492
2,1,1,1,1,54,1,1,11,8,0,57919,4680,7120,2552,4640,13675.2,1104
4,1,2,1,1,48,1,1,14,9,0,113363,10546.6668,11157.3332,10020,3664,44992,2064
1,1,1,2,4,59,2,1,12,6,0,38256,2340,3820,784,380,1088,444
1,1,2,1,1,38,1,1,13,8,0,46287,8666.6668,23820,10453.3332,4180,4800,7536
3,1,1,1,2,59,2,1,13,7,0,40583,4680,2776,560,1320,23090.1328,1868
4,1,2,1,1,62,1,1,15,9,0,130273.8,16400,52668,31480,6284,880,8000
3,1,1,1,1,57,1,1,16,9,0,123645,11960,30800,1856,3680,20395.2,1020
4,1,2,1,2,58,1,1,12,9,0,89826,2673.3332,7581.3332,3161.3332,3660,4320,292
3,1,1,1,1,36,1,1,12,8,0,57031,2946.6668,8864,909.3332,2600,10053.3328,432
3,1,1,1,1,56,1,1,12,1,0,4800,606.6668,2347.3332,6880,992,3882.6672,260
2,9,1,1,1,43,2,5,16,8,0,56857,3570.6668,7754.6668,2102.6668,2600,5200,1404
1,1,2,1,4,36,2,1,15,9,0,111003.8,2253.3332,4836,1176,1028,9760,892
4,1,2,1,1,44,1,1,14,9,0,129774,8213.3332,36086.6668,15969.3332,2352,16725.3328,1732
3,1,2,1,4,50,1,1,13,8,0,60892,2773.3332,10012,1600,2252,10400,1168
2,1,2,1,2,55,2,1,13,9,0,98868,1733.3332,3190.6668,832,1984,3120,660
3,1,2,1,2,57,2,1,13,9,0,146311,9008,13952,14348,6680,35840,4000
4,1,1,1,2,53,2,1,12,6,0,36856,2340,10624,2184,3824,60448,1888
4,9,1,1,2,59,2,3,13,8,0,55785,2869.3332,16137.3332,1457.3332,2576,16227.7328,2260
2,9,1,1,4,47,1,5,13,7,0,43926,1386.6668,6936,560,1896,3676.8,632
3,1,2,1,1,42,1,1,14,9,0,96290,14740,40672,12388,8940,16352,11864
4,1,2,1,1,55,1,1,15,9,0,111714.6,4926.6668,12218.6668,3764,1532,2357.3328,1664
3,1,2,2,1,60,1,1,14,9,0,74714.2,1213.3332,2082,432,488,4800,180
3,1,2,1,4,56,1,1,14,9,0,97062,8320,17940,6440,2940,2400,1440
4,1,1,2,1,63,2,1,15,7,0,42398,2226.6668,10817.3332,1596,1028,19278.4,4960
2,1,2,1,4,59,2,1,15,7,0,38710,1126.6668,3386.6668,1004,760,4373.3328,600
4,1,2,1,2,53,1,1,15,9,0,93020.6,7453.3332,11773.3332,4040,5840,6400,1352
2,1,2,1,4,58,1,1,12,6,0,29607,3120,7264,32756,816,9056,504
1,1,2,1,2,59,1,1,13,9,0,85855,11360,18192,105380,8220,19200,1712
4,1,2,1,1,44,1,1,13,9,0,128789,7730.6668,13420,8933.3332,2808,10400,320
1,1,1,1,2,64,2,1,12,8,0,59909,4373.3332,16845.3332,3860,2700,6956.8,10540
4,1,2,1,1,52,2,1,13,9,0,112901,5200,8109.3332,7600,2272,24000,620
2,1,2,1,2,60,2,1,12,5,0,20080,3169.3332,3533.3332,2204,1286.6668,3584,792
2,1,2,1,4,27,2,1,15,9,0,68162,3073.3332,3354.6668,676,780,11056,2512
4,1,1,1,2,60,2,1,15,9,0,73125,1300,6028,346.6668,1044,11230.4,1888
3,1,2,1,2,49,2,1,13,9,0,92097,3986.6668,3252,2400,2392,18912,712
1,1,2,1,4,42,1,1,16,9,0,122967,7956,18664,7513.3332,2220,3466.6672,3360
3,1,2,1,1,30,1,1,15,9,0,85598,11246.6668,7152,2001.3332,2136,96202.6672,7324
2,1,2,1,1,45,2,1,12,9,0,154681.8,18200,56952,7996,2672,23744,16368
2,1,2,1,1,28,2,1,15,9,0,68403,8320,26048,3492,2904,11520,6636
4,9,1,1,2,44,1,5,13,6,0,30736.2,3640,8210,2932,2736,1920,1840
4,1,2,1,1,33,1,1,16,9,0,84446,1993.3332,27228,280,792,1733.3328,564
4,1,2,1,2,52,2,1,15,9,0,122862.2,13260,9592,5596,4572,10288,88
3,1,1,1,2,63,1,1,12,8,0,56314.2,1716,2749.3332,2336,1756,13987.7328,160
2,9,1,1,1,59,2,3,16,9,0,67752.8,14560,46584,6060,9988,13200,3516
4,1,2,1,2,52,2,1,12,7,0,39325,10400,7620,4896,3480,7536,4296
2,1,2,1,1,63,1,1,16,9,0,79957.8,4496,15652,3188,6412,96,2464
3,1,2,1,1,52,1,1,11,9,0,127160.8,12220,16320,6080,4176,19136,960
3,1,2,1,2,52,1,1,14,9,0,95517,780,1375.3332,800,1198.6668,7424,200
1,9,1,1,1,37,1,5,15,9,0,66857,3813.3332,6020,852,1448,1077.3328,900
3,1,2,2,2,46,2,1,15,9,0,63306,3466.6668,2261.3332,5888,1532,6560,440
1,1,1,1,2,55,1,1,13,9,0,83286,21860,24900,14060,3380,6736,4900
4,1,2,1,4,30,1,1,16,9,0,82853,44856,29324,19080,3112,2640,11932
3,1,1,1,1,57,2,1,16,9,0,89971,5720,30372,4600,4488,20555.2,1668
3,1,2,1,1,55,1,1,16,9,0,203886,1733.3332,14825.6668,456,1220,6976,564
3,1,2,1,2,45,2,1,13,9,0,160359.6,1300,8096,6424,6216,37355.2,1704
2,9,1,1,2,46,1,5,12,8,0,57425.8,3900,11536,4708,4580,5035.2,504
1,9,1,1,2,52,1,5,12,9,0,76878,6760,8520,2780,2720,12715.2,2180
3,1,2,1,4,57,1,1,12,9,0,75921,5269.3332,7488,2800,2200,16320,2256
4,1,2,1,2,54,2,1,15,9,0,116227,11426.6668,9178.6668,2642.6668,4336,15616,3824
1,1,2,1,1,47,2,1,16,9,0,139111,3617.3332,17358.6668,92,964,320,1400
2,1,2,1,1,46,1,1,12,9,0,95862.4,4160,7908,2400,2728,19829.3328,1568
2,1,2,1,1,62,1,1,12,9,0,90548,1386.6668,2140,400,660,1678.4,768
4,1,1,2,1,63,1,1,12,6,0,34765,2253.3332,6940,3760,924,2912,680
1,1,2,1,4,51,1,1,12,9,0,70469,3986.6668,11044,9470.6668,2180,28181.3328,2120
2,1,2,1,1,59,2,1,14,9,0,115280.4,14520,11174.6668,11404,4212,15669.3328,520
1,1,2,1,2,60,1,1,16,9,0,210085,7280,29015.3332,2364,2740,43200,64
1,1,2,1,1,58,2,1,13,9,0,84098,6760,34724,4280,4748,12667.2,2320
3,1,2,2,1,48,2,1,12,9,0,80080,4333.3332,6562.6668,7104,3616,16800,500
3,9,1,1,2,60,1,2,12,8,0,61488,1386.6668,7447.3332,640,1380,8611.7328,280
4,1,2,1,2,39,2,1,12,6,0,28382.6,3640,6640,320,1480,4160,400
4,9,1,1,4,61,1,2,12,7,0,40870.2,8320,9420,2616,1400,5755.2,1368
3,9,1,1,1,58,1,5,16,8,0,55329,2426.6668,2905.3332,437.3332,868,7278.4,260
2,9,1,1,4,28,2,5,12,6,0,34224.8,2380,9696,3638.6668,1760,6556.8,2000
3,1,2,1,1,53,2,1,14,9,0,152700,5968,17878.6668,4513.3332,2956,18400,1800
1,1,2,1,1,62,1,1,12,9,0,67028,5069.3332,9528,3618.6668,2408,22053.3328,792
2,1,1,1,2,58,1,1,16,9,0,97417.8,3986.6668,7417.6668,1300,1400,400,300
3,1,2,1,1,48,2,1,12,8,0,53026.2,3220,19146.6668,1616,1600,5013.3328,424
2,1,1,1,2,61,2,1,15,6,0,32809,1040,2521.3332,816,1020,878.4,364
4,1,1,1,1,60,2,1,13,9,0,71727.6,4853.3332,17478.6668,4298.6668,4400,15360,4920
2,1,1,2,1,47,2,1,12,7,0,45641.4,3380,5456,9520,2804,32571.2,764
2,9,1,1,4,41,1,3,12,5,0,30702,5200,10100,7120,1180,5035.2,1120
3,1,2,1,4,63,1,1,15,9,0,66462,12180,46796,6064,4032,7312,1908
2,1,2,2,2,59,2,1,14,9,0,88672.4,8960,12094,1960,8056,76800,2144
1,1,2,1,1,56,2,1,13,8,0,58490.4,3620,10016,5220,3452,1920,3028
3,9,1,1,1,64,2,3,15,9,0,60894,4160,5892,1920,2628,7088,1452
3,1,2,1,2,56,1,1,15,8,0,58957,4853.3332,8846.6668,3880,2868,4714.6672,636
3,1,2,1,4,33,2,1,15,9,0,73862,26360,17940,6880,2040,1200,3640
3,1,2,1,1,54,2,1,12,9,0,192243.8,2080,5236,264,1240,7600,452
4,1,2,1,2,58,1,1,15,9,0,157121.8,2946.6668,3813.3332,1400,1800,7280,240
1,1,2,1,1,55,2,1,15,9,0,134524,13200,33604,5260,8040,26624,2940
2,1,2,1,1,54,1,1,15,9,0,147868,8586.6668,10536,2428,3668,15440,6076
4,1,2,1,4,50,1,1,15,9,0,115304,2080,4580,1400,784,1440,1120
1,1,2,1,1,53,1,1,15,9,0,107433.2,26060,39821,15364,8644,3200,23748
3,1,2,1,1,47,2,1,14,9,0,87979,12533.3332,12834,3026.6668,1784,8480,944
2,1,2,1,4,28,1,1,15,8,0,53759,2600,6872,1206.6668,584,23530.6672,32
2,1,2,1,2,52,2,1,12,9,0,101776,2686.6668,3332,653.3332,952,3354.6672,360
3,1,2,1,2,61,1,1,15,6,0,32270,2080,4120,2160,3120,416,824
3,1,1,1,2,64,2,1,13,8,0,55726,5320,8174.6668,2094.6668,4844,14364.8,1860
2,1,2,1,1,50,1,1,16,9,0,115685.8,9738.6668,16729.3332,9980,2716,2880,3560
2,1,2,2,2,53,1,1,13,8,0,63051,5360,6176,6768,3776,14400,4468
2,1,2,1,4,53,1,1,16,9,0,124622,13797.3332,58854.6668,19826.6668,2000,7248,1796
3,1,2,1,2,56,2,1,12,9,0,72258.8,10240,30273,2840,10400,944,960
3,1,1,1,2,32,1,1,15,9,0,99789,10920,25040,2420,4680,8848,2400
3,1,2,1,2,53,2,1,12,6,0,32391.6,5720,4528,29044,3624,18304,984
2,9,1,1,4,53,2,3,15,6,0,34727.2,1265.3332,7122.6668,1648,1292,11120,472
1,1,1,1,1,62,2,1,12,9,0,82154,7440,27740,9980,3744,16048,1820
3,1,2,1,2,62,2,1,13,9,0,82296,6528,17756,3004,2128,22592,1264
2,1,1,1,1,56,2,1,12,8,0,55130,3126.6668,3510.6668,2180,1200,6446.4,592
3,1,2,1,1,55,1,1,13,9,0,90844.8,2166.6668,5218.6668,1052,1892,6400,844
3,1,1,1,2,55,2,1,15,9,0,115816.2,6760,16796,6040,7980,16800,900
1,1,2,1,1,62,1,1,16,6,0,36409,2166.6668,15345.6668,504,1180,28800,1260
2,9,1,1,4,58,2,5,15,8,0,51827.4,5540,24540,5464,2764,22251.2,3560
4,1,2,1,1,61,1,1,12,9,0,66317,2446.6668,7834.6668,4646.6668,784,16032,3716
3,1,2,1,4,31,2,1,16,8,0,48807,2960,11492,2153.3332,2052,11616,960
3,1,2,1,2,62,1,1,12,9,0,67733.8,7800,16264,1280,3728,70096,840
4,9,1,1,4,51,2,3,13,8,0,45957,2080,4144,832,760,1678.4,348
1,1,2,1,1,52,2,1,15,9,0,105461.6,7869.3332,16707.3332,9294.6668,2280,23628.8,18676
3,1,2,1,1,49,2,1,12,9,0,65481.4,4680,14496,5136,3080,11616,6692
2,1,2,2,1,56,1,1,12,9,0,81416,1974.6668,9506.6668,2820,3480,8032,144
3,1,2,1,1,35,1,1,15,9,0,113746,2253.3332,18674.6668,664,1264,1578.6672,1820
3,1,1,2,4,63,1,1,12,3,0,13781,2080,8564,78096,3344,10550.4,1132
2,1,2,1,1,38,2,1,16,9,0,131583.8,2166.6668,13400,584,1692,10160,5268
2,1,2,1,1,31,1,1,15,9,0,80992.4,6508,23048,4452,3240,15200,1596
4,1,2,1,4,27,1,1,13,7,0,42403,1601.3332,4952,614.6668,1096,4650.6672,120
2,1,2,1,1,58,2,1,12,9,0,119216,3466.6668,11301.3332,5684,968,7680,640
1,1,2,1,1,29,2,1,15,9,0,69416.6,6484,19696,80304,2616,7104,1508
2,1,1,1,2,64,1,1,13,9,0,64492,5804,7809.3332,3004,4656,34012.8,1508
4,9,1,1,4,27,1,5,13,6,0,33471,16120,29056,11600,6156,1872,1468
3,1,1,1,1,50,1,1,13,8,0,59668,5304,16350.6668,3080,3840,14672,972
1,1,2,1,1,29,2,1,15,9,0,62696,6812,16828,6404,4548,10736,2576
2,1,2,1,1,62,1,1,13,9,0,70329.2,3258.6668,4732,516,1400,3973.3328,300
1,1,2,1,1,48,1,1,15,9,0,115035.2,3961.3332,18032,5196,1472,10752,7700
2,1,2,1,1,51,1,1,13,9,0,103763,5373.3332,15856,11068,6208,15792,2816
4,1,2,1,4,27,2,1,16,9,0,90263,3605.3332,27016,3466.6668,3912,18613.3328,1456
3,1,2,1,2,48,2,1,16,9,0,137488,9246.6668,7624,9040,3440,36186.6672,2880
4,1,2,1,4,32,2,1,15,9,0,62887,4160,18152,2404,1120,7146.6672,1920
3,9,1,1,2,34,1,1,12,9,0,108667,2946.6668,1828,5038.6668,1460,3356.8,672
4,1,2,1,1,50,2,1,13,9,0,103571,13436,10428,6472,4396,12480,1968
4,1,2,1,1,50,2,1,15,9,0,124807,6760,78628,8508,3212,25248,660
3,1,2,1,1,55,1,1,15,9,0,159351,7800,12132,3380,7184,10400,1620
2,1,2,1,4,54,2,1,12,8,0,54389,3120,4400,872,1488,6933.3328,240
4,1,2,1,1,57,1,1,13,9,0,110688,10746.6668,18977.3332,2080,1796,3466.6672,2536
4,1,2,1,1,32,1,1,14,9,0,106645.2,10660,17676,39408,6540,10800,1836
4,1,2,1,1,59,1,1,12,9,0,98630,10333.3332,10410.6668,4149.3332,3008,3466.6672,2392
3,1,1,1,2,57,1,1,12,4,0,18150,3120,4513.3332,1980,1992,4800,720
4,1,2,1,4,39,1,1,13,8,0,54075,12672,20144,6456,3732,44096,1256
1,9,1,1,2,31,1,5,13,9,0,146401.2,2548,4132,780,1936,3486.4,200
3,1,2,1,2,60,2,1,15,8,0,55203,5200,4924,4124,2384,16848,4036
2,1,2,1,1,51,2,1,13,9,0,117842,9620,30128,195792,4852,21984,2584
4,1,2,1,1,43,1,1,16,9,0,78870,5200,11192,1369.3332,2124,2320,2176
3,1,2,1,1,63,2,1,14,9,0,90160.2,9424,18236,9064,5284,52443.2,5396
3,1,2,1,1,50,2,1,14,9,0,79790,3624,22098.6668,3160,3540,19402.6672,2988
1,1,1,1,2,59,2,1,15,9,0,130248,5893.3332,22066.6668,1680,3328,35164.8,2600
3,1,2,1,1,51,2,1,16,9,0,93351,2633.3332,4746,5600,2772,27200,816
3,1,1,1,1,60,2,1,12,9,0,62173.4,8080,19516,16356,5380,9840,2420
3,1,2,1,2,49,1,1,15,9,0,121764.2,3068,15928,4410.6668,1408,14608,480
3,1,2,1,2,55,1,1,15,9,0,63910.4,2841.3332,1800.6668,600,1500,5600,340
2,1,2,1,2,61,1,1,12,9,0,89613.4,6933.3332,8868,560,3152,4480,592
1,1,1,1,4,55,2,1,16,8,0,52936,8146.6668,10552,640,2552,16074.6672,4992
3,1,2,1,1,29,2,1,15,8,0,52081,8640,9904,6748,5040,38560,1884
1,1,2,2,1,62,1,1,12,9,0,65232,2773.3332,8001.3332,1548,1820,7349.3328,1632
1,1,2,1,1,37,2,1,16,9,0,72733,5026.6668,5317.3332,4153.3332,2000,14592,860
3,1,2,1,1,46,2,1,13,9,0,88176,9696,21940,5276,4936,12304,3224
3,1,2,1,1,28,1,1,13,8,0,50114,3640,9005.3332,1940,1660,12202.6672,1464
4,1,2,1,4,53,1,1,12,8,0,59195.2,866.6668,3500,2802.6668,300,6517.3328,32
1,1,2,1,1,49,1,1,12,9,0,67755,4420,23260,9936,3936,16320,5536
3,1,2,1,1,54,2,1,13,9,0,94447.2,5200,10386.6668,2624,4968,13866.6672,632
2,1,2,2,1,48,2,1,14,8,0,53586,6512,11040,7216,6004,24272,9588
1,1,2,1,1,36,1,1,15,9,0,97821,3120,12930.6668,106633.3332,2960,6400,1960
1,1,2,2,2,54,2,1,16,9,0,128252.6,9400,16848,4388,4068,10315.2,5580
1,1,2,1,1,44,2,1,15,9,0,91257,2166.6668,3893.3332,2396,664,3920,424
4,1,1,2,4,54,2,1,13,8,0,56220,6860,12892,5556,3192,35083.2,196
4,1,2,1,1,46,2,1,13,9,0,82898,6900,14456,139740,4404,34384,11344
2,1,2,1,4,28,1,1,15,9,0,89426.4,6260,14180,8200,6040,23760,1740
3,1,2,1,1,62,1,1,14,8,0,49022,1212,2604,1468,1884,800,320
3,1,2,1,1,43,1,1,16,9,0,107498.2,2080,5078.6668,898.6668,1220,5296,240
2,1,2,1,1,27,1,1,15,9,0,139402.4,4766.6668,8012,20966.6668,1248,8944,36
2,1,1,1,4,30,1,1,16,9,0,77757,8040,26920,19640,3600,166944,776
3,1,1,1,1,45,2,1,14,5,0,27492,1126.6668,4105.3332,1076,1600,6734.4,452
3,1,2,1,4,30,1,1,16,8,0,45165,2700,4244,670.6668,880,23040,1076
2,1,2,1,4,60,1,1,15,9,0,70313.2,2841.3332,4548,3974.6668,468,7120,72
3,1,2,1,1,39,1,1,14,9,0,67178,3424,13090,5504,2380,23408,120
3,1,1,1,1,53,1,1,15,9,0,82701,5613.3332,20141.3332,10101.3332,2024,16128,2216
2,1,2,1,4,30,1,1,15,9,0,81536,1650.6668,7992,3864,1460,4480,496
3,1,2,1,2,57,2,1,16,9,0,204929.2,4333.3332,8601.3332,4162.6668,2900,44149.3328,1216
3,1,2,1,2,33,1,1,12,9,0,84210.6,1733.3332,2422,1000,1552,2720,340
2,1,2,1,1,45,1,1,16,9,0,95035,4160,4453.3332,2253.3332,724,6026.6672,972
3,1,2,1,4,43,2,1,14,7,0,39953,3466.6668,4412,1824,2172,2640,800
3,1,2,1,1,64,2,1,16,9,0,107528,3120,24772.3332,7454.6668,2544,6958.4,700
3,1,2,1,2,63,2,1,15,9,0,84042.6,7800,7241.3332,1752,4848,2560,1584
3,1,2,1,1,47,2,1,13,9,0,165918,2860,5808,1705.3332,2436,12800,628
1,9,1,1,4,40,2,4,14,6,0,31090,1066.6668,4440,1120,520,2400,980
2,1,2,1,4,29,1,1,15,9,0,94056,3553.3332,7908,1584,1396,4693.3328,1052
3,1,2,1,4,27,1,1,16,9,0,66809,4957.3332,13384,54888,1096,960,800
1,1,2,1,1,60,2,1,14,9,0,73036,5200,9144,6704,4296,25600,2360
1,1,2,1,1,36,2,1,13,9,0,213851,6881.3332,27762.6668,7876,2480,13916.8,7160
3,1,2,1,2,58,1,1,14,9,0,64389.6,5682.6668,5240,4116,2272,2560,1040
3,1,2,1,4,28,1,1,15,9,0,110076,4226.6668,11756,50766.6668,1176,3200,608
2,1,2,1,1,44,1,1,14,9,0,126622,11180,16092,8140,4500,15600,2152
4,1,2,1,4,39,2,1,15,9,0,67335,4056,6625.3332,6397.3332,1124,11840,3380
4,1,2,1,2,47,2,1,16,9,0,140801,5200,5756,6536,1416,2400,80
4,1,2,1,1,33,1,1,15,8,0,54804,11440,29542.6668,3165.3332,3980,16000,320
1,1,2,1,1,52,1,1,15,9,0,65542.2,1906.6668,5298.6668,880,2136,5146.6672,292
4,1,2,1,1,61,2,1,15,9,0,113883.2,10226.6668,4320,426.6668,1940,21744,1300
3,1,2,1,2,44,1,1,12,9,0,62471.4,5200,2580,938.6668,2560,8736,984
3,1,2,1,2,63,1,1,16,9,0,118608,4292,13280,3136,4444,16000,2060
2,1,1,1,2,59,1,1,16,9,0,109808,4506.6668,9310.6668,493.3332,1444,25600,70.6668
2,1,2,1,4,33,1,1,14,9,0,79408.4,4333.3332,9480,2720,1440,6730.6672,800
2,9,1,1,1,58,2,3,15,9,0,92442,5824,10704,9310.6668,2856,9056,1788
1,9,1,1,2,52,1,5,11,5,0,24295,2253.3332,4654.6668,3048,1388,12402.1328,1252
4,1,2,1,4,31,2,1,13,9,0,68423,5360,11965.3332,2853.3332,2284,1136,644
2,1,2,1,1,58,1,1,16,9,0,103922,12240,46796,8756,6280,2496,2780
2,1,2,2,2,51,2,1,12,9,0,72787,14140,10464,3156,3232,8976,720
1,1,2,1,2,60,1,1,13,9,0,78047,8232,11312,6540,2948,32912,1628
2,1,2,1,1,60,2,1,12,9,0,84676,7800,13060,5320,5424,19216,3744
4,1,2,1,1,46,2,1,13,9,0,111078,8666.6668,8656,3900,5124,9040,1960
1,1,2,1,1,59,1,1,15,9,0,140571.2,9080,23078.6668,14313.3332,2956,6128,6660
4,1,2,1,1,54,2,1,15,9,0,88597,14340,15192,8208,4880,28800,6472
2,1,1,1,1,57,1,1,12,7,0,46466,7800,21196,5076,7824,16636.8,2068
4,1,2,1,1,53,2,1,16,9,0,175347,1126.6668,11696.6668,3236,1624,1562.6672,160
3,1,1,1,4,56,2,1,14,8,0,54938,6240,26580,6744,4000,35952,1000
1,1,2,1,2,37,2,1,13,9,0,113877.6,10036,18524,14860,8104,26880,4872
4,1,2,1,1,29,1,1,14,9,0,89370,6586.6668,10274.6668,7936,3136,23040,4160
2,1,2,1,4,56,1,1,13,7,0,45773.8,3640,13344,4516,4820,32752,1260
1,1,2,1,1,45,1,1,15,9,0,75453,12560,26548,8680,3984,11840,29420
2,1,2,1,1,56,1,1,15,9,0,159393,9960,13853.3332,8524,732,19024,4136
3,1,2,1,1,31,1,1,14,9,0,115790.2,2600,4857.3332,3460,1400,8720,2200
2,1,2,1,1,44,2,1,13,9,0,62685.6,5484,8478,22912,3284,24336,2996
1,1,2,1,1,56,1,1,12,9,0,86153.2,10266.6668,13720,2658.6668,776,9050.6672,1684
1,1,2,1,4,33,2,1,15,8,0,57070,1886.6668,5400,1400,600,2826.6672,900
1,1,2,2,2,60,2,1,12,5,0,27135,4160,15246.6668,1792,4636,1920,760
1,1,2,1,1,57,1,1,14,9,0,73422,1473.3332,8248,746.6668,876,7813.3328,656
4,1,2,2,1,58,1,1,12,9,0,118307,9360,15328,12400,4236,19200,112
1,1,2,1,1,38,1,1,15,9,0,128326,6500,29984,24716,3408,30640,6208
1,1,2,2,2,45,2,1,15,9,0,89151.6,4420,6680,120572,4580,49200,2752
1,1,1,1,2,63,1,1,12,9,0,76905,12680,31872,4324,4880,1600,2180
2,9,1,1,1,64,2,2,12,8,0,50917,5586.6668,9452,6032,4788,9020.8,280
2,1,2,1,2,61,1,1,12,9,0,74958,4212,9808,4728,3132,57936,2272
2,1,2,1,2,54,2,1,14,9,0,67223,5425.3332,4030.6668,2776,1240,10432,772
4,1,1,1,2,62,2,1,15,9,0,83032,6728,12240,3420,4848,21600,432
3,1,2,1,1,44,2,1,15,9,0,143402,3813.3332,15105.3332,2676,2080,7765.3328,1056
2,1,2,1,1,59,2,1,15,9,0,90662,2357.3332,6397.3332,948,1508,10570.6672,468
4,1,2,1,2,58,1,1,12,7,0,39220,3640,7369.3332,4026.6668,1808,2080,480
2,1,1,1,1,60,1,1,12,9,0,67124,6872,17340,14940,2368,6432,1560
2,1,2,1,4,28,2,1,14,8,0,59372.8,5373.3332,6568,4904,2008,3466.6672,288
4,1,2,1,1,54,1,1,15,9,0,145265.8,3640,22048,1596,3404,7552,3264
4,9,1,1,1,34,1,5,14,9,0,68064.4,4940,5425.3332,2280,1380,8142.4,8520
1,1,1,1,2,63,1,1,15,8,0,54044,2946.6668,35320,960,1224,5621.3328,840
2,1,2,1,4,37,1,1,15,9,0,85136,2478.6668,4128,2896,2012,3461.3328,2676
4,1,2,2,2,57,2,1,14,9,0,68711,6260,13200,1684,1344,38400,1020
3,1,2,1,1,27,2,1,16,9,0,82808,2426.6668,10590.6668,913.3332,1888,400,968
4,1,2,1,1,52,2,1,12,9,0,161125,8666.6668,30640,712,7140,8640,6024
1,1,2,2,1,56,1,1,12,8,0,59318,7944,6432,2984,3220,26144,1104
4,1,2,1,1,28,1,1,15,9,0,73830,2253.3332,4598.6668,1197.3332,1500,5861.3328,916
4,1,2,1,1,55,2,1,13,9,0,131885,1820,30238.6668,1066.6668,1480,245.3328,600
3,1,2,1,1,50,2,1,13,9,0,68390.8,2773.3332,2744.6668,620,1248,10981.3328,224
1,1,2,1,1,43,2,1,16,9,0,125361,3704,11679,573.3332,632,8656,2088
3,1,1,1,2,63,2,1,13,8,0,52715.4,17220,10752,7280,7512,27792,2500
1,1,2,1,1,61,1,1,12,9,0,73378.6,2773.3332,2990.6668,1280,848,1120,360
3,1,2,1,2,58,1,1,11,9,0,73088,3466.6668,3649.3332,5200,2752,6933.3328,960
2,1,2,1,1,54,2,1,14,9,0,98319.8,5460,25700,6800,7584,15488,1172
2,1,2,1,1,33,2,1,15,9,0,88092,3900,5709.3332,1020,1544,2912,468
2,1,1,1,2,63,2,1,13,9,0,74495,3360,7502.6668,1253.3332,1016,6905.0672,400
4,1,2,1,4,27,2,1,15,6,0,29254,4732,14620,4852,2772,1568,1648
1,1,2,1,1,34,1,1,16,9,0,107858.6,3490.6668,12814.6668,1586.6668,1280,8666.6672,2648
2,1,2,1,1,37,2,1,13,9,0,86729,2253.3332,9661.3332,1224,1121.3332,6864,2144
3,1,2,1,2,47,1,1,11,6,0,34964.6,346.6668,4472.6668,160,1608,800,600
2,1,2,1,2,59,1,1,10,8,0,56341.4,1681.3332,3792,440,2380,6176,180
4,1,1,2,4,33,1,1,14,9,0,106914,8060,12368,3564,1584,12976,1356
3,9,1,1,2,55,2,5,12,6,0,39158,4940,10596,4980,9348,20107.2,2148
1,1,2,1,1,49,1,1,12,9,0,148169.4,11080,15568,10574.6668,2564,19840,3172
3,1,1,2,2,57,1,1,12,5,0,24201.2,15600,5180,2400,4380,18880,1140
2,1,2,1,2,58,2,1,11,9,0,73316.4,6760,7764,2621.3332,2964,5760,1876
3,9,1,1,2,53,2,3,16,8,0,53540,5200,3608,3000,3028,11275.2,2720
4,1,1,1,4,31,1,1,15,8,0,49215,4920,20856,3716,2020,5760,1744
2,1,2,1,4,38,1,1,16,9,0,114559.6,3649.3332,9350.6668,1736,1404,7456,248
4,1,2,1,4,41,2,1,16,9,0,144237,9552,45904,2776,5364,50400,4880
4,1,1,1,4,40,1,1,12,8,0,52413.2,1733.3332,16396,612,3320,16640,1020
1,1,2,1,1,56,1,1,16,8,0,54193.8,4680,11014.6668,4290.6668,3612,5600,2680
2,1,2,1,1,60,2,1,12,9,0,103513.4,2584,9320,7394.6668,3192,9600,1208
2,9,1,1,4,64,2,5,14,5,0,28451,5344,12880,660,3648,6844.8,936
3,1,1,1,1,55,2,1,14,9,0,77281,7096,15988,5168,7152,15259.2,1400
2,1,2,1,1,36,1,1,15,9,0,88783.8,1300,3593.3332,2920,1100,4400,132
1,1,1,1,1,59,1,1,15,9,0,87221,6586.6668,7624,2802.6668,2188,2064,1208
4,1,2,1,2,56,2,1,12,8,0,56370,3900,1628,758.6668,1424,672,952
4,1,2,1,1,61,1,1,12,9,0,89155,2513.3332,7726.6668,1028,1464,800,180
4,1,2,1,4,51,2,1,12,8,0,56683,3640,19304,3456,6464,5824,1560
3,1,2,1,2,54,2,1,13,9,0,61067,4680,9940,2572,6240,13216,1380
3,1,2,2,2,54,2,1,11,7,0,39111.2,3120,3289.3332,1840,2836,8736,1000
4,9,1,1,1,53,2,3,15,9,0,69666.4,2906.6668,4381.3332,5202.6668,1904,6346.6672,1108
3,1,2,1,1,49,1,1,14,9,0,166736.8,8666.6668,18430.6668,2800,1908,17360,1696
4,1,2,1,4,43,2,1,15,9,0,74968,11940,28808,8760,1140,9808,3256
3,1,2,1,1,62,2,1,16,9,0,77898,7453.3332,13774.6668,3109.3332,3328,17456,2368
3,1,2,1,4,62,1,1,13,8,0,59197,2686.6668,4972,3126.6668,2172,8320,640
2,1,2,1,4,34,1,1,15,9,0,98956,2166.6668,8620,1656,980,4160,300
3,1,1,1,2,51,2,1,12,9,0,70173.6,7973.3332,4618.6668,2652,2688,43680,2028
2,9,1,1,1,56,2,3,13,5,0,27571,1733.3332,6684,3000,2376,5344,1172
3,1,2,1,1,56,1,1,12,9,0,113110,1906.6668,33357.3332,11568,1124,13984,240
4,1,2,1,1,41,2,1,15,9,0,107163.4,6240,21680,9488,1900,24960,1160
3,1,2,2,2,58,2,1,12,9,0,68052.8,3761.3332,4104.6668,1268,988,43385.0672,200
2,1,2,2,2,56,2,1,11,8,0,56880.6,3224,5360,3600,2712,38475.2,1548
3,1,2,1,2,62,2,1,13,9,0,248742.6,1300,2238.6668,1000,1472,17998.4,520
3,1,2,1,1,58,2,1,15,9,0,115324,9280,23408,4512,5432,9280,3888
3,1,2,1,1,31,2,1,15,9,0,72937,5200,18593.3332,860,2456,9600,392
4,1,2,1,1,60,2,1,10,6,0,30982.4,9360,11896,4360,5820,4176,540
2,1,2,1,1,64,1,1,15,8,0,52649.4,3986.6668,7534.6668,4240,956,17280,816
3,1,2,1,2,58,1,1,16,9,0,108251.6,4378.6668,7437.3332,6610.6668,2560,9120,2092
4,1,1,1,1,54,1,1,12,8,0,59742,7280,15540,5468,6236,1520,1660
2,1,2,2,2,53,2,1,13,5,0,28117.6,1854.6668,1830,1476,1464,4480,436
4,1,2,1,1,56,2,1,12,6,0,34562.6,3380,12202,720,4528,20720,2452
3,1,2,1,4,29,2,1,15,9,0,130628,5253.3332,21504,69849.3332,2520,1728,2000
4,1,2,1,4,57,2,1,12,9,0,77428.2,8260,30380,13600,3780,38672,748
2,1,2,1,1,46,2,1,15,9,0,162344,4090.6668,12857.3332,2716,1052,4762.6672,7840
1,1,2,1,1,59,2,1,13,9,0,140021,3704,6286.6668,1500,2128,5738.6672,872
3,1,2,1,1,32,1,1,15,9,0,136261,2554.6668,9050.6668,225506.6668,1444,14666.6672,9816
3,1,1,1,2,47,1,1,11,6,0,31210,3640,2024.6668,612,1388,5838.4,216
2,1,2,1,4,52,2,1,15,8,0,59239.6,3293.3332,6668,212,2456,4800,628
3,1,2,1,2,52,2,1,15,9,0,68826.2,5546.6668,9793.3332,70688,2420,8400,2460
4,1,2,1,1,63,1,1,13,8,0,56550,11200,21372,1600,4204,36160,2084
4,1,2,1,4,48,2,1,15,9,0,78198,7313.3332,6684,5628,2332,7498.6672,1012
3,1,2,1,1,54,1,1,13,9,0,77929,2166.6668,4620,1800,1540,1920,400
3,1,2,1,1,39,1,1,15,9,0,106998.2,17020,20644,6860,8004,31200,860
2,1,2,1,4,27,2,1,15,9,0,81946,2686.6668,10100,1160,160,3200,880
2,1,1,1,1,55,1,1,12,7,0,42574,6120,9400,26940,2272,19200,1092
3,1,2,1,1,60,1,1,13,9,0,102720,8400,8444,8132,3784,37440,1020
1,1,2,1,2,64,1,1,15,9,0,194501,13712,23360,3800,9596,5696,360
4,1,2,1,4,58,2,1,14,9,0,128362,3466.6668,15940,5441.3332,1320,34752,64
1,1,1,2,1,57,1,1,13,9,0,87031,4160,22016,6528,6076,27312,2376
3,1,2,1,2,61,2,1,10,7,0,40709.6,9960,14268,10116,4048,8560,3628
3,1,2,1,2,54,2,1,15,9,0,121911.2,7500,24576,9416,4680,42800,2696
3,1,2,1,1,52,2,1,12,9,0,115028.2,7800,23616,8244,1368,9984,1440
3,9,1,1,1,46,1,4,12,4,0,17236,5546.6668,7761.3332,3760,3132,1440,1040
2,1,2,1,1,49,1,1,15,9,0,65668.4,5373.3332,12614.6668,2520,3936,8320,72
3,1,2,1,1,56,1,1,16,9,0,153860,1213.3332,6153.3332,888,944,1568,140
3,1,2,1,2,53,1,1,12,8,0,58525.8,8332,27916,4408,5280,19200,2644
3,1,2,1,1,62,2,1,13,9,0,99983,5980,12984,10760,5028,79723.2,3116
2,1,2,2,2,53,2,1,12,8,0,59093,4340,7096,9960,3376,3882.6672,720
2,1,2,1,1,61,2,1,12,9,0,83757.4,4273.3332,21152,3416,3836,13312,640
1,1,2,1,1,62,1,1,12,4,0,19046.6,2749.3332,4754.6668,400,1644,7973.3328,400
3,1,1,1,2,64,1,1,15,9,0,93688,3440,8118.6668,800,1396,480,14852
3,1,2,1,1,57,1,1,11,9,0,66391,2080,1684,1036,940,3893.3328,228
4,1,2,1,1,64,1,1,15,9,0,66035.4,13176,18894,19528,4796,18240,7540
3,9,1,1,4,50,2,3,11,6,0,29953,4333.3332,6072,2476,1712,9452.8,832
3,1,2,1,1,50,2,1,13,7,0,44124,1820,4226,800,1640,4160,780
4,1,2,1,1,47,1,1,15,8,0,54702.2,5517.3332,16574.6668,480,1228,4000,80
3,9,1,1,1,33,2,5,15,5,0,25620,5900,21104,6064,6180,31516.8,872
1,1,2,1,1,29,2,1,15,9,0,140735,4766.6668,11386.6668,3124,1472,1962.6672,11420
2,1,2,1,2,51,2,1,16,8,0,52739.2,5200,4346.6668,2628,2620,17493.3328,720
3,1,2,1,1,35,2,1,16,9,0,165267,5200,16013.3332,2288,1500,5600,540
2,1,2,1,1,58,1,1,13,8,0,57643,3020,17512,6724,2344,16720,1320
3,1,2,1,1,33,2,1,15,9,0,84412,4213.3332,6089.3332,4508,3316,7872,548
3,1,2,1,2,61,2,1,13,7,0,44298.6,11960,17228,1820,6828,11040,1528
2,1,2,1,1,50,2,1,13,8,0,54062,6812,15412,4092,4620,8960,1272
1,1,2,1,1,36,1,1,15,9,0,96115.6,6586.6668,9460,3668,4120,14400,600
2,1,2,1,1,38,2,1,13,8,0,45201,4496,13496,3552,4644,20432,1256
3,1,2,1,1,59,1,1,12,8,0,51002.4,5026.6668,27376,2284,3088,10858.6672,560
3,1,2,1,1,55,2,1,15,9,0,134030.8,6080,9720,2900,2364,19200,2680
3,1,2,1,1,53,1,1,13,9,0,119077.6,1952,36614.6668,7029.3332,1692,3680,1076
3,1,2,1,2,58,1,1,12,8,0,58275,2340,2058.6668,828,1680,7429.3328,512
1,1,1,1,2,62,2,1,11,9,0,69612,3120,2734.6668,700,1484,6517.3328,120
2,1,2,1,1,55,1,1,14,9,0,125768.6,4233.3332,4401.3332,4128,1448,3440,776
2,1,2,1,1,52,2,1,12,9,0,122498,1993.3332,5737.3332,565.3332,1376,2400,500
2,1,2,1,1,34,2,1,14,9,0,74234.4,3453.3332,18632,5084,2036,2432,872
4,1,2,1,1,57,1,1,12,9,0,90764.4,8256,19328,4828,3788,20048,2800
4,1,2,1,1,55,1,1,12,9,0,98086,8666.6668,8238.6668,13904,4444,1280,1300
2,1,2,1,2,59,1,1,15,9,0,99125,4420,3401.3332,864,1648,14826.6672,2388
1,1,2,1,4,58,1,1,12,9,0,72313.8,2080,3614.6668,400,476,7040,2012
3,1,2,1,2,52,2,1,14,9,0,80245.2,7280,4397.3332,113424,2912,5269.3328,728
4,1,2,2,1,60,1,1,14,9,0,91951,3813.3332,8560,2896,5068,5120,360
3,1,2,1,1,30,1,1,14,9,0,114077.6,4160,5556,936,1588,6832,428
3,1,2,1,1,52,2,1,16,9,0,140301,4333.3332,6441.3332,3068,3508,19328,1792
3,1,2,1,4,31,1,1,15,8,0,61973,2253.3332,1592,818.6668,280,5728,220
3,1,2,1,1,47,1,1,14,7,0,40729.6,2841.3332,4182.6668,80,900,1248,140
3,1,1,2,2,64,1,1,13,8,0,50279.4,8320,9398,2400,3608,13600,1660
3,1,2,1,1,31,2,1,16,9,0,137909.8,4593.3332,5464,11969.3332,788,1312,1532
4,9,1,1,4,39,1,5,11,7,0,40915,1646.6668,5948,448,1228,5710.4,220
4,1,1,2,1,62,2,1,12,8,0,52710,1733.3332,2764,800,876,864,452
1,1,2,1,1,57,2,1,12,9,0,80610.8,4160,7069.3332,1200,2184,12800,1600
3,1,1,1,4,64,1,1,13,3,0,15288,7228,21500,55872,3348,8315.2,5064
2,9,1,1,1,29,1,5,15,8,0,59274,5200,19436,2484,3000,6496,3424
3,1,2,1,1,51,1,1,15,9,0,123127,5200,41856,7572,5520,14256,2096
3,1,1,1,4,35,1,1,16,9,0,71924.6,8706.6668,16584,3480,4016,38400,2244
3,1,1,2,1,62,1,1,11,6,0,32836,4680,26830,23332,3612,17419.2,672
1,1,2,1,4,41,2,1,13,8,0,54734,5460,35160,11324,4812,14880,4848
2,1,2,1,1,35,1,1,15,9,0,62039,8080,12284,6960,4076,18608,5284
1,1,2,1,1,39,1,1,15,9,0,96156.4,4506.6668,11052,2000,1832,9600,616
4,9,1,1,4,39,1,5,12,6,0,31049,6586.6668,9476,2066.6668,996,2464,2452
4,1,2,1,1,59,1,1,14,9,0,170982,2080,9360.6668,3160,2096,11200,27348
4,1,2,1,2,59,2,1,16,8,0,49340.6,7106.6668,8370.6668,3528,1808,11200,936
3,1,1,1,2,59,2,1,12,5,0,20927,1386.6668,876,1892,852,1909.3328,264
3,1,1,1,1,59,1,1,12,5,0,24429,3206.6668,4409.3332,2201.3332,2480,1760,128
2,1,2,1,4,37,1,1,13,9,0,71566.4,3813.3332,10540,2820,1812,7232,480
4,1,2,1,1,33,1,1,13,9,0,69204,13336,22936,6728,3600,14400,1440
4,1,2,1,1,53,2,1,13,8,0,52255.4,2470.6668,3582.6668,1368,1460,8453.3328,928
3,1,2,1,1,29,2,1,12,9,0,97832,4506.6668,8906.6668,2804,2052,3466.6672,704
3,1,2,1,1,47,2,1,12,9,0,84731.6,13706.6668,29781.3332,2758.6668,3464,23872,560
1,4,2,1,2,58,2,1,14,8,0,62803,2773.3332,4594.6668,692,1640,14542.4,760
4,5,2,1,1,54,1,1,14,5,0,21534,4940,10312,1680,8884,10070.4,624
1,5,2,2,1,51,2,1,12,9,0,82166,866.6668,6893.3332,500,2492,10265.0672,760
3,4,2,2,1,41,1,1,12,7,0,45012.4,5200,4133.3332,1600,3600,8000,800
2,4,2,1,1,60,1,1,16,9,0,138302.4,13520,22364,21896,8280,14640,1432
1,4,1,1,1,57,1,1,16,9,0,71303.6,5717.3332,21626.6668,1520,5728,10538.6672,1300
1,9,1,1,1,50,2,2,13,7,0,39648,8060,21304,5252,5036,15200,3816
4,4,1,1,2,55,2,1,12,7,0,46583,7280,8165.3332,3740,3392,5200,896
2,5,2,1,2,49,2,1,11,9,0,69925.2,3640,7752,68756,3996,11755.2,3736
2,5,2,1,1,62,2,1,15,9,0,110354.4,11100,12724,4628,3580,51051.2,24060
1,4,2,1,2,62,1,1,10,7,0,41367.8,5026.6668,4476,1720,3076,3356.8,480
3,9,1,1,1,60,2,4,12,5,0,33176,953.3332,2964,1008,1780,1178.6672,140
3,5,1,1,2,49,2,1,13,1,0,2790,4853.3332,3300,732,2988,3356.8,672
4,4,1,1,4,53,1,1,10,5,0,27167,5026.6668,9236,1416,876,10890.6672,480
1,4,1,1,4,46,1,1,13,2,0,5823,1040,2296,1266.6668,856,32,592
4,4,2,1,1,52,1,1,15,9,0,163034,19080,45180,7172,9044,35760,7020
4,4,2,1,1,56,1,1,14,9,0,98015,6697.3332,18308,3552,3656,14866.1328,1320
3,4,2,1,1,51,1,1,13,9,0,81739,3206.6668,2446.6668,1596,1320,5200,440
1,4,1,1,2,60,1,1,14,7,0,42289,4816,1678.6668,660,1212,4021.3328,40
3,4,2,1,1,49,2,1,13,9,0,96666.6,2773.3332,7978.6668,876,1132,11664,392
4,5,1,1,2,50,2,1,13,8,0,57661.4,9740,10706,18776,2192,35451.2,900
2,4,2,1,1,46,1,1,12,9,0,101334.6,6453.3332,21404,3260,4200,5120,632
1,9,1,1,1,62,1,3,12,5,0,27195,2686.6668,3850.6668,480,1536,4860.8,280
4,4,1,1,1,54,1,1,11,6,0,36008,6760,19429.3332,3360,5192,8903.4672,480
3,5,2,1,1,58,1,1,13,9,0,109542,11440,16156,14980,12100,13920,5860
4,5,2,1,4,38,2,1,15,9,0,92802,10292,27392,4460,2316,3792,3360
3,5,1,1,2,64,2,1,16,9,0,88958,13000,7628,7604,3916,31905.6,1404
4,9,1,1,4,44,1,5,12,8,0,60031,4506.6668,10346.6668,2746.6668,586.6668,3356.8,9480
4,4,1,1,4,48,2,1,12,6,0,34584.8,2426.6668,7208,880,1316,2496,352
2,5,1,1,1,64,1,1,13,9,0,104879.4,5090.6668,12466.6668,6064,3668,20316.8,1480
3,5,2,1,2,55,2,1,12,9,0,128993.2,6240,6950,600,4956,5035.2,948
3,4,1,1,1,58,1,1,11,5,0,27177,2513.3332,7345.3332,1600,1460,560,600
4,4,2,1,4,49,2,1,13,9,0,92833,6240,17920,4608,3444,9024,1192
4,9,1,1,1,50,1,2,13,9,0,100326.6,4853.3332,14273.3332,528,2528,11705.6,1144
4,9,1,1,4,50,1,3,15,9,0,103191,3258.6668,5164,1972,784,9010.1328,476
3,4,1,1,1,52,1,1,14,8,0,47034,5568,14201.3332,4200,4136,3200,2200
2,4,1,1,1,58,1,1,12,8,0,51984.2,6746.6668,8860,2804,2024,11200,660
1,4,1,1,2,55,1,1,15,7,0,41755.2,2614.6668,3586.6668,856,2140,13280,40
3,4,2,1,1,64,1,1,12,9,0,77589,11128,17948,11544,5880,36080,3068
3,4,1,1,2,55,2,1,12,7,0,39976.2,2340,2184.6668,560,1908,4608,260
3,4,2,1,1,56,1,1,16,9,0,93450,3813.3332,7641.3332,4368,3888,10560,1384
3,4,2,1,1,42,2,1,14,9,0,93479.2,6760,18084,6360,3804,3200,1484
3,5,2,1,1,54,1,1,14,9,0,68704.8,2080,4264,2504,1392,6334.4,148
3,4,1,2,1,64,2,1,10,7,0,48377,3206.6668,2201.3332,5176,777.3332,5852.8,764
3,4,2,1,1,51,1,1,13,9,0,124929,9620,22416,3608,6200,24000,3804
3,5,2,1,1,50,1,1,12,9,0,98099,13426.6668,26208,5428,4580,12476.8,1536
3,5,2,1,1,33,2,1,13,9,0,120196,4160,9722.6668,1740,2204,15811.7328,864
2,4,2,1,2,46,2,1,13,9,0,102418,13000,16840,7144,9700,48000,3420
2,8,1,1,2,27,1,5,15,9,0,58360,4160,6533.3332,1413.3332,1040,2400,2120
3,8,1,1,2,58,1,3,13,7,0,36819,4333.3332,4718.6668,1392,1460,480,304
4,8,1,1,4,31,1,5,13,6,0,28959,5460,18840,4856,420,8336,936
3,8,1,1,1,54,2,3,16,9,0,113529,7220,19880,13800,5884,62160,1640
4,8,1,1,4,63,1,5,12,5,0,21460.6,5688,10188,1884,2964,17152,160
4,8,1,1,4,30,2,5,15,7,0,40493,10686.6668,18200,8578.6668,320,32960,1368
4,8,1,1,4,50,1,3,13,6,0,29279,4532,13392,8644,2136,9952,2504
2,8,1,1,4,33,2,5,15,7,0,35092,2426.6668,7044,3122.6668,1340,6240,272
2,8,1,1,4,56,1,5,15,5,0,18156,2877.3332,11064,960,1160,5546.6672,136
2,8,1,1,2,47,1,3,15,9,0,61759,8892,4260,3828,1280,12688,1116
2,8,1,2,2,58,1,5,12,7,0,38786.8,3813.3332,2484,4780,1784,11509.3328,2352
1,8,1,1,1,60,2,3,13,8,0,53488,2600,19012,4000,3340,20800,800
3,8,1,1,1,58,2,5,16,9,0,85608.2,1300,4080,1560,1468,4688,2212
2,8,1,1,4,60,2,3,12,5,0,23661.6,1681.3332,2760,180,400,7632,420
3,8,1,1,2,57,2,5,14,7,0,40816,2453.3332,1998.6668,788,532,1701.3328,716
3,8,1,1,4,27,2,5,15,7,0,38169,1473.3332,4000,740,1240,6880,2180
4,8,1,1,4,50,2,4,16,9,0,144780,14560,50196,4800,4772,125184,4900
2,8,1,1,4,35,2,5,15,9,0,56348,8580,10684,9612,1800,4000,1568
3,8,1,1,1,58,2,3,12,8,0,48089,1906.6668,10085.3332,964,1988,3200,848
3,8,1,1,4,63,2,3,15,8,0,44163,3640,11580,800,1312,2912,88
3,8,1,1,1,38,2,3,16,8,0,47674,5680,16780,3332,3524,1392,2040
4,8,1,1,4,50,1,5,13,6,0,27038,5924,17376,4400,1740,12240,200
2,8,1,1,2,55,1,5,15,4,0,14808,10500,9612,4152,1224,27904,940
3,8,1,2,2,50,2,5,15,9,0,71353,2773.3332,4800,3860,2040,13120,640
3,8,1,1,2,49,1,3,12,8,0,49618,1872,5440,1640,3512,27552,1692
2,8,1,2,4,39,1,5,15,5,0,22936.6,2360,8656,3528,1140,6032,428
4,8,1,1,4,51,2,5,15,3,0,10857.8,866.6668,3332,6120,264,8382.4,260
2,8,1,1,4,41,2,5,13,1,0,3818,1272,2884,120,1220,3550.4,900
1,8,1,1,4,28,2,5,15,6,0,29830,520,2412,180,388,2720,620
3,8,1,1,1,53,2,3,13,5,0,26840.6,6592,12592,2828,3900,6480,780
3,8,1,1,1,62,2,3,16,9,0,76092.6,3466.6668,7921.3332,4544,2272,22901.3328,1576
1,8,1,2,4,30,2,5,12,6,0,33676,4066.6668,5992,972,392,4096,672
4,8,1,1,4,61,1,3,12,6,0,35076,7800,6104,984,2224,17354.6672,320
4,8,1,1,2,48,1,3,12,8,0,46937,4160,6256,2244,2152,5760,1904
1,8,1,1,4,34,1,5,11,4,0,15393,8320,4980,1200,2184,800,480
1,8,1,1,4,30,2,5,15,6,0,32599.8,6080,9176,2346.6668,1520,22560,2184
3,8,1,1,2,52,1,3,14,9,0,64439.4,5440,5916,142680,3140,2480,6260
3,8,1,1,4,39,2,5,16,8,0,51654,4776,18032,8048,4072,4800,1000
3,8,1,1,1,56,2,4,13,9,0,60789,866.6668,4874.6668,920,968,1872,120
4,8,1,1,4,56,1,3,13,7,0,35729,2773.3332,8192,840,384,320,672
3,8,1,1,4,37,1,5,15,8,0,50392,4613.3332,6368,5000,736,1669.3328,352
3,8,1,1,4,62,1,1,12,8,0,52597,1166.6668,3816,1056,1016,1056,172
4,8,1,1,4,47,1,3,14,9,0,72663,14906.6668,12944,12797.3332,2108,19584,3780
2,8,1,1,2,59,2,3,15,8,0,42278,3813.3332,3744,2984,720,11253.3328,372
4,8,1,1,4,50,1,3,13,6,0,32571,3120,8668,128,1812,11872,96
4,8,1,1,4,31,2,5,12,5,0,20221,2080,10660,5640,2260,10400,1860
4,8,1,1,4,28,1,5,16,8,0,42465,4413.3332,8285.3332,4361.3332,2360,19040,3320
3,8,1,1,4,51,2,5,16,8,0,42708,1300,2948,366.6668,476,1040,360
3,8,1,1,4,32,1,1,16,9,0,66654,4420,43008,520,1648,5200,348
4,8,1,1,2,63,2,1,15,8,0,49794.6,1518.6668,35166.6668,4200,780,7648,1100
4,8,1,1,4,62,2,3,14,8,0,55711.2,9360,19832,2696,4608,4704,2752
2,8,1,1,1,42,1,5,15,9,0,101351.6,6616,49652,14148,3564,4384,796
2,8,1,1,1,27,1,5,15,7,0,36715,4160,11524,2320,3032,8320,516
4,8,1,1,4,44,2,5,15,8,0,44294,3744,18120,480,2724,20064,1320
2,8,1,1,1,33,1,5,15,9,0,87883,4893.3332,12306.6668,5261.3332,1900,2986.6672,4872
2,8,1,1,2,51,1,3,14,9,0,55869,4784,4393.3332,2992,2704,18026.6672,1192
3,8,1,1,4,50,1,3,12,6,0,31642,1560,2380,1240,780,5850.6672,388
1,8,1,1,1,31,1,5,15,8,0,50722.8,8340,10396,12256,3816,19968,1504
3,8,1,1,4,37,1,3,16,9,0,86420,4853.3332,5800,2000,1440,32000,376
3,8,1,1,4,47,1,3,15,8,0,42261,866.6668,7645.3332,1472,712,3050.6672,500
3,8,1,1,4,30,2,5,15,6,0,28649,2600,7936,1400,1824,1802.6672,1104
3,8,1,1,4,46,2,5,15,3,0,10356,3848,10588,4332,3000,1328,756
2,8,1,1,1,59,2,3,14,6,0,32256,2600,10628,1172,3592,4720,924
3,8,1,1,1,59,2,5,15,4,0,15462.2,2973.3332,16218.6668,4560,3452,4640,1968
1,8,1,1,4,49,1,5,12,6,0,31201,4160,7468,1160,1068,4480,424
4,8,1,1,4,27,1,5,13,9,0,75368,11720,19540,5136,6876,16800,2128
4,8,1,1,4,34,2,5,15,5,0,22886.8,1906.6668,8944,1230.6668,480,6720,864
4,8,1,1,1,57,1,5,15,8,0,46759,12220,7984,300,1524,11424,296
4,8,1,1,4,48,2,2,15,5,0,20192,2600,13000,1500,2380,15376,180
3,8,1,1,4,55,1,3,13,5,0,20515.2,7280,24180,6140,5220,45888,1128
3,8,1,1,2,58,2,2,14,5,0,25239,2860,3144,1960,2644,1280,424
1,8,1,1,4,46,1,3,13,9,0,71413,4160,15872,4864,1980,2336,1312
1,8,1,1,1,31,2,5,16,8,0,52543,3280,15120,9520,2724,33728,3196
2,8,1,1,4,46,1,3,15,7,0,40966.6,3674.6668,8520,2544,2716,14330.6672,512
2,8,1,2,4,49,1,3,13,5,0,23445.4,2600,5141.3332,1692,288,14848,320
2,8,1,1,4,34,1,5,15,9,0,61107.2,3466.6668,14116,1600,1836,4714.6672,520
4,8,1,1,1,43,2,5,15,9,0,67932,6920,20656,10708,4068,12480,720
2,8,1,1,1,50,1,5,14,8,0,57607,4940,13712,2028,2444,3952,1152
2,8,1,1,4,28,1,5,13,7,0,37152,6520,9080,2028,636,4784,1280
3,8,1,1,1,55,1,5,12,8,0,50580.6,3380,17504,11144,6204,18560,544
1,8,1,1,4,34,1,5,15,9,0,63409.6,7280,26316,115160,3540,29440,852
2,8,1,1,1,60,2,3,13,8,0,50868.2,5720,4336,3852,1492,12064,584
1,8,1,1,4,27,2,5,12,5,0,20434.8,4420,14232,9884,2160,122720,2068
3,8,1,1,4,64,2,2,15,7,0,40360,6252,14876,76888,2112,2576,2180
4,8,1,1,4,31,2,5,16,8,0,52328,3120,8504,312,664,4992,1280
3,8,1,1,1,59,2,5,13,8,0,46828.2,7540,11440,4196,3108,33280,2616
1,8,1,1,2,48,1,3,15,6,0,32648,6760,5128,63600,2520,1680,1128
3,8,1,1,4,56,2,3,13,7,0,35641,2762.6668,10224,2944,2052,9888,464
2,8,1,1,1,37,2,5,16,9,0,64662,4260,12712,1388,2700,22880,4656
3,8,1,1,4,44,1,3,13,7,0,39371,6573.3332,12108,2240,2260,13877.3328,2360
4,8,1,1,1,53,2,3,15,9,0,109136,4506.6668,17072.6668,3016,2752,1957.3328,476
4,8,1,1,4,55,1,5,13,8,0,54561.4,2946.6668,5996,860,640,640,400
3,8,1,1,1,43,2,3,15,9,0,70657,4400,7798.6668,1549.3332,2316,7829.3328,4344
2,8,1,1,2,59,1,2,12,8,0,47254,866.6668,2366.6668,200,892,1248,544
3,8,1,1,4,44,1,4,15,9,0,110035,10120,19296,26540,1296,12000,3448
3,8,1,1,4,52,2,5,12,7,0,36471,2184,9160,2460,1520,4640,112
1,8,1,1,4,49,2,5,15,8,0,54797,6680,42964,1328,12360,24000,1520
2,8,1,1,4,52,1,5,13,5,0,22466.6,5304,11540,392,840,95536,2280
3,8,1,1,1,42,1,4,16,9,0,104107.2,9700,21636,6500,2540,39376,2492
1,8,1,1,4,60,1,3,11,5,0,20877,13020,7804,4204,896,864,2520
3,8,1,1,1,42,1,5,15,8,0,53567,3537.3332,13605.3332,5545.3332,3960,1280,1152
3,8,1,1,2,56,2,5,16,7,0,37679.8,2166.6668,1978.6668,400,732,9600,160
2,8,1,1,4,50,1,3,13,9,0,78086,6786.6668,10800,2493.3332,2400,12320,800
3,8,1,2,1,53,1,5,13,6,0,27830,4680,19320,4880,2264,3808,624
1,8,1,1,4,36,1,5,15,5,0,18409,797.3332,3322.6668,374.6668,342.6668,816,420
2,8,1,1,4,37,1,3,13,3,0,11877.4,901.3332,4109.3332,1820,140,6782.4,40
3,8,1,1,1,62,2,5,16,2,0,5492,5497.3332,26160,1236,3348,11840,4036
2,8,1,1,1,38,1,4,13,5,0,20384,780,5486.6668,520,1760,1888,536
2,8,1,1,4,28,2,5,14,4,0,16214,6864,10320,1292,840,16603.2,140
4,8,1,1,2,38,1,5,13,6,0,34043,2526.6668,5337.3332,95324,2664,160,816
2,8,1,1,4,31,1,5,15,9,0,82119,1213.3332,5140,616,424,1344,1044
1,8,1,1,2,47,1,5,15,9,0,81136,3490.6668,6076,3385.3332,850.6668,6517.3328,1264
1,8,1,1,1,56,2,3,13,3,0,11524.2,2680,11085.3332,3322.6668,3088,17472,584
4,8,1,1,2,51,1,5,15,9,0,71975,5446.6668,2525.3332,4934.6668,672,7616,368
4,8,1,1,4,49,2,5,15,8,0,43380.6,6760,7992,1416,792,1360,1060
2,8,1,1,1,62,2,3,12,7,0,39449,2877.3332,7417.3332,2276,1760,10144,744
2,8,1,1,4,42,1,3,15,7,0,38877,1629.3332,7288,1516,488,7626.6672,64
1,8,1,1,4,43,2,5,16,6,0,28607.4,7605.3332,11288,853.3332,1560,640,44
2,8,1,1,1,35,2,5,15,9,0,85624,1906.6668,14072,2841.3332,3344,8512,9100
3,8,1,1,1,53,1,5,14,8,0,57684,1646.6668,2089.3332,1886.6668,656,5088,600
1,8,1,1,4,59,2,5,15,8,0,48633,1646.6668,2920,1120,320,1216,440
1,8,1,1,1,30,1,5,16,8,0,53080,6193.3332,5932,1013.3332,560,2394.6672,440
4,8,1,1,1,51,2,5,16,8,0,54782.2,2080,16640,2601.3332,320,9376,1864
3,8,1,1,1,36,1,5,16,7,0,39014,4506.6668,6697.3332,2016,1240,1258.6672,1012
4,8,1,1,4,42,1,5,16,9,0,68739,5980,15980,8560,1532,3024,3080
3,8,1,1,4,29,1,5,14,5,0,23038,1040,6200,400,460,3200,1240
2,8,1,1,4,29,1,3,13,8,0,48947,260,2000,400,800,1456,452
2,8,1,1,1,39,2,3,13,3,0,15483.2,5580,9852,3624,2512,96,680
2,8,1,1,4,54,2,3,14,4,0,17821,3037.3332,6360,3444,1288,3792,1404
2,8,1,1,1,51,2,5,16,8,0,52396,6548,11852,6084,3080,25168,3552
2,8,1,1,1,35,1,5,16,8,0,48357,3060,16876,5200,3868,15520,3456
1,8,1,1,4,57,2,3,12,6,0,29679,2912,11392,3032,1364,8336,240
3,8,1,1,2,33,1,5,12,6,0,31724,1613.3332,1213.3332,920,136,4752,20
2,8,1,1,1,51,2,5,13,8,0,42295,1820,3879.3332,428,1088,768,616
3,8,1,1,4,60,2,5,14,6,0,30860.4,1560,3580,320,880,4640,320
3,8,1,1,4,27,1,5,13,3,0,12318.6,2600,7920,820,3180,192,276
1,8,1,1,4,57,2,5,14,9,0,66008,8120,16548,3792,3224,6976,4336
1,8,1,1,4,50,1,3,11,1,0,5008.2,3449.3332,2308,200,108,480,156
2,8,1,1,4,60,1,3,13,4,0,15193,693.3332,3620,220,920,720,260
1,8,1,1,1,55,1,4,15,8,0,57184,2906.6668,11192,881.3332,1784,23120,3512
3,8,1,1,1,36,1,5,15,8,0,59844,2600,14372,2420,720,2560,1024
1,8,1,1,1,52,2,3,15,9,0,77145,2426.6668,6812,1400,796,800,360
3,8,1,1,1,54,2,3,14,5,0,21260,3640,5238,1940,2064,17008,816
3,8,1,1,1,55,1,3,13,9,0,64957,5560,55838.6668,4540,2460,8640,3300
3,8,1,1,4,28,2,5,15,6,0,33424,866.6668,3940,340,488,3424,296
3,8,1,1,4,43,2,4,15,9,0,77922,2340,8720,653.3332,840,416,688
3,8,1,1,1,45,1,3,15,9,0,84771,6760,23052,1800,8300,30560,1368
1,8,1,1,4,47,1,5,12,8,0,45210,1698.6668,9965.3332,1000,1272,4800,648
2,8,1,1,4,47,1,5,10,1,0,2168,1144,1052,613.3332,600,560,140
1,8,1,1,4,32,1,5,16,9,0,60601,6240,15176,3292,1896,5568,7000
2,8,1,1,1,27,1,5,15,8,0,48215.2,9100,13416,1380,2452,7920,3940
3,8,1,1,4,42,2,4,12,5,0,24212.4,1126.6668,2980,2400,840,1600,260
3,8,1,1,1,56,2,5,16,7,0,37105,8120,9692,2876,3988,3984,7456
4,8,1,1,1,30,1,5,14,8,0,53057,4853.3332,8900,2858.6668,1560,4832,2092
3,8,1,1,1,51,1,5,13,8,0,44192,1126.6668,3234.6668,1780,884,5200,400
4,8,1,1,4,49,1,4,15,9,0,114537.2,5893.3332,22468,9444,1400,4800,2480
4,8,1,1,4,35,1,5,14,8,0,49508.6,4240,7920,1260,2448,12480,1872
1,8,1,1,1,58,1,3,12,7,0,37500,6180,9868,7824,1784,4736,1896
4,8,1,1,1,33,2,3,15,9,0,60465,866.6668,4076,2288,976,28762.6672,480
1,8,1,1,4,29,1,5,12,4,0,16839,1040,4120,680,640,3930.6672,120
4,8,1,1,4,29,1,5,12,7,0,39094,2600,11888,5276,3056,5680,120
4,8,1,1,1,43,1,5,15,9,0,108188,3693.3332,7628,1121.3332,480,1877.3328,4460
1,8,1,2,4,42,2,5,16,9,0,65522,2600,5844,1136,264,3989.3328,32
3,8,1,1,4,28,2,5,13,4,0,15095.6,3813.3332,4420,360,1380,4512,36
2,8,1,1,1,36,1,5,15,9,0,78329,2426.6668,13729.3332,3462.6668,1696,4298.6672,1240
4,8,1,1,1,59,2,3,14,9,0,76902,4940,56880,1968,2500,6432,1736
4,8,1,1,1,44,2,5,15,9,0,70292,1733.3332,10222.6668,650.6668,508,4933.3328,1144
1,8,1,1,4,42,2,5,15,9,0,108647.4,7800,40888,1392,840,7568,4824
3,8,1,1,1,42,2,1,16,8,0,45429,3293.3332,89565.3332,2142.6668,6228,5440,4040
4,8,1,1,1,46,1,3,15,9,0,63280,1213.3332,8542.6668,4453.3332,1392,2352,736
3,8,1,1,1,32,2,5,15,7,0,38546,866.6668,7202.6668,1940,1636,1056,7064
3,8,1,1,1,46,1,3,12,8,0,52819,3408,10272,2804,3916,28384,240
2,8,1,1,1,45,2,5,15,9,0,80108.8,1820,1946.6668,1713.3332,1320,3520,720
2,8,1,1,1,29,2,5,16,8,0,51820,2829.3332,8228,500,1372,1600,656
2,8,1,1,1,52,2,3,13,5,0,23373.4,1213.3332,4274.6668,412,1672,11600,200
4,8,1,1,4,35,1,5,12,4,0,16137.8,4578.6668,6074.6668,2240,760,2400,120
4,8,1,2,4,56,1,3,13,5,0,18969,2860,7968,22000,2760,800,588
1,8,1,1,4,49,2,3,14,8,0,43435,5720,9364,2188,2164,11520,1056
1,8,1,1,1,56,1,3,15,9,0,101735,7453.3332,24729.3332,3093.3332,1056,12800,6144
4,8,1,1,1,35,2,5,16,8,0,49255,3120,17684,5592,1800,1440,1536
2,8,1,1,4,35,1,3,15,9,0,84436,11560,11604,4940,892,4586.6672,1272
3,8,1,1,4,46,2,5,13,6,0,27739,1560,8184,2580,2184,6176,1092
1,8,1,1,4,30,2,5,15,5,0,21456.2,7626.6668,7296,493.3332,1000,32000,1544
4,8,1,1,1,64,1,3,16,9,0,87068,3813.3332,6752,360,1116,1200,140
1,8,1,1,1,30,2,5,15,7,0,35004,5720,6388,5636,960,3360,2464
1,8,1,1,4,40,1,5,15,8,0,55504,2426.6668,17380,3800,1236,30752,256
4,8,1,1,4,47,1,5,15,8,0,43645.6,5546.6668,29952,80,3504,19200,1040
3,8,1,1,1,41,1,5,11,8,0,43241,1300,3312.6668,240,1064,2949.3328,560
1,8,1,2,1,57,2,3,16,8,0,55204,3150.6668,18746.6668,5364,1022.6668,27520,184
3,8,1,1,2,64,2,5,16,6,0,33225.2,693.3332,1985.3332,1256,568,2010.6672,312
3,8,1,1,4,51,1,3,12,9,0,93154,6000,24116,4360,4844,16224,1596
4,8,1,1,1,50,1,4,15,9,0,91810.4,1560,7086.6668,1124,676,2880,300
1,8,1,1,4,28,1,5,16,5,0,24092,4506.6668,8380,1280,560,2400,788
1,8,1,1,1,54,2,3,13,8,0,51767.8,1426.6668,12817.6668,1853.3332,860,3466.6672,20
4,8,1,1,1,52,1,5,15,9,0,58981,2548,8337.3332,2926.6668,1068,3466.6672,472
2,8,1,1,1,45,2,5,15,7,0,37608,1906.6668,3660,520,520,1248,940
3,8,1,1,1,48,1,5,16,9,0,86473.6,5500,25500,4716,3844,10896,2156
4,8,1,1,4,51,2,5,15,9,0,59832,10920,15108,2268,2324,480,1272
3,8,1,1,2,27,1,5,13,8,0,45103,4333.3332,6922.6668,1120,2112,1280,920
4,8,1,1,4,36,2,3,15,5,0,26790.8,3380,5196,1653.3332,2236,6400,900
3,8,1,1,4,45,1,3,13,9,0,66672,5200,7388,1120,2620,9040,640
3,8,1,1,1,55,1,3,14,9,0,56666,11700,10408,616,2160,8720,2140
4,8,1,1,4,44,2,5,13,6,0,32632.6,1473.3332,7000,288,1100,2288,452
3,8,1,1,1,31,2,3,14,6,0,30749,3466.6668,5408,1040,920,4192,64
4,8,1,1,4,48,1,1,12,5,0,22766.2,5392,9948,180,3360,4016,336
4,8,1,1,1,50,1,3,14,9,0,56927,3466.6668,4677.3332,5368,2036,3248,1476
2,8,1,1,1,29,1,5,15,9,0,69167,3293.3332,12064,1148,2856,12480,1692
4,8,1,1,4,29,1,5,16,9,0,66793,6376,17704,5988,1240,21152,3140
3,8,1,1,4,45,1,5,15,8,0,55413,4853.3332,10840,5078.6668,2520,12800,1264
3,8,1,1,2,63,2,3,15,8,0,48988,3472,4670.6668,13200,2612,9600,900
3,8,1,1,1,42,1,3,14,7,0,41467,2080,14609.3332,1446.6668,1840,7765.3328,2120
4,8,1,1,4,31,2,1,13,5,0,24937.2,1192,3032,132,1588,3360,236
1,8,1,1,1,61,1,3,13,2,0,6117,4513.3332,10982.6668,3209.3332,2800,14364.8,416
3,8,1,1,4,29,2,5,15,6,0,33099,2426.6668,9412,2180,972,5418.6672,72
2,8,1,1,4,28,1,5,16,9,0,64111,4980,12884,12580,2280,11840,5480
2,8,1,1,4,43,1,5,15,1,0,343,1040,5352,898.6668,336,1600,904
2,8,1,1,4,53,1,3,15,7,0,36966,7800,10084,4052,1168,16512,1780
4,8,1,2,2,52,1,5,13,7,0,37944,1560,1080,200,472,2400,100
3,8,1,1,1,54,2,5,16,8,0,55951,1213.3332,10872,776,988,1056,1600
4,8,1,1,2,55,2,3,12,8,0,50664,3382.6668,2781.3332,464,2020,5438.4,1752
2,8,1,1,1,58,2,3,15,9,0,66360,3726.6668,5784,1962.6668,720,7237.3328,768
1,8,1,1,2,61,1,1,14,8,0,42628,2080,4470.6668,530.6668,1702.6668,2298.6672,168
3,8,1,1,4,49,1,3,15,4,0,15153,2860,9684,2724,1628,1824,972
3,8,1,1,2,58,2,3,15,5,0,22190,1161.3332,2557.3332,856,1424,320,312
4,8,1,1,4,43,1,5,12,5,0,25654.2,5688,10840,1124,2400,11040,1164
3,8,1,1,1,40,2,1,13,7,0,41113.6,1646.6668,4957.3332,560,2520,9376,332
4,8,1,1,1,37,1,5,15,9,0,89931.4,2773.3332,13530.6668,5166.6668,1304,2400,3300
2,8,1,1,4,29,2,5,15,5,0,25363,1646.6668,3564,220,220,16,21420
3,8,1,1,4,31,2,3,15,7,0,38236.6,10140,14824,38704,3264,15264,2068
1,8,1,1,1,48,2,5,13,7,0,42986,2034.6668,9770.6668,3420,1564,14661.3328,688
2,8,1,1,4,62,2,5,14,4,0,18310.4,346.6668,1693.3332,322.6668,524,48,520
2,8,1,2,4,44,1,3,14,8,0,51676.8,1386.6668,2228,96,224,1344,440
2,8,1,1,2,47,1,3,15,5,0,21892,10300,9008,15456,3640,27712,1200
1,8,1,1,1,37,1,3,16,8,0,48421,1093.3332,4616,2744,1252,6400,484
3,8,1,2,1,46,2,3,14,4,0,17026.4,866.6668,2601.3332,1084,1332,2128,300
2,8,1,2,4,56,2,2,12,2,0,9232.8,433.3332,1001.3332,160,224,624,188
2,8,1,1,4,59,2,4,12,2,0,6674,1802.6668,8300,506.6668,984,2416,472
3,8,1,1,1,59,1,3,16,9,0,96662,4940,23704,4320,5024,14112,888
3,8,1,1,4,36,1,3,13,5,0,21706,1990.6668,9184,1413.3332,2560,4912,776
1,8,1,1,2,55,1,4,15,7,0,39501.8,7108,14668,2736,2848,7056,96
4,8,1,1,2,31,2,5,15,5,0,24735,1586.6668,1113.3332,604,512,4634.6672,728
3,8,1,1,1,50,1,5,14,8,0,44912,3432,6958.6668,240,1240,3189.3328,1200
3,8,1,1,1,28,1,5,15,9,0,71622,5566.6668,6466.6668,1306.6668,1840,2256,396
4,8,1,1,1,39,1,3,15,9,0,79536,9920,22448,8392,4120,10000,5612
2,8,1,1,1,43,2,3,12,8,0,48876.6,6500,11940,47540,6632,6336,1716
3,8,1,1,1,57,2,3,16,9,0,217300,3386.6668,5318,3272,1956,8160,500
2,8,1,1,4,33,2,5,16,9,0,103905,9260,11364,10288,1696,3360,2776
3,8,1,1,4,51,2,5,16,8,0,44172,2860,4976,200,964,6848,464
1,8,1,1,1,51,1,3,11,8,0,59397,866.6668,15916,133084,2016,1493.3328,384
2,8,1,1,4,57,2,5,15,6,0,33220.8,2640,10716,1820,1296,8080,480
1,8,1,1,4,29,1,5,12,9,0,59181,3804,2504,992,832,1664,304
4,8,1,1,4,41,2,3,12,7,0,39596,1880,4174.6668,8526.6668,476,3232,1184
2,8,1,2,1,56,1,3,15,8,0,50329,4333.3332,11612,8000,1620,5120,1224
4,8,1,1,4,55,2,2,13,8,0,49057,4593.3332,9680,6180,612,320,2212
2,8,1,1,1,59,2,3,12,8,0,44350,693.3332,7964,396,1488,2080,72
3,8,1,1,4,40,2,5,15,8,0,50164,3220,12444,2704,780,4240,2092
1,8,1,1,1,62,2,2,16,9,0,79245,20600,33896,3920,9372,21600,8264
3,8,1,1,1,53,1,3,13,9,0,59247,1126.6668,2770.6668,400,1180,5600,180
3,8,1,1,4,31,1,5,16,6,0,29157,1040,4600,3092,400,1920,36
3,8,1,1,4,43,1,5,13,7,0,43422,2946.6668,2880,1208,680,3258.6672,108
4,8,1,2,2,63,2,3,13,7,0,41291,1093.3332,1204,480,292,12144,60
3,8,1,2,2,61,1,3,12,7,0,36399,1906.6668,3983.3332,420,2000,480,40
4,8,1,2,1,53,2,3,12,9,0,158526,7260,15868,2260,7940,35200,3044
3,8,1,1,4,38,1,1,13,9,0,80919,1386.6668,8880,1460,1160,13104,480
2,8,1,1,1,50,1,5,15,9,0,91542.6,4333.3332,7272,1700,904,7274.6672,468
1,8,1,1,1,44,2,5,14,9,0,61848.2,8200,18124,6376,3552,7280,4764
2,8,1,1,4,42,2,4,12,8,0,49756.6,693.3332,4250.6668,4120,940,1472,860
2,8,1,1,1,56,1,5,13,1,0,4697,4333.3332,7480,269.3332,1724,4032,1056
2,8,1,1,4,37,1,5,13,6,0,34097,1906.6668,4204,980,440,1733.3328,160
3,8,1,1,1,61,2,3,15,9,0,59655,1300,42896,1376,2796,21504,1476
1,8,1,1,4,48,1,3,15,8,0,53790,3085.3332,6929.3332,2177.3332,64,15168,4836
3,8,1,1,1,32,1,1,13,8,0,58444,1282.6668,11114.6668,3382.6668,1016,42208,1072
2,8,1,1,4,29,2,5,13,6,0,29834.8,4853.3332,6728,1592,1520,6933.3328,312
4,8,1,1,4,61,1,3,12,7,0,40808.6,6500,5600,3600,300,720,40
2,8,1,1,1,55,2,3,13,9,0,66024.4,5540,19720,1380,3732,10960,3736
2,8,1,1,1,46,2,3,13,7,0,38366,4940,12778,2444,2228,8144,5344
1,8,1,1,4,27,2,5,16,9,0,79477.8,8493.3332,14856,400,320,3466.6672,364
4,8,1,1,4,48,1,4,12,5,0,23327,2426.6668,3384,768,984,1386.6672,320
4,8,1,1,4,39,1,5,12,6,0,29690.8,1300,4600,1600,500,1296,72
2,8,1,2,4,47,2,5,10,3,0,12422,693.3332,960,1280,240,2720,56
4,8,1,1,4,46,2,1,14,5,0,21992,1277.3332,2448,160,640,4853.3328,32
2,8,1,1,4,54,2,3,13,6,0,27141,2773.3332,4568,1320,848,240,620
3,8,1,1,2,64,1,3,16,5,0,27639,2357.3332,4452,1064,2008,1200,160
3,8,1,1,1,51,1,3,13,9,0,96026,4160,5112,1164,3592,12720,480
3,8,1,1,4,42,2,3,15,9,0,102156,6933.3332,800,413.3332,800,6528,600
4,8,1,1,1,54,2,5,13,9,0,82410.6,2600,14248,6760,1652,11120,1708
4,8,1,1,2,54,2,2,15,6,0,27189,4853.3332,12524,3320,3060,224,3312
2,8,1,1,1,36,1,5,15,9,0,61134,4506.6668,7718.6668,1772,1760,3520,1072
1,8,1,1,1,29,1,5,16,8,0,54904,3173.3332,6784,1816,592,869.3328,680
4,8,1,1,4,41,2,3,15,9,0,91596,5228,20020,6256,1044,5168,2192
3,8,1,1,4,36,2,5,16,8,0,44153,3950.6668,7986.6668,8768,1280,752,1900
2,8,1,1,4,30,1,5,16,8,0,44266,3380,19304,1860,1692,5760,532
2,8,1,1,4,36,1,5,13,2,0,5421,3120,8784,360,1604,9120,200
3,8,1,1,2,50,1,3,13,9,0,79692,3900,2148,649.3332,828,27562.6672,432
2,8,1,1,4,55,2,5,13,6,0,33920,2426.6668,7696,5840,1280,3840,780
1,8,1,1,2,63,1,4,16,9,0,85667.6,3048,11934.6668,1620,1128,43018.6672,1600
2,8,1,1,2,57,1,5,16,8,0,47021.6,2773.3332,3541.3332,4012,1600,21920,320
1,8,1,1,1,33,1,5,15,9,0,68422,11440,29480,5676,2720,4944,1536
4,8,1,1,4,31,2,5,15,6,0,27045,1024,8014.6668,1188,308,6218.6672,560
3,8,1,1,1,61,2,3,13,5,0,25916,2080,5488,3580,1980,2112,712
2,8,1,2,1,53,2,3,16,7,0,43582.4,3900,22188,2572,2640,6240,4980
3,8,1,1,2,59,2,2,13,6,0,31399.4,1213.3332,2556,3106.6668,1168,5680,556
3,8,1,1,1,53,1,1,11,7,0,35774,1213.3332,4185.3332,1644,1584,560,176
2,8,1,1,4,39,1,3,12,6,0,30591,3640,8628,5532,2920,1632,1696
3,8,1,1,2,56,2,1,12,6,0,27429,3466.6668,4641.3332,1280,2908,25600,1040
4,8,1,1,1,29,1,1,16,7,0,37510.6,2080,14181.3332,1684,816,2480,320
4,8,1,1,4,52,2,5,13,2,0,5460.6,1560,13060,300,1200,10315.2,1116
2,8,1,2,1,30,1,5,15,6,0,27552,2392,6081.3332,800,2000,2016,856
2,8,1,1,1,64,2,5,14,6,0,30307,520,2225.3332,100,956,4590.4,112
3,8,1,1,4,44,1,4,12,7,0,35971,3120,8540,2068,1988,4512,1144
2,8,1,1,2,54,1,1,12,5,0,22523,4576,2636,3784,1736,7680,740
2,8,1,1,1,47,2,4,13,6,0,32442,1733.3332,6025.3332,2912,1748,13728,304
3,8,1,2,4,30,2,5,15,6,0,31414,2600,7044,888,1644,17483.2,1800
1,8,1,1,1,54,2,5,15,8,0,53707.8,2686.6668,3900,1780,784,3200,52
1,8,1,1,2,63,2,3,16,9,0,67318,4853.3332,11900,3917.3332,3568,30048,2408
2,8,1,1,1,55,2,3,13,7,0,37745,1928,9721.3332,1016,2472,8640,696
1,8,1,2,4,38,2,3,13,8,0,46662.8,6500,13648,2444,3048,20160,1260
3,8,1,1,4,55,1,3,16,9,0,122854,17420,21928,7920,4708,40080,2540
1,8,1,1,4,61,1,3,12,5,0,22956.8,1040,4356,120,256,8016,524
2,8,1,1,4,28,2,5,16,8,0,44417,3293.3332,25488,3510.6668,2512,4288,1840
4,8,1,1,1,61,2,3,15,9,0,119282.4,4592,14524,3237.3332,2548,7456,2404
3,8,1,1,4,59,2,1,14,2,0,6088.8,3037.3332,13156,1600,2316,5482.6672,1048
2,8,1,2,4,33,2,5,13,5,0,24727.2,913.3332,4312,1760,672,1920,64
2,8,1,1,1,27,1,5,15,9,0,79033,3370.6668,5002.6668,5268,380,2816,3512
2,8,1,1,4,47,1,5,12,5,0,26359,1352,3960,300,840,1301.3328,584
3,8,1,1,4,64,1,3,15,9,0,64291.6,5200,19100,640,1820,2357.3328,880
2,8,1,1,2,60,1,3,12,9,0,112153,6760,8852,1200,3000,32640,1560
2,8,1,2,1,46,1,5,14,7,0,41779.6,2946.6668,3616,2040,1024,2666.6672,380
4,8,1,1,4,41,2,5,12,5,0,20269,4096,12468,3512,3068,4000,192
1,8,1,1,1,51,2,5,11,5,0,26025.4,1518.6668,3114,1304,380,1600,304
4,8,1,1,4,48,1,3,14,9,0,62702,2253.3332,7408,1766.6668,760,2288,692
4,8,1,1,4,55,2,3,13,7,0,38130,3720,10396,2652,2792,3328,516
3,8,1,1,1,45,1,3,13,8,0,47170.4,2253.3332,5074.6668,1620,1780,1520,480
3,8,1,1,4,28,2,5,13,7,0,38009,5460,17760,5668,4200,6768,480
1,8,1,1,1,50,2,3,12,6,0,30410,1681.3332,3882.6668,294.6668,1104,762.6672,260
4,8,1,1,2,56,2,5,15,9,0,62347.6,6040,31856,2952,2348,5680,3784
1,8,1,1,1,34,2,5,11,8,0,43983,3466.6668,12625.3332,3888,960,5546.6672,1160
2,8,1,1,2,60,2,5,16,8,0,46348,2108,14144,2852,2280,10944,1260
3,8,1,1,1,48,2,5,13,7,0,41590,1300,9940,5360,2836,11424,440
4,8,1,1,4,30,2,5,13,6,0,33354,5716,18700,2280,844,4032,620
4,8,1,1,4,31,1,4,15,9,0,111086.4,6640,17416,3624,552,9600,2480
4,8,1,1,4,42,2,5,15,9,0,76875.8,2386.6668,8148,4145.3332,876,3680,1096
3,8,1,1,1,54,1,5,11,7,0,39369,4680,4412,3480,2548,15824,2776
4,8,1,1,1,54,1,3,13,9,0,65121,4580,13689.3332,1706.6668,2944,5312,824
1,8,1,1,1,61,2,3,16,9,0,100207,4404,29784,4120,9460,4768,760
2,8,1,1,1,33,1,5,12,6,0,31345,3016,10240,7216,3160,1386.6672,520
2,8,1,1,1,27,2,5,15,6,0,31880,3386.6668,10858.6668,1866.6668,2120,28917.3328,952
2,8,1,1,1,37,2,3,16,9,0,68006,7280,11240,2900,3112,3952,1080
4,8,1,1,4,31,1,5,15,8,0,43792,3640,7006.6668,1600,286.6668,17120,160
1,8,1,1,4,52,2,5,12,3,0,12061,3813.3332,10280,133.3332,3360,4373.3328,1056
1,8,1,1,2,48,1,1,14,8,0,52563,1421.3332,1213.3332,1040,880,4800,816
4,8,1,1,4,32,2,5,15,8,0,51735.2,2600,3700,340,460,2256,368
3,8,1,1,4,31,1,5,13,5,0,22267,4160,3381.3332,1076,640,640,1248
1,8,1,1,4,50,1,3,12,7,0,38371,1733.3332,3748,320,548,2288,268
3,8,1,1,1,43,1,5,14,9,0,66363,6600,11116,7760,4252,7824,12508
3,8,1,1,2,62,2,3,13,4,0,15412,4680,4728,1346.6668,2360,4320,1080
4,8,1,1,2,60,2,2,15,9,0,59732,5754.6668,6273.3332,2692,1596,3280,900
1,8,1,1,2,63,2,3,14,8,0,52689,7628,13768,4012,6436,4160,8104
2,8,1,1,1,54,1,3,12,9,0,78188,4160,4338.6668,5093.3332,1360,9472,200
1,8,1,1,1,64,2,3,15,8,0,48347.8,7560,18068,8504,2516,21120,2472
1,8,1,1,2,58,2,3,15,9,0,139663.2,9213.3332,18437.3332,9845.3332,3480,35024,1352
3,8,1,1,2,57,1,5,15,2,0,8710.6,2132,1577.3332,568,1044,2624,1484
2,8,1,1,1,57,2,3,13,8,0,55874.2,2080,9894.6668,614.6668,1616,1360,20
3,8,1,1,2,46,1,5,15,8,0,54116.6,1629.3332,6376,1600,2616,1386.6672,1140
3,8,1,1,1,63,1,5,11,6,0,31251,998.6668,4014.6668,1280,320,314.6672,400
4,8,1,1,1,35,2,2,13,9,0,64661,7040,16334,4608,3040,6400,2248
4,8,1,1,4,38,1,5,15,9,0,74393,4021.3332,11584,2616,1832,12229.3328,1808
3,8,1,1,1,30,2,3,14,5,0,23744.2,2080,13368,12280,2928,6000,480
3,8,1,1,4,31,2,5,13,7,0,39374,1473.3332,6660,1280,1060,5333.3328,240
2,8,1,1,4,41,2,5,13,7,0,37277,3730.6668,9408,1994.6668,1000,9120,1216
4,8,1,1,1,34,1,5,15,8,0,48516,2500,4898.6668,1321.3332,900,1680,632
4,8,1,1,1,53,1,3,15,9,0,104876,2946.6668,30558.6668,2584,2504,18672,100
1,8,1,1,2,55,1,3,12,2,0,7426,1680,3325.3332,933.3332,320,1248,200
3,8,1,1,1,59,1,2,16,9,0,101563,10693.3332,16093.6668,4080,1748,4000,976
4,8,1,1,4,55,2,3,15,5,0,21329.6,1921.3332,3512,37728,964,4288,5432
4,8,1,1,4,52,1,3,13,9,0,67424.8,2326.6668,9494.6668,3788,2612,14976,920
4,8,1,1,1,56,2,5,14,7,0,37811,4080,14632,2608,1424,5968,2224
4,8,1,1,2,51,2,5,15,8,0,51975.2,3466.6668,4520,866.6668,2400,19200,336
4,8,1,1,4,60,1,5,16,8,0,55673,1802.6668,12436,2920,3660,10560,3576
2,8,1,1,1,58,1,3,16,9,0,74170,8986.6668,3020,548,952,4320,4752
2,8,1,1,1,31,2,5,15,5,0,26046,2080,8120,1860,2500,3184,716
4,8,1,1,1,35,2,3,15,9,0,82686.4,5026.6668,13354.6668,897.3332,2432,1120,376
2,8,1,1,4,30,2,4,15,3,0,11798,2773.3332,7992,1920,1040,1920,560
4,8,1,1,2,53,2,5,16,5,0,26425,4312,4469.3332,988,792,7285.3328,1128
2,8,1,1,1,36,2,3,14,8,0,50382,3320,8084,3064,2056,3360,776
3,9,1,1,4,49,2,2,13,8,1,66506,10260,17120,5848,6720,24235.2,3400
4,5,2,1,1,42,2,1,16,9,1,221698,9568,35660,6800,2666.6668,11146.6672,960
4,9,1,1,1,60,2,3,15,8,1,71492.6,7820,23804,4988,4656,11355.2,2288
2,4,2,2,1,45,1,1,16,9,1,98723,5546.6668,17646.6668,11068,6796,5760,1308
1,5,2,1,2,54,1,1,12,9,1,142595.8,3900,3245.3332,83354.6668,1852,5840,1520
4,4,2,1,1,53,2,1,15,9,1,105232,21162.6668,24842.6668,1960,4780,16960,1708
2,4,2,1,1,44,2,1,13,9,1,72703,12720,12838.6668,6102.6668,4440,11744,3636
1,4,2,1,1,49,1,1,12,9,1,95275.8,8320,14221.3332,2600,5220,12800,856
3,4,2,1,1,51,2,1,14,5,1,32941,2849.3332,4092,524,1900,2688,240
1,4,2,1,4,46,1,1,12,9,1,80168,12760,19596,13836,3220,57248,17316
2,4,2,1,1,40,1,1,14,8,1,54303.6,11573.3332,6940,1876,1720,3050.6672,892
3,5,2,1,2,44,1,1,12,9,1,107412.4,11400,10676,9664,9488,25104,2952
3,4,2,1,1,46,2,1,15,9,1,86487,11266.6668,9758.6668,3533.3332,2476,37024,2992
1,5,2,1,2,50,1,1,12,9,1,128355.4,5938.6668,16496,2442.6668,3280,9706.6672,5400
4,4,2,1,1,50,2,1,13,9,1,103120,5824,18037.3332,1648,4872,41728,1832
3,4,2,1,1,44,1,1,15,9,1,79880,2505.3332,4821.3332,352,1660,17680,800
1,9,1,1,4,40,2,5,13,5,1,34224,4410.6668,6040,2586.6668,4298.6668,16476.8,880
2,4,2,1,1,41,2,1,14,9,1,104509,7786.6668,13096,7941.3332,3080,12640,6248
3,4,2,1,2,53,2,1,13,9,1,66804,17420,10664,2456,7072,55136,1620
4,5,2,1,4,44,1,1,15,9,1,186194,10146.6668,17509.3332,18362.6668,3200,21600,2060
1,4,1,1,4,64,1,1,16,9,1,63814,2320,9336,1501.3332,1624,3440,432
4,6,1,1,4,42,1,3,15,8,1,48012,9748,43880,3184,1336,32928,4644
3,7,1,1,1,35,2,1,16,9,1,92242,4853.3332,18832,908,2096,9520,472
3,7,1,1,1,32,2,2,13,3,1,16746,4610.6668,13057.3332,3964,4784,1600,624
4,6,1,1,1,42,1,3,15,8,1,62925,13000,34592,3200,4308,5600,4200
3,7,1,1,2,33,2,1,12,6,1,34496,2080,1676.6668,2056,1460,5237.3328,1600
2,6,1,1,2,44,1,3,13,7,1,40571,6500,3460,3064,1060,14150.4,4516
2,6,1,1,4,39,1,5,13,7,1,40895,6552,5592,1440,1320,192,3484
3,9,1,1,4,55,2,5,12,1,1,5631,2600,3140,913.3332,1996,1678.4,432
3,7,1,1,1,40,2,1,14,8,1,61062,4160,6982.6668,2348,2560,9600,392
3,7,1,1,4,54,2,4,13,9,1,77108,9880,29880,3832,4608,43904,4104
3,7,1,1,2,55,2,5,16,9,1,101592.2,4680,7841.3332,1333.3332,1040,3296,196
3,7,1,1,4,45,2,3,15,9,1,61014,3206.6668,5780,976,2100,34688,840
2,7,1,1,4,44,2,5,16,8,1,56896,2513.3332,6116,1036,860,4800,444
4,7,1,1,4,41,2,3,16,9,1,65618.4,16196,23908,10640,3292,13024,20040
1,7,1,2,2,44,2,3,15,5,1,26945,3666.6668,3381.3332,3626.6668,1888,15680,712
3,7,1,2,4,30,2,4,14,5,1,28898,2180,2460,1604,1940,2704,660
1,7,1,1,1,30,2,5,14,8,1,58117,4993.3332,54436,7066.6668,2212,5866.6672,3620
3,6,1,1,1,52,1,4,15,9,1,94025.4,11173.3332,7024,4720,1528,13792,5592
1,7,1,1,4,27,2,3,15,6,1,36445,1986.6668,13572,2925.3332,1000,1280,1248
3,7,1,1,4,44,2,5,13,5,1,26327,2860,10300,2820,2008,18128,936
4,7,1,1,4,28,2,5,12,4,1,22980,1906.6668,3400,480,1120,4576,120
3,7,1,1,4,32,2,5,12,4,1,22782,3466.6668,9328,7297.3332,2188,3136,100
4,7,1,1,1,37,2,3,15,9,1,76547,2486.6668,10161.3332,1112,1696,6437.3328,480
4,6,1,1,4,47,1,3,16,8,1,48109,9920,18432,3988,320,5760,5056
4,7,1,1,2,37,2,2,16,6,1,29323.2,4336,34216,2504,1820,12384,1904
4,7,1,1,2,46,2,4,15,8,1,54056.2,3380,10352,2400,3936,26080,10360
3,7,1,1,4,32,2,5,12,6,1,33973,5200,15756,2300,2544,14400,1112
1,7,1,1,4,34,2,3,16,9,1,67706,1232,8832,1224,1120,4922.6672,512
3,7,1,1,1,38,2,5,15,8,1,59728,2340,31536,4100,3636,53536,1616
3,7,1,1,4,42,2,1,14,7,1,38988,2946.6668,8264,1705.3332,3152,14826.6672,5784
1,7,1,1,4,50,2,3,15,5,1,23731.8,5200,14200,3572,4000,1040,1164
3,7,1,1,4,35,2,5,13,6,1,33349.4,2486.6668,12236,4093.3332,2500,5226.6672,696
3,6,1,1,4,28,1,5,13,8,1,50988,2340,1920,1661.3332,600,5680,1912
3,7,1,1,2,32,2,5,13,4,1,19444,4940,5176,9760,3756,3856,1228
3,7,1,1,4,31,2,5,14,6,1,33177.2,2860,15060,3140,3400,6240,128
4,7,1,1,4,32,2,4,13,5,1,29262,5138.6668,9740,480,3040,960,472
4,7,1,1,4,43,2,3,12,9,1,71839,8320,14664,6004,1540,2293.3328,2768
3,7,1,1,4,33,2,5,14,6,1,31840,2773.3332,2664,2300,1064,1200,480
3,7,1,1,1,42,2,5,16,8,1,51731,6933.3332,8036,800,3076,16256,600
3,6,1,1,4,29,1,5,15,7,1,38186,5720,14636,4640,2184,8064,2500
4,7,1,1,4,37,2,3,13,3,1,18296,7114.6668,13300,1492,2604,320,1120
1,7,1,2,1,45,2,5,15,7,1,39576.2,7402.6668,7084,2440,4288,13525.3328,632
3,7,1,1,1,52,2,3,13,6,1,34715,4680,10480,2636,3960,7840,780
2,7,1,1,4,43,2,3,13,6,1,30857,3189.3332,9440,3552,2392,4288,1288
2,7,1,1,1,36,2,3,13,6,1,32431,7040,6268,3720,708,960,948
3,7,1,1,4,33,2,3,14,5,1,25640,4940,11388,1732,2760,10128,108
3,6,1,1,4,42,1,3,15,7,1,38311,17624,24244,11852,2640,16128,6912
3,7,1,1,1,32,2,5,16,8,1,45025,3120,6541.3332,1020,464,1744,3976
4,9,1,2,4,60,2,3,14,6,1,35420,6192,14680,5476,1500,4528,2800
4,6,1,1,4,39,1,5,15,8,1,51676,2686.6668,4268,65880,484,8101.3328,168
1,7,1,2,4,47,2,3,16,9,1,63674,2749.3332,6680,1288,2740,5584,580
4,2,2,1,4,40,1,1,15,9,1,104892.4,3466.6668,14616,3372,1496,1600,616
1,3,2,1,4,51,1,1,10,8,1,48089,8320,19076,8880,4308,3840,516
4,3,2,1,4,37,1,1,15,9,1,125311,2404,9892,1244,1300,6165.3328,752
3,3,2,1,1,55,1,1,16,9,1,126339,9208,18180,4373.3332,4096,45600,2696
3,3,1,1,1,41,1,1,16,9,1,76092,12133.3332,10258.6668,1160,4076,16652.8,1160
3,2,2,1,2,27,2,1,15,8,1,58859,7160,7305.3332,3432,1600,51520,960
3,3,2,1,1,45,2,1,16,9,1,109229,5026.6668,13289.3332,11800,3728,33280,952
4,3,2,1,2,45,2,1,15,9,1,203840.6,16513.3332,23289.3332,2200,2136,60800,4004
4,3,1,1,1,49,2,1,15,9,1,89362,2600,11670.6668,2228,2616,3296,120
3,2,2,1,2,31,1,1,14,9,1,67991,4680,6712,1880,2416,28117.3328,1584
3,3,2,1,1,51,1,1,14,8,1,55368,780,3457.3332,1844,2120,4400,260
2,3,2,2,1,38,1,1,12,9,1,68595.4,6500,23892,12112,4480,26400,4088
3,9,1,1,1,49,1,3,13,8,1,55342,3120,12826.6668,1833.3332,2804,33616,1132
3,2,2,1,1,34,2,1,15,9,1,92948,6306.6668,20989.3332,12140,3120,128,4480
1,3,2,1,4,34,1,1,12,9,1,63631,1546.6668,4932,2417.3332,1040,7189.3328,512
3,3,2,1,1,56,1,1,16,9,1,182684,3086.6668,8380,6533.3332,2144,2288,1644
3,3,2,1,1,47,2,1,15,9,1,112517,10540,20014,59032,4480,64480,3000
3,2,2,1,1,31,1,1,14,9,1,70924,2486.6668,3869.3332,628,1160,6384,360
2,2,2,1,1,34,2,1,14,9,1,80232,4680,4806,1398.6668,1972,5408,852
3,9,1,1,4,57,2,3,14,5,1,29515,4333.3332,11496,1720,1528,5440,1352
4,3,2,1,1,31,1,1,12,8,1,48051,3206.6668,3829.3332,2613.3332,1680,13866.6672,172
4,2,2,1,1,31,1,1,15,9,1,118960,21980,47888,4128,5472,8080,7188
1,2,2,1,4,31,2,1,13,9,1,124162,8725.3332,30248,3173.3332,3284,33200,576
4,2,2,1,1,35,1,1,12,9,1,98084,1820,7652,520,3128,8933.3328,632
4,3,2,1,2,53,1,1,13,9,1,103644,8666.6668,5744,2013.3332,3424,640,2320
3,2,2,1,4,39,2,1,16,9,1,74163.8,7380,27804,6048,3700,6192,3236
2,2,2,1,1,33,2,1,16,9,1,70476,6253.3332,13638.6668,2256,2300,8816,1964
4,2,2,1,1,33,2,1,16,9,1,176222,7840,43488,2816,3420,35728,1180
2,2,2,1,1,38,2,1,16,9,1,117936,7140,25264,35828,4588,24768,1144
3,3,2,1,2,47,1,1,13,9,1,77784,5717.3332,5664,2560,1744,22400,320
3,2,2,1,1,33,2,1,16,9,1,90274,9464,22684,4336,5100,36240,3764
3,2,2,2,2,36,2,1,15,9,1,106394,5772,20376,1232,6068,42848,336
2,3,2,1,1,48,2,1,14,8,1,51389,5980,7988,2648,3140,40608,3136
1,3,2,1,1,41,1,1,16,9,1,101587,7706.6668,23310.6668,1669.3332,2504,38400,336
4,3,2,1,4,44,1,1,13,9,1,94969,6880,16776,2488,3180,28426.6672,632
3,3,2,1,1,42,1,1,13,9,1,84146.8,8404,50000,6368,8280,26352,720
3,3,1,1,1,43,1,1,14,8,1,54128.8,5113.3332,6028,824,1820,9518.4,400
3,9,1,1,2,50,1,4,13,9,1,110586,8746.6668,9912,12916,1296,12160,688
1,3,2,1,1,47,1,1,16,9,1,69888,7280,13702.6668,2400,1560,32,440
3,3,2,1,1,45,1,1,13,9,1,92869,10560,12404,177972,6076,35520,2836
4,2,2,1,1,42,1,1,14,9,1,85923,5013.3332,11945.3332,2480,2340,26720,1560
2,2,2,1,1,39,1,1,15,8,1,55490,8840,17784,11516,5340,28400,336
4,2,2,1,1,39,1,1,13,9,1,112645,7664,29792,5828,4684,8224,1664
3,2,2,1,1,39,1,1,15,9,1,172949,11700,36936,6748,2568,34528,2656
4,2,2,1,1,28,1,1,14,6,1,38540.4,693.3332,8889.3332,1402.6668,720,3648,200
3,3,2,1,1,39,2,1,15,9,1,82960,2760,2286.6668,1900,1772,9962.6672,452
3,9,1,1,2,51,1,3,13,7,1,50818,5720,6384,14280,3420,31355.2,1476
4,3,2,1,4,36,2,1,13,8,1,63242,10288,15500,9532,3520,8592,3280
4,2,2,1,4,36,1,1,11,9,1,100909.4,5720,25612,1760,1936,8960,1644
3,2,1,1,4,34,1,1,13,6,1,38562,1733.3332,3940,320,960,4506.6672,632
3,3,2,1,4,44,2,1,14,7,1,45310,5524,15156,5276,4312,31008,1656
3,3,2,1,4,31,2,1,15,9,1,88806,10400,20212,3160,6548,12960,620
3,2,2,1,1,27,1,1,15,9,1,89270,3813.3332,4776,1188,1572,6560,364
4,3,1,1,1,52,1,1,14,9,1,84345,3033.3332,2868,5442.6668,1608,2448,1332
2,3,2,1,1,37,2,1,14,9,1,64514.8,6240,11280,4584,4200,6240,6800
4,3,2,1,1,51,1,1,15,9,1,133613,14500,25400,18768,5784,6896,2988
3,3,2,1,1,57,2,1,16,9,1,122499,11960,30116,4824,13992,15312,10764
3,2,2,1,4,27,1,1,12,9,1,74507,3293.3332,10580,840,1180,54848,180
4,2,2,1,1,35,2,1,15,9,1,63821,15600,23228,4912,4368,29744,1036
4,2,2,1,1,35,1,1,14,9,1,126254,3142.6668,14681.3332,5437.3332,3616,12746.6672,1116
3,3,2,1,1,44,1,1,11,8,1,59790,5080,21302.6668,2256,2892,4640,1992
4,3,1,1,1,53,1,1,13,9,1,98760,7880,8260,1820,1068,1440,540
3,3,2,1,4,28,2,1,10,6,1,34732.8,14336,16272,6504,6240,6848,884
3,2,2,1,1,33,2,1,16,9,1,99493,7660,37828,9840,4816,26880,7060
3,3,2,1,4,29,1,1,12,9,1,73635,9004,22336,6152,4252,34560,2664
1,2,2,1,1,31,2,1,15,9,1,99898,3553.3332,7324,3360,1640,5440,320
3,3,2,2,2,44,2,1,16,9,1,145385,10920,20956,176148,4960,6080,1572
1,3,1,1,1,51,1,1,12,9,1,95495,3373.3332,6562.6668,1184,2996,1440,1156
2,2,2,1,1,32,2,1,15,9,1,80438,1993.3332,5446,1004,1024,3008,596
4,3,2,1,4,39,1,1,11,6,1,39312,1305.3332,2610.6668,840,440,3328,340
2,2,1,1,4,35,1,1,15,9,1,101060,4940,22744,1944,2640,20096,844
4,3,2,1,1,57,1,1,15,9,1,159793,38644,22076,11844,2404,60480,1548
2,3,2,1,1,32,2,1,15,4,1,22720,5260,15708,3532,4220,16800,80
3,2,1,1,4,27,1,1,13,7,1,43931,3293.3332,13152,2112,2232,26698.6672,2304
2,3,2,1,1,49,1,1,14,9,1,104463,4733.3332,5400,5884,1676,11733.3328,620
4,3,1,1,1,52,1,1,10,9,1,106639.8,7800,21924,1760,2140,6400,1440
4,3,2,1,1,52,2,1,15,9,1,115110.2,6664,24828,10832,4136,10384,7304
2,2,2,1,2,39,1,1,16,9,1,109522,1560,14236,6101.3332,1272,6320,376
2,3,2,1,1,33,2,1,12,8,1,59458,2092,2019.3332,2768,800,4213.3328,400
2,3,2,1,4,41,1,1,16,3,1,18491,16456,20308,4040,2204,16272,4764
3,2,2,1,1,34,2,1,15,9,1,92437.8,7760,22730,10756,2752,2080,340
1,2,2,1,4,39,2,1,15,9,1,121199.6,3120,11344,1600,852,6960,872
1,9,1,1,1,32,2,5,14,8,1,46071,6240,8469.3332,1154.6668,3448,7356.8,1840
3,2,2,1,1,37,1,1,15,9,1,153986,10440,23556,4900,4240,15360,140
3,3,2,1,1,42,2,1,16,8,1,51270,5893.3332,10010.6668,109184,5688,19200,1600
3,3,2,1,2,59,1,1,16,9,1,138631,2600,4214.6668,2481.3332,1276,13440,1060
1,3,2,1,4,55,1,1,12,8,1,55822,4346.6668,16532,3896,2652,3040,616
2,3,2,1,4,49,1,1,12,7,1,42789.6,9360,18864,6160,2140,12480,840
1,3,2,1,1,55,2,1,14,9,1,115208,4818.6668,9854.6668,2386.6668,3656,7536,2456
1,2,2,1,4,33,1,1,16,9,1,103213.4,3293.3332,21480,2350.6668,1600,3904,80
3,2,2,1,2,32,1,1,15,9,1,125388,8320,22940,4580,4476,12480,2196
3,2,2,1,1,47,2,1,12,9,1,172330.2,6356,68333,5964,4060,10224,2532
3,3,2,1,1,50,1,1,11,7,1,45302,3132,7950,6432,4336,32912,904
2,2,2,1,1,40,1,1,13,9,1,70905,9880,22736,5940,3000,1280,3832
1,3,2,1,1,64,1,1,16,9,1,116343,4333.3332,9441.6668,800,2248,320,500
1,3,2,1,4,41,2,1,12,6,1,34972.2,2340,10352,7128,3300,1584,1480
1,2,2,1,4,29,2,1,12,8,1,52972.6,9360,19400,6600,5000,5360,2280
2,2,1,1,4,32,1,1,16,9,1,92635,7760,28668,4388,2400,11360,492
3,2,1,2,2,49,1,1,11,5,1,24291,4420,4348,3896,2240,9600,1200
1,2,2,1,1,28,2,1,15,9,1,112553.4,5893.3332,29037.3332,1640,2176,128016,1280
2,3,2,1,4,32,2,1,15,8,1,62471,7280,13020,7012,5460,30240,1140
1,2,2,1,1,30,2,1,16,9,1,94461.8,15640,30316,3620,3480,15344,1896
1,5,2,1,1,51,2,1,12,8,1,54805.6,7453.3332,12542.6668,2720,3604,11250.1328,2416
2,2,2,1,4,29,2,1,15,9,1,81846,2080,23376,7440,3804,12320,1488
4,2,1,1,1,49,1,1,15,9,1,93474,5200,13614.6668,4005.3332,3272,22400,10200
3,2,2,1,1,30,2,1,15,9,1,149981,16500,40548,4460,2076,12784,5744
2,3,2,1,1,36,1,1,14,9,1,102930.2,6640,19836,2292,4512,13856,624
2,3,2,1,1,40,2,1,13,9,1,106655.8,12840,22804,25864,8896,49600,6924
3,2,2,1,1,33,1,1,15,9,1,73528,9880,13060,2060,3948,28560,1908
3,2,1,1,1,38,1,1,15,7,1,42897.4,2600,8961.3332,4872,1444,8320,460
1,3,1,1,2,62,1,1,12,7,1,40846,4853.3332,6126.6668,5706.6668,1460,3200,736
2,3,2,1,1,44,2,1,15,9,1,105676,6730.6668,14901.3332,6140,3440,22933.3328,2192
4,3,2,2,4,53,1,1,16,9,1,76320,1993.3332,5916,2624,948,12000,1040
4,3,2,1,2,57,1,1,15,9,1,129063.6,7800,4773.3332,3478.6668,1700,5200,820
1,3,2,1,1,44,1,1,16,9,1,115803.6,11700,39596,4504,10720,63616,880
3,3,2,1,1,45,1,1,15,9,1,126797,4333.3332,8438.6668,3600,2152,3200,404
2,5,2,1,2,61,2,1,13,8,1,58812.2,10200,15520,5560,3068,26987.2,3864
3,2,2,1,4,35,1,1,15,9,1,141913.6,13600,17612,17548,4296,46352,4828
3,2,2,2,2,39,1,1,15,9,1,118829,9706.6668,5256,4200,4136,2560,560
3,3,1,1,2,51,1,1,12,4,1,21188.4,6760,5372,4480,2724,2400,736
1,3,2,1,1,58,1,1,12,9,1,100228,4233.3332,12788,1200,4248,8640,1604
3,2,2,1,4,31,1,1,15,9,1,72853.8,2600,10156,1165.3332,1088,9600,404
1,3,2,1,2,48,2,1,15,9,1,104656,21720,16020,35176,3848,18480,8652
3,2,2,1,1,36,2,1,16,9,1,100142.8,4333.3332,12090.6668,2708,1340,13360,816
1,3,2,1,1,46,2,1,16,9,1,69051.6,4012,6036,5288,1208,15104,2320
1,3,2,1,1,55,2,1,15,9,1,164975,2253.3332,5362.6668,2404,1312,8960,556
4,3,2,1,1,41,2,1,16,9,1,160092,16212,60801,34076,3136,20704,3324
1,7,1,1,2,43,2,1,12,6,1,36741.2,11960,19160,4752,8148,15888,1060
3,2,2,1,1,31,2,1,16,9,1,170734,4160,16334.6668,1866.6668,860,2400,700
3,3,2,1,1,48,1,1,15,9,1,163409,5800,12273.3332,928,2428,9744,996
4,3,2,1,4,64,1,1,15,9,1,121633,4018.6668,11180,8277.3332,1820,2560,1600
4,3,2,1,4,40,1,1,15,9,1,84648,2946.6668,7440,1672,1872,12666.6672,464
4,2,2,1,4,28,1,1,12,7,1,43312.4,2253.3332,5606.6668,1720,1100,2080,120
3,2,2,1,1,34,2,1,15,9,1,68739,5026.6668,7732,1320,1220,11093.3328,412
4,2,2,1,1,33,1,1,11,9,1,74579,6560,21292,5780,4824,17360,4980
3,3,2,1,4,39,2,1,15,9,1,115304,14986.6668,22376,8860,5240,16592,3864
4,2,2,1,1,35,2,1,16,9,1,120337.8,3293.3332,8653.3332,800,824,5440,808
3,3,2,1,1,33,2,1,15,8,1,51756,8840,32662.6668,3392,4028,2976,3208
2,2,2,1,1,34,1,1,15,9,1,104454.4,3414.6668,7086.6668,2633.3332,1628,5744,620
3,2,2,1,4,35,1,1,12,7,1,48003.4,1733.3332,5520,900,2320,3466.6672,340
3,3,2,1,1,41,2,1,16,9,1,108667,6066.6668,15672,3148,2964,8320,1136
2,3,2,1,1,45,1,1,13,9,1,112973,9573.3332,25288,5124,3760,160,3764
4,2,2,1,1,33,1,1,13,9,1,83897,2513.3332,7820,2852,1580,6933.3328,200
1,2,2,1,4,29,1,1,13,8,1,54637.8,2253.3332,12024,4446.6668,2204,800,260
3,3,2,2,1,54,1,1,16,9,1,78234,4757.3332,3916,1900,1732,4400,2920
3,9,1,1,4,41,1,3,12,7,1,42809.8,2080,10440,1600,3600,2538.6672,1600
4,2,1,1,4,29,1,1,15,9,1,83715.2,5460,26728,8880,5548,8320,320
3,3,2,1,1,48,1,1,14,9,1,97786.2,8580,17172,9804,5356,32160,660
3,3,1,1,1,36,1,1,14,8,1,54535,7800,11828,2300,4292,23360,1536
1,3,2,1,1,53,1,1,15,8,1,48268,8600,27788,7976,8108,4800,3080
2,3,2,1,2,40,2,1,14,9,1,123698.8,9360,18038.6668,8248,7868,14506.6672,2256
4,3,2,1,4,35,1,1,13,9,1,103381,1733.3332,7924,320,1124,6800,240
2,3,2,1,1,47,1,1,14,9,1,116181,7280,10481.3332,2237.3332,3508,22304,1000
4,2,2,1,4,33,1,1,13,9,1,72342,10060,30284,16488,2480,10960,3832
4,2,2,1,1,38,2,1,15,9,1,115703,3441.3332,17920,2664,2164,5824,1396
4,2,2,1,1,30,1,1,15,9,1,176565,11106.6668,45918.6668,5400,2348,57600,2960
1,2,2,1,4,47,1,1,14,9,1,76555,4160,23316,6460,5996,944,508
2,3,2,1,1,46,2,1,14,9,1,108556.2,15300,27244,17308,5424,29120,2844
1,3,2,1,2,55,1,1,15,9,1,112041.4,3033.3332,7568.6668,500,1404,4437.3328,912
3,2,2,1,1,32,2,1,15,9,1,83997,2773.3332,15102.6668,2188,1440,8480,536
2,2,2,1,1,34,2,1,16,9,1,107492.6,2946.6668,7342.6668,80960,872,3680,676
1,3,2,1,4,42,2,1,16,9,1,152854.8,8060,22764,7824,2604,13552,3280
1,3,2,1,4,46,1,1,15,9,1,81285,3813.3332,12876,1528,3796,11232,2248
4,2,1,1,1,30,1,1,15,9,1,94420.8,13236,24036,1780,3480,17440,3012
3,2,2,1,1,31,1,1,12,8,1,56694,6760,7994.6668,4004,2212,3850.6672,768
3,3,2,1,1,44,1,1,16,9,1,77178,4328,6690.6668,3260,2224,30240,3528
4,3,2,1,4,34,1,1,12,9,1,106238,8720,16432,3152,3120,9600,2400
3,3,2,2,1,37,2,1,16,9,1,107586,12740,20280,158764,9380,31744,3732
4,2,1,1,1,45,1,1,16,6,1,37749,5980,14332,4272,1036,11328,132
3,7,1,1,2,51,2,2,12,7,1,43280.8,8413.3332,21412,2484,3652,14693.3328,1572
1,2,1,1,4,33,1,1,15,7,1,45206,6500,21120,7324,3944,11200,13548
4,3,1,1,1,50,2,1,15,8,1,61912,9440,20184,7592,2516,21600,2036
1,7,1,1,1,45,2,3,12,8,1,58108,5980,17588,1500,6600,4320,2620
3,3,2,1,4,38,1,1,11,1,1,1000,3466.6668,9524,2560,3020,2773.3328,416
3,3,2,1,1,43,2,1,12,9,1,64388.4,6146.6668,15349.3332,6380,3368,20960,1000
3,2,2,1,1,50,1,1,16,9,1,98146.6,11440,15038.6668,6693.3332,1432,45600,768
3,3,2,2,1,49,1,1,12,8,1,64589,3900,11502,54352,3328,19680,2024
3,3,2,1,1,44,2,1,12,9,1,62761,6640,9057.3332,139173.3332,4488,11306.6672,2752
4,2,2,1,1,30,1,1,14,9,1,123916,9030.6668,15084,6080,1884,9925.3328,848
3,2,1,1,1,34,1,1,13,9,1,73271,4666.6668,14426.6668,6448,2108,13680,2440
2,3,2,1,1,60,1,1,13,9,1,78968,3100,4972,1040,1696,8842.6672,520
4,3,2,1,1,47,2,1,13,9,1,78832,6580,24792,4668,2188,14768,7788
4,3,1,1,1,40,1,1,15,8,1,58307,7580,14388,6264,4840,8960,12324
3,2,2,1,1,32,2,1,16,9,1,142442,11180,11496,5072,5092,5920,3792
4,3,2,1,4,36,2,1,15,5,1,30623.4,3344,1596,513.3332,320,245.3328,40
3,3,2,1,1,45,1,1,15,9,1,123910,9376,15212,7448,7260,17280,8744
3,2,1,1,4,32,1,1,12,8,1,56308.4,5893.3332,12644,1600,2008,7040,280
3,2,2,1,2,32,2,1,13,8,1,54430,6205.3332,4784,4176,2480,5920,2072
4,3,2,1,4,44,2,1,15,9,1,78103,2936,8982.6668,2768,1532,3808,1137.3332
2,3,2,1,1,38,1,1,12,9,1,74516.6,5546.6668,6181.3332,3188,3572,9472,616
3,2,2,1,1,27,1,1,13,9,1,111799,4160,17852,4852,2880,29200,4940
2,3,2,1,1,49,1,1,12,9,1,99690,2277.3332,4034.6668,568,1088,17600,340
2,2,2,1,1,34,1,1,15,9,1,154959,3692,17172,1320,1868,6816,868
3,2,2,1,1,28,1,1,12,9,1,77233.4,1300,9280,1892,3692,1920,720
4,2,2,1,1,32,1,1,13,9,1,152239,8533.3332,23373.3332,7214.6668,4424,13952,3772
2,3,2,1,1,54,1,1,15,9,1,105278.6,5280,9794.6668,3872,1940,27088,4748
1,5,2,1,1,55,1,1,13,9,1,129698,12480,23608,3340,9036,24560,2160
4,9,1,1,2,54,1,2,12,9,1,83728,8896,12060,8020,4940,22715.2,1748
1,4,2,1,1,46,1,1,14,9,1,110102,11180,25492,18024,4500,56128,3200
2,5,2,1,1,35,1,1,16,9,1,101673.4,11896,49122.6668,4788,3552,13440,1544
4,5,2,1,1,48,1,1,15,8,1,57164,10520,55404,3460,7556,10080,3712
2,5,2,1,1,33,2,1,11,9,1,70412,7973.3332,43442.6668,3466.6668,4280,25010.1328,304
3,9,1,1,1,47,2,3,14,8,1,50264,33800,17580,2400,4468,14400,5048
3,4,1,1,4,39,1,1,13,7,1,46534,12120,18808,6488,2904,31296,6584
4,4,1,1,4,40,1,1,12,8,1,55873,3293.3332,7784,600,1604,6400,336
3,4,1,2,1,48,1,1,14,8,1,60448.2,7426.6668,8973.3332,1673.3332,2204,11813.3328,872
4,4,1,1,4,40,1,1,12,5,1,33551,866.6668,5868,1100,288,800,72
3,4,2,1,2,62,1,1,14,9,1,96334,2253.3332,2840,1384,1020,19200,1160
4,4,2,1,4,40,1,1,13,7,1,45482,18928,19484,3832,3432,7920,3556
2,4,2,1,1,53,1,1,13,9,1,94976,9760,10733.3332,1920,4520,5205.3328,1272
1,3,2,1,1,39,1,1,15,9,1,103714,9820,24224,4180,5968,13008,2360
3,2,2,1,1,36,1,1,13,9,1,91353,13384,17608,25912,3260,2432,660
2,2,2,1,1,30,2,1,16,9,1,80883,7248,18836,6304,2400,34208,1776
1,3,2,1,4,57,1,1,15,8,1,56968,1213.3332,7644,440,1300,5269.3328,360
3,3,2,1,1,46,2,1,14,9,1,92481,3033.3332,9065.3332,100306.6668,1760,5920,1352
4,3,2,1,1,38,1,1,13,8,1,60859,1072,4050.6668,400,1280,4090.6672,1572
4,3,2,2,1,30,2,1,12,7,1,47202.8,4853.3332,8118.6668,4796,2836,11200,168
1,3,1,1,1,40,1,1,15,9,1,108590,14572,31564,6848,6192,19984,16036
3,3,1,2,4,31,1,1,12,5,1,34940,5480,8876,2080,3056,9600,640
1,3,2,1,1,42,2,1,12,9,1,69706,3933.3332,14592,5528,3508,13120,2144
4,3,1,1,1,50,1,1,13,9,1,104487.4,4740,24422.6668,1604,2648,19840,184
3,3,2,1,1,44,1,1,15,9,1,162010,11120,18976,5030.6668,7120,7360,2288
3,3,1,1,1,55,1,1,16,9,1,99619,1924,6314.6668,344,1044,1733.3328,276
2,3,2,2,1,29,1,1,12,9,1,71390.2,4480,2454.6668,2520,1200,3882.6672,796
3,2,2,1,1,31,1,1,16,7,1,46854.2,2800,7100,780,2300,16,1516
3,3,2,1,4,42,2,1,15,9,1,71330.6,7986.6668,7372,2884,3732,28426.6672,600
2,3,2,1,1,34,1,1,12,9,1,84890,3241.3332,7793.3332,3100,1324,7802.6672,828
1,2,2,1,2,41,1,1,12,8,1,61549,10560,16376,13172,4676,1200,1504
3,3,2,1,1,44,1,1,15,9,1,91263,3588,11760,1000,860,5120,1800
3,3,2,1,4,38,1,1,13,9,1,68328,10400,9040,5817.3332,2240,5130.6672,776
2,3,2,1,1,37,1,1,13,9,1,102597.2,7333.3332,10488,3340,2360,17898.6672,3872
2,3,2,1,1,45,2,1,13,8,1,60361.4,7973.3332,15850.6668,2120,3740,160,500
3,3,1,1,1,44,1,1,16,9,1,99797,9173.3332,14897.3332,1600,3544,23040,1312
2,2,1,2,1,27,1,1,10,9,1,75952.8,10400,38684,1200,720,50800,1444
1,2,1,1,4,33,1,1,13,1,1,800,1820,5620,2200,704,3200,220
3,3,2,1,4,47,1,1,15,9,1,76847,6240,24500,5092,5620,20480,1760
4,2,2,1,1,29,1,1,12,9,1,64694,3536,3835.3332,600,1280,5.3328,800
3,3,2,2,2,28,2,1,14,5,1,35345,1605.3332,2877.3332,1600,1348,1696,644
4,3,2,1,1,38,2,1,16,9,1,127574,7106.6668,18782.6668,1000,2768,26832,400
4,3,2,1,1,45,1,1,16,9,1,190808,3898.6668,28218.6668,2708,1280,10400,5056
3,3,2,1,2,42,2,1,15,5,1,30260.2,2246.6668,866.6668,1300,400,560,400
1,3,2,1,1,43,1,1,15,9,1,90369,10000,19428,6660,3412,12320,4920
2,3,2,1,1,52,2,1,13,9,1,121556.4,9357.3332,12889.3332,4889.3332,4844,4117.3328,1600
4,2,2,1,2,27,1,1,13,8,1,57809,8560,8336,7140,2720,10528,1628
2,3,2,1,1,36,1,1,15,9,1,82763,2340,10554.6668,536,1312,4506.6672,64
3,3,2,2,1,31,1,1,12,7,1,47568,6840,17060,3780,3956,24864,1164
3,3,2,1,1,39,2,1,12,9,1,85269,3293.3332,4301.3332,4548,1320,10400,1632
4,3,2,1,4,31,1,1,13,8,1,63939,2080,13548,1428,1368,12757.3328,652
3,3,2,1,4,48,1,1,12,9,1,102543,12020,31728,4812,4580,29760,2860
1,3,2,1,2,50,1,1,15,9,1,125076,2773.3332,6861.3332,970.6668,980,1088,912
3,2,2,2,4,32,2,1,14,9,1,98126,4940,7856,5092,2684,8640,876
1,3,2,1,1,35,1,1,16,9,1,91052,16768,21276,8708,4040,3360,3716
3,3,2,1,1,48,1,1,13,9,1,90004.2,7002.6668,7196,2060,3776,12320,2280
1,3,2,1,1,41,1,1,16,9,1,176232,10400,55484,19264,6540,54208,540
3,3,1,1,1,47,1,1,12,9,1,70993,14436,23504,7716,6392,39648,3932
3,2,2,1,1,32,1,1,16,8,1,60405.2,6760,16624,7068,2060,10400,480
3,3,2,1,4,48,2,1,13,8,1,60818,19173.3332,28280,12693.3332,5856,60032,2604
3,3,2,1,1,45,2,1,14,9,1,151949,10400,27570.6668,6862.6668,5248,57600,17080
3,3,1,1,1,38,1,1,16,8,1,59595,4108,8596,1200,1160,9600,448
4,2,2,1,4,28,2,1,15,9,1,87606,8320,16364,10196,3476,31200,1068
3,2,2,1,1,35,2,1,15,9,1,98317,6326.6668,9275.3332,4213.3332,2052,6400,600
2,3,1,1,1,33,1,1,15,9,1,88584,1993.3332,5837.3332,833.3332,1460,54848,80
3,3,1,1,4,37,1,1,12,1,1,650,2253.3332,5645.3332,320,688,6396.8,216
1,2,2,1,1,38,2,1,15,9,1,164100,7866.6668,43112,15226.6668,5128,39200,7252
3,3,2,1,1,45,1,1,12,9,1,87307.8,1477.3332,7437.3332,1036,2084,15264,748
3,2,1,1,1,28,1,1,13,9,1,67388,10400,16924,3904,4528,20912,3408
4,3,1,1,1,50,1,1,15,9,1,71414,4853.3332,5604,2240,1848,5840,2748
1,3,1,1,1,42,1,1,15,9,1,91307,5794.6668,16777.3332,3340,3200,7360,560
2,3,2,1,1,46,2,1,13,9,1,70313,7860,12392,13708,5568,40336,1680
3,3,2,1,1,32,1,1,14,9,1,88617.8,9380,34024,3788,4920,32128,6660
2,2,2,1,4,32,2,1,15,8,1,57966,8528,38428,11176,5700,12400,4580
1,3,2,1,2,48,2,1,15,9,1,87591.8,6746.6668,15907.3332,3880,4992,14453.3328,420
3,3,1,1,1,34,1,1,13,9,1,88755,5660,7736,1620,2800,3120,1192
3,2,2,1,1,32,1,1,14,9,1,91190,8840,14264,5760,3668,22480,3312
3,3,1,1,4,39,2,1,14,7,1,47569,4506.6668,11152,2296,4352,3356.8,2228
3,3,2,1,1,38,2,1,12,7,1,45240,1789.3332,3374,2596,2272,2426.6672,340
2,2,2,1,1,34,1,1,14,9,1,72215,7280,24088,8004,4804,44288,3136
4,3,2,1,1,29,2,1,15,8,1,52930,12336,39328,7364,4072,11040,1008
4,2,2,1,1,29,1,1,14,9,1,73138.8,2613.3332,4334.6668,800,1200,7802.6672,580
1,2,2,2,1,38,1,1,15,9,1,75163.4,4105.3332,7830.6668,752,952,160,756
3,3,2,1,4,51,1,1,10,6,1,37661.2,8453.3332,6945.3332,17684,1780,800,64
2,3,1,1,1,38,1,1,15,9,1,107453,13236,27768,5668,3512,12272,9388
2,3,2,1,1,46,1,1,13,9,1,103181,4616,23624,3532,3148,13802.6672,1220
2,3,2,1,1,34,1,1,13,9,1,123079,8853.3332,16449.3332,122420,3320,8533.3328,320
4,3,2,1,1,45,1,1,15,9,1,102694,3060,9630.6668,2116,2204,496,424
3,3,2,1,1,28,1,1,12,9,1,77297.8,8840,26100,3916,6020,20976,1900
2,3,2,1,4,48,1,1,13,8,1,55317,20280,19540,6200,7240,9120,1392
3,3,2,1,1,32,2,1,15,8,1,61490,8544,29252,3184,3036,6624,2724
3,3,2,1,2,32,2,1,12,9,1,68090,10140,9672,6224,5884,25296,5372
2,3,2,1,4,32,2,1,14,9,1,102255,9186.6668,11288,1848,2720,48880,2116
2,2,1,1,1,29,1,1,13,9,1,86228,11093.3332,24024,2064,2236,10005.3328,4424
2,2,2,2,4,27,1,1,11,8,1,54020.6,3640,18024,5344,2204,16512,1752
3,3,2,1,1,41,1,1,15,9,1,84249,7280,9060,2960,2496,9013.3328,1336
1,3,2,1,1,45,1,1,15,9,1,156466.8,19160,44120,38229.3332,4880,35840,21024
3,3,2,1,1,44,1,1,13,9,1,99231,2773.3332,5095.3332,1216,2000,3200,536
3,2,2,1,1,33,1,1,16,9,1,82776,6500,23048,2980,2820,37728,1640
1,2,2,1,4,41,1,1,13,9,1,139049,6586.6668,19536,6864,3968,11093.3328,680
4,2,2,1,1,27,1,1,13,9,1,93250,1820,9141.3332,952,1356,3648,200
2,3,2,1,4,32,2,1,14,9,1,71225.8,3706.6668,4500,4710.6668,1132,3456,1212
2,3,2,1,1,41,2,1,15,9,1,129050,1962.6668,13057.3332,3773.3332,3656,7626.6672,200
1,3,1,1,4,34,1,1,15,9,1,122690,11844,49152,31880,5240,20800,1800
1,2,2,1,1,34,1,1,15,9,1,128755,10810.6668,31265.3332,16293.3332,2800,17552,2216
3,3,2,1,1,41,1,1,16,9,1,153233.2,3293.3332,7861.3332,1180,1544,5386.6672,1248
3,3,2,1,2,37,2,1,16,9,1,97959,5026.6668,8398.6668,3866.6668,1496,9600,1480
4,2,2,1,1,34,2,1,15,9,1,111381.6,8493.3332,20117.3332,3077.3332,4040,16800,672
3,3,2,1,2,36,1,1,11,9,1,71425,13792,16904,13600,7000,14880,6488
1,2,1,1,2,55,1,1,15,9,1,84978,10680,15404,11536,5000,1120,1964
4,3,2,1,1,49,1,1,15,9,1,96311,2820,5968,8880,1496,13072,1104
3,2,2,1,1,40,1,1,15,9,1,112658,7730.6668,20556,4325.3332,3664,17530.6672,1120
2,3,2,1,1,43,2,1,16,9,1,114827.8,4593.3332,11725.3332,1284,2424,4000,1128
3,3,2,1,1,34,2,1,14,9,1,98345,3272,10452,4221.3332,1984,5664,2456
3,3,2,1,1,42,1,1,16,9,1,88275,21400,37308,21068,8520,20688,3904
4,3,1,1,1,36,1,1,15,9,1,67911.2,5200,10505.3332,25852,3776,81888,912
4,3,2,1,4,29,1,1,11,8,1,54417,6933.3332,6845.3332,2918.6668,1668,27008,1800
4,3,2,1,4,48,1,1,16,8,1,61179,3986.6668,14336,800,1480,1920,260
3,3,2,1,1,49,1,1,15,9,1,126733,10933.3332,8594.6668,3600,4800,24640,320
3,3,2,2,1,28,2,1,13,9,1,66631,1248,11905.3332,3124,1340,1040,640
1,3,2,1,1,43,2,1,15,9,1,71555.6,5326.6668,23985.3332,8168,4264,16640,1312
2,2,1,1,1,31,1,1,15,7,1,47533,2426.6668,3780,1184,1128,8906.6672,600
2,2,2,2,1,35,2,1,13,7,1,42492,1646.6668,12608,1252,1396,5013.3328,244
2,3,2,1,1,42,1,1,15,9,1,70176.2,4160,14594.6668,3188,2456,15898.6672,2266.6668
3,3,1,1,2,61,2,1,15,1,1,1680,5806.6668,4005.3332,2846.6668,1472,9120,360
4,2,2,1,4,30,2,1,15,9,1,92119,3900,17012,4724,3760,9920,732
2,3,2,1,1,33,2,1,14,8,1,57081.8,3657.3332,5977.3332,1600,1376,10346.6672,1656
1,3,2,2,1,52,2,1,15,9,1,71115,5360,3893.3332,832,1021.3332,1440,264
3,3,1,2,1,35,1,1,12,9,1,88556.2,10600,15392,4524,5456,1248,2028
1,2,2,1,1,36,2,1,15,9,1,108966.4,1040,14850.6668,1940,1300,2880,1256
3,3,2,1,1,42,2,1,15,9,1,114844.8,16580,56900,14140,10920,169984,10240
4,3,2,1,4,51,1,1,12,9,1,83758,7176,13884,5625.3332,4532,1840,1464
2,3,2,1,1,36,1,1,13,9,1,110725.8,9960,59228,64684,5688,26000,124
3,3,2,1,4,49,1,1,15,9,1,81201,17460,27080,4520,6116,2880,8788
3,3,2,1,1,47,1,1,15,9,1,162096.2,4160,7184,4788,4720,7200,3416
2,2,2,1,1,38,1,1,14,9,1,150641,6933.3332,21173.3332,3760,3200,36496,4000
3,3,1,1,1,33,2,1,13,6,1,38103,19720,21436,4648,6600,9600,800
4,3,2,1,1,35,2,1,16,9,1,67767,1906.6668,4669.3332,908,820,8026.6672,128
3,3,1,1,4,39,1,1,16,9,1,116536.2,7800,35612,3676,4572,12800,1164
4,3,2,1,4,34,2,1,15,9,1,149419,5200,22370.6668,2289.3332,2084,4800,1948
2,3,2,1,1,38,2,1,15,9,1,161042,3244,30224,1844,1068,5445.3328,732
4,3,2,1,1,54,1,1,15,9,1,161885,8373.3332,34760,4192,5564,4160,23556
1,3,2,1,1,35,1,1,15,9,1,101419,6749.3332,21984,3860,1840,13280,6484
3,2,2,1,1,29,1,1,14,9,1,95264.2,3986.6668,8197.3332,4821.3332,1160,12133.3328,924
3,3,2,1,1,45,1,1,16,9,1,186494.2,2946.6668,10594.6668,110600,1580,1600,1488
2,3,2,1,1,42,1,1,15,9,1,107268,3596,5908,3044,1416,10976,1040
3,3,2,1,1,28,1,1,12,9,1,116841,13506.6668,11560,3424,4240,4800,2216
3,3,1,2,2,40,2,1,13,9,1,70529,2513.3332,1480,1400,1280,16718.4,240
4,3,2,1,4,38,2,1,15,9,1,100807.8,7740,42724,13188,6708,11520,3600
4,3,2,1,1,45,1,1,16,9,1,129656.4,4506.6668,26264,1416,2180,13045.3328,1216
2,3,2,1,1,39,1,1,13,9,1,74313.6,7020,14592,3780,5080,12000,2948
1,3,2,1,4,48,2,1,14,9,1,94968.4,6066.6668,2754.6668,1181.3332,648,1344,160
4,3,2,1,4,32,2,1,15,8,1,57723,3813.3332,9024,3936,2856,10240,1464
1,2,2,1,4,37,2,1,15,9,1,70061,5720,12728,2656,3008,9920,632
4,2,2,1,1,33,2,1,15,9,1,88014.8,10160,29428,4576,4208,28800,1512
2,3,2,1,1,37,2,1,16,9,1,162881.4,6720,10994.6668,1600,1600,7200,400
3,2,1,1,1,31,1,1,13,7,1,46184,2600,5581.3332,973.3332,2260,33221.3328,584
3,2,2,1,1,32,1,1,16,9,1,107223.4,9466.6668,23057.3332,2388,4240,51520,4396
2,2,2,1,1,50,1,1,15,9,1,98061,9706.6668,28620,69021.3332,2720,10986.6672,1128
1,3,2,1,1,46,2,1,15,8,1,64089.4,5546.6668,15056,2000,3000,14186.6672,1880
2,3,1,1,1,35,1,1,16,9,1,92262,10008,25600,8988,5080,15200,3592
4,2,2,1,2,34,1,1,15,9,1,114300,14504,41500,9420,3080,5664,1680
2,2,2,1,1,46,1,1,15,9,1,135768,10053.3332,17360,112820,3552,39360,1720
2,3,2,1,1,37,2,1,14,9,1,137666,6200,16012,3312,3100,2320,1580
2,3,1,1,4,40,1,1,15,9,1,83102.2,16288,47140,3248,2844,480,15512
1,3,2,1,1,53,2,1,16,9,1,157237,4420,13837.6668,1700,1600,9600,480
2,3,2,1,1,46,2,1,15,9,1,155137,29800,32472,15600,3120,25680,5620
4,2,2,1,1,34,2,1,15,9,1,127674.4,10400,25385.3332,2344,1180,12837.3328,2660
2,3,1,1,2,44,1,1,15,8,1,49278,3612,7585.6668,280,2128,2512,200
4,2,2,1,1,29,2,1,15,8,1,65025,3900,5034.6668,425.3332,1336,4188.8,364
2,3,1,1,1,46,2,1,13,7,1,45008.4,2306.6668,4706.6668,2608,480,64,262.6668
3,3,2,1,2,52,1,1,14,9,1,108920,5700,14980,8484,8520,15776,4236
4,2,2,1,1,40,1,1,13,9,1,133934,11513.3332,32345.3332,8504,4764,4213.3328,2676
3,2,2,1,1,33,1,1,13,8,1,59380,3466.6668,11105.3332,1600,1540,1600,312
2,3,2,1,1,34,1,1,13,9,1,70171,7812,20792,7132,4484,18912,2320
3,3,2,1,1,30,2,1,12,8,1,52243,4306.6668,6961.3332,17932,1278.6668,2480,680
3,3,2,1,1,35,1,1,15,9,1,83782,3640,4918.6668,1460,1416,20800,528
1,3,2,2,1,46,1,1,12,9,1,113472,18284,42156,11120,3240,24864,948
1,3,2,1,2,50,1,1,16,9,1,66426.6,20860,17612,14420,4860,60000,1184
1,3,2,1,1,50,1,1,12,9,1,102983.6,2600,5144,826.6668,2044,4005.3328,236
2,3,1,1,4,47,1,1,16,9,1,98804,5848,12816,2388,1724,3392,400
1,2,2,1,2,33,2,1,12,9,1,161322.6,5200,3404,1237.3332,804,1600,884
4,2,2,1,4,36,2,1,13,1,1,2650,5380,22400,1840,4940,23408,1140
2,3,2,2,1,37,2,1,15,7,1,43171.2,3866.6668,2921.3332,736,2128,7312,744
2,2,2,1,4,31,1,1,15,8,1,54464,4389.3332,18069.3332,2820,2152,15040,444
2,3,2,1,1,39,2,1,15,9,1,96548,5706.6668,9902.6668,5838.6668,3808,8085.3328,1536
4,2,2,2,1,27,1,1,12,9,1,95304.8,7280,10724,4640,2960,10800,288
1,3,2,1,2,40,1,1,15,9,1,102467,17786.6668,21491.3332,20506.6668,1840,4000,5816
2,3,2,1,1,38,1,1,16,9,1,136974.6,3228,7717.3332,1734.6668,1976,21466.6672,468
4,3,1,1,1,41,1,1,14,9,1,71095,3740,13496,3672,636,112,1260
1,3,2,2,4,27,2,1,12,5,1,35235,4506.6668,9020,1736,3940,448,564
1,3,2,1,1,41,1,1,15,8,1,61974.8,6314.6668,16530.6668,15208,3680,1045.3328,1600
3,3,2,1,2,41,1,1,13,9,1,72500,8320,4997.3332,2300,4424,720,480
1,5,2,1,4,33,1,1,12,8,1,53508.2,8152,11004,640,1404,20800,776
4,2,2,1,1,33,2,1,13,9,1,126770,12765.3332,19902.6668,7501.3332,4004,13904,4208
3,9,1,1,1,52,2,3,12,5,1,30107,2080,5732,4520,2708,2490.6672,688
2,3,2,1,1,38,1,1,15,9,1,102402.6,14660,33556,17904,5640,42416,7632
3,3,2,1,1,44,2,1,13,9,1,131298.2,5172,12588,880,2500,3680,500
3,3,1,1,1,48,1,1,15,9,1,134598,15066.6668,39605.3332,4276,4320,9600,2332
4,3,2,2,1,33,1,1,13,9,1,79892,10556,20664,4252,3300,14400,2768
1,3,2,1,1,36,1,1,15,9,1,82017.2,11440,44136,6424,12120,3680,3052
2,2,2,1,2,43,2,1,15,9,1,80894,4186.6668,5646.6668,820,2140,8960,888
1,2,2,1,1,38,1,1,16,9,1,121134,11106.6668,16161.3332,5900,2620,20437.3328,4372
2,3,1,1,4,45,1,1,16,9,1,73172.2,3865.3332,12044,600,2200,4640,920
1,3,2,1,1,35,1,1,13,9,1,98196,8840,27424,6080,6296,24352,1796
3,3,2,1,4,30,2,1,11,6,1,36815,2166.6668,2380,1760,980,8560,200
3,2,2,1,1,39,1,1,13,9,1,65022.6,4822.6668,12968,3117.3332,2760,18960,2268
2,2,2,1,1,45,1,1,16,9,1,106396.8,7800,24352,7112,4656,6000,3720
2,3,2,1,1,39,2,1,16,9,1,139194,4613.3332,12357.3332,1938.6668,3324,67552,1628
3,2,1,2,1,35,1,1,13,8,1,49761,1446.6668,4054.6668,2280,960,3200,264
4,3,2,1,1,48,1,1,16,9,1,136152.8,12716,56032,9268,5228,13920,8976
3,3,2,1,4,35,1,1,14,9,1,100426,33040,22824,4460,5356,26480,2128
3,5,2,1,2,42,2,1,16,9,1,199872.6,10060,40356,68364,18504,32320,10428
1,5,2,1,1,37,2,1,14,7,1,44785,3033.3332,14209.3332,2976,2172,2080,1032
1,5,1,1,4,50,1,1,12,8,1,57138,13040,22412,1440,3412,1280,1440
3,7,1,1,1,46,2,2,14,9,1,89998,8276,23800,8740,4672,16800,1320
2,7,1,1,1,43,2,3,16,9,1,88578,2600,9282.6668,480,1172,3840,652
2,6,1,1,1,43,1,3,14,9,1,82407,10140,18412,50652,2904,21760,420
3,6,1,1,1,49,1,3,15,9,1,81491.2,2600,50237.3332,2032,800,27733.3328,1888
3,7,1,1,1,32,2,5,16,8,1,54850,1300,6521.3332,2360,680,2832,984
3,6,1,1,4,33,1,5,15,9,1,64804,9672,33676,3932,2448,24000,2796
2,7,1,1,1,34,2,3,16,9,1,66521,3466.6668,3669.3332,1344,1124,2144,1416
1,7,1,1,1,47,2,3,15,8,1,56914.4,6205.3332,10732,826.6668,3192,8640,1536
1,7,1,1,1,38,2,3,16,9,1,65440,4333.3332,14116,3464,3196,8800,2568
1,6,1,2,1,47,1,3,11,7,1,46702.6,21320,15748,4316,5240,24523.2,2860
2,6,1,2,1,46,1,3,15,8,1,65073.2,8600,13272,23128,3336,50544,2764
3,7,1,1,2,39,2,5,13,5,1,31790,2773.3332,5393.3332,2604,3600,21088,1136
3,7,1,1,4,36,2,5,12,7,1,42298.6,3293.3332,1464,584,1280,5600,340
1,7,1,1,1,34,2,5,14,9,1,67039,4940,26564,4016,6724,6032,1532
3,7,1,1,1,43,2,3,12,9,1,75761,6413.3332,6214.6668,1533.3332,4072,36160,2124
2,7,1,1,1,33,2,4,16,8,1,61474,2426.6668,10900,634.6668,1176,2842.6672,548
3,7,1,1,4,32,2,5,15,5,1,27625,2166.6668,1144,480,760,10400,388
2,7,1,1,4,43,2,5,12,2,1,8896.2,4172,3844,4764,3816,1936,1276
2,7,1,2,2,34,2,5,15,6,1,37439,7524,7410,4300,3440,22528,1704
4,6,1,1,2,52,1,4,15,8,1,45669,13260,32644,17108,7504,46736,7756
1,7,1,1,1,46,2,4,16,9,1,85632,2600,7385.3332,720,1172,8000,264
2,7,1,1,4,29,2,3,13,4,1,22672,1693.3332,6060,3308,600,640,676
3,7,1,1,4,34,2,5,13,6,1,37031,3986.6668,15993.3332,3112,3520,4000,2240
3,7,1,2,1,42,2,3,14,8,1,52109.8,3258.6668,2206.6668,1972,1640,43328,340
3,7,1,1,1,32,2,3,14,3,1,16550,4680,7848,360,2720,960,400
3,7,1,1,4,36,2,3,14,7,1,42278,6688,7400,2500,1800,12160,800
2,7,1,1,1,42,2,3,16,9,1,83880,8140,33072,2816,4856,16640,3420
4,7,1,1,4,37,2,5,12,4,1,24165,5720,15540,1440,960,8016,220
3,7,1,1,2,50,2,3,15,8,1,55497,14040,15612,4268,7192,12800,1680
2,7,1,1,1,27,2,5,13,7,1,39593.2,2773.3332,9753.3332,2142.6668,2024,6272,172
4,6,1,1,4,44,1,3,15,9,1,103501,8473.3332,37064,7990.6668,1400,33600,3400
2,7,1,1,1,46,2,3,15,8,1,48243,2557.3332,4216,208,1444,9680,600
2,7,1,1,2,36,2,3,16,6,1,37437,5693.3332,6930.6668,1889.3332,2524,2912,1712
3,7,1,1,1,40,2,3,16,9,1,73181,1646.6668,10638.6668,3506.6668,3260,2512,804
4,7,1,1,1,39,2,3,15,9,1,81079,15520,20436,3984,6396,19920,5984
2,9,1,1,4,41,2,5,12,4,1,24844,2946.6668,4344,1280,880,2416,520
2,7,1,1,4,35,2,5,12,4,1,24470,6760,6948,240,1548,1440,360
3,7,1,1,4,28,2,5,15,9,1,78415,3640,16484,126160,2116,12960,4148
3,6,1,1,2,47,1,2,15,9,1,94572,6346.6668,9052,2220,2116,4800,2188
1,5,2,2,2,45,2,1,12,9,1,91872.4,12133.3332,3772,4132,3200,4341.3328,1008
3,3,2,1,1,38,2,1,13,9,1,115077,9456,17304,178720,3880,101035.2,3392
4,3,1,1,1,31,1,1,13,8,1,65191,2860,6800,1000,1860,5440,488
4,3,2,1,1,35,1,1,15,9,1,114357,7854.6668,13445.3332,6272,2668,28165.3328,624
4,3,2,1,1,37,1,1,15,9,1,97696.8,2340,7221.3332,1432,1388,1600,320
3,3,2,1,4,33,2,1,15,7,1,46637,3380,13024,5544,4232,15200,384
3,3,2,1,2,44,2,1,11,6,1,43933,12133.3332,16873.3332,5953.3332,3840,12480,453.3332
3,3,2,1,1,32,1,1,12,8,1,61331,3813.3332,6089.3332,4532,3072,12800,880
3,3,2,1,1,42,1,1,15,9,1,108132,12666.6668,12128,6857.3332,5440,240,1560
2,3,1,1,1,28,1,1,14,8,1,62504.8,10380,46420,7180,9552,38400,6868
3,3,2,1,1,39,1,1,15,9,1,82955.2,5146.6668,34833.3332,2266.6668,4280,11200,1020
3,3,1,1,2,37,1,1,11,8,1,61437.8,7001.3332,7850.6668,2384,1364,480,1268
1,3,2,1,1,37,1,1,12,9,1,168964,8546.6668,26533.3332,7253.3332,2880,18133.3328,1288
1,3,2,1,4,32,2,1,15,8,1,52906,5200,14772,2180,4132,9600,612
2,3,2,1,1,37,2,1,16,9,1,175781,14560,49368,8256,5152,42800,4304
1,3,2,1,1,40,2,1,16,9,1,118378,13780,34696,11404,9328,14400,12836
2,3,2,1,1,39,1,1,15,9,1,104346,8806.6668,17696,2473.3332,2444,13680,2416
2,3,2,1,2,47,2,1,15,9,1,65279.4,4506.6668,6657.3332,800,1780,4800,120
1,3,2,1,1,38,2,1,16,9,1,178632,2933.3332,14460,2920,2568,3520,6400
3,3,2,1,1,40,1,1,12,9,1,75103.6,15600,22064,7024,4576,15105.6,1152
3,3,2,1,1,48,1,1,12,9,1,76786,14920,20336,28228,3124,41184,8388
3,3,2,1,1,44,2,1,15,9,1,120364.8,8754.6668,16005.3332,4198.6668,4880,16000,3760
3,2,1,1,1,41,1,1,15,9,1,92241.6,5720,4774.6668,960,2040,8400,312
1,2,2,1,1,37,1,1,16,9,1,115673,6240,60406.6668,4990.6668,3972,9824,1152
4,3,2,1,1,39,2,1,15,9,1,174901.2,5546.6668,31488,117864,3252,11200,2100
1,3,2,1,1,43,2,1,15,9,1,110199.4,2432,7210.6668,3156,2172,5840,856
2,3,2,1,1,39,1,1,14,9,1,111154.4,14736,33364,5276,4000,35600,3684
2,3,2,2,1,38,1,1,12,7,1,46161.2,2600,4029.3332,760,1520,2112,220
3,3,2,1,4,34,1,1,13,8,1,62253.6,6413.3332,11488,7132,3216,5482.6672,448
1,3,2,1,4,40,2,1,12,5,1,36387,9800,24556,12412,3960,960,2400
2,3,2,1,1,33,2,1,13,8,1,62463,11800,19400,4536,8060,28000,2364
2,3,2,1,4,39,2,1,13,8,1,55956.8,2600,7072,5440,1792,3356.8,916
4,3,1,1,1,42,1,1,16,9,1,107774,5373.3332,8973.3332,2700,1484,4800,2084
2,3,2,1,1,47,1,1,16,9,1,180600,15920,32972,7900,2700,12800,7260
3,3,2,1,1,40,2,1,13,9,1,84934.2,6709.3332,15910.6668,15208,4484,2000,5668
3,2,2,1,1,29,2,1,15,9,1,85629,11180,24796,4264,3884,36608,2244
3,3,2,1,4,34,2,1,13,9,1,81852,12400,25308,22732,5908,22080,9740
2,2,2,1,1,33,2,1,15,9,1,74294.6,8620,38681,4600,6876,9360,3268
2,2,2,1,1,34,2,1,15,9,1,217801,3553.3332,16193.6668,4796,1400,3621.3328,1772
2,3,2,1,4,33,2,1,12,8,1,60556,2600,6320,2000,2160,8160,220
4,3,2,1,1,45,1,1,15,9,1,76294.2,7801.3332,9074.6668,2544,1272,3520,192
4,3,2,1,1,34,2,1,14,6,1,44551,4045.3332,8882.6668,2000,2784,31200,7088
3,3,2,1,1,29,2,1,14,9,1,79790,3033.3332,11792,1684,2320,14592,616
4,3,2,1,4,41,2,1,13,9,1,102680.6,8320,17880,3996,3480,23360,3040
4,2,2,1,1,39,2,1,15,9,1,90856,7133.3332,11496,1520,2196,15840,2360
4,2,2,1,1,29,1,1,13,6,1,41386,3744,25164,4264,3952,12784,528
4,3,2,1,1,30,2,1,15,9,1,69299,8600,27976,16544,6248,20288,3348
3,3,2,1,4,32,1,1,12,9,1,69975,13884,19428,2072,3472,6240,4076
1,3,2,1,1,43,2,1,16,9,1,110218,7904,19276,4108,3832,12256,5860
1,3,2,1,2,46,1,1,16,9,1,209247,12608,55681,15772,9604,19600,9244
3,3,2,1,1,54,1,1,15,9,1,114908,9840,33882.6668,76709.3332,6592,8000,1133.3332
2,3,1,1,2,43,2,1,12,6,1,41833,6240,6941.3332,3237.3332,4114.6668,10058.6672,2076
4,9,1,1,4,43,1,3,13,7,1,46192,5200,22536,2952,3640,8096,1548
3,3,2,1,1,38,1,1,16,9,1,80198.2,2773.3332,5708,1013.3332,2364,7040,1324
4,3,2,1,4,27,2,1,13,9,1,77213,7280,24736,4928,4620,12640,3140
4,3,2,1,1,31,1,1,12,8,1,58903,5720,28088,4080,6968,19776,864
1,3,2,1,4,41,1,1,15,9,1,90051,8717.3332,17312,8772,3338.6668,15530.6672,792
4,3,2,1,1,31,2,1,15,8,1,63641,3760,11490.6668,4640,5820,14346.6672,552
3,3,2,1,4,45,1,1,12,6,1,43078,10560,15964,3840,5544,5760,840
2,3,2,1,1,39,2,1,12,6,1,40930.4,1906.6668,2425.3332,2560,1280,5221.3328,200
2,3,2,1,1,37,2,1,14,9,1,71205,6440,25489.3332,2948,4280,832,2684
1,3,1,1,2,41,1,1,13,5,1,31666,8840,4784,2160,1444,288,540
4,3,2,1,1,46,2,1,13,8,1,58640.6,3726.6668,5130.6668,2592,1840,5120,140
2,3,2,1,4,30,2,1,13,7,1,46531,9120,11824,5600,3960,20635.2,3420
4,3,2,1,1,35,1,1,13,8,1,53452.4,7320,13644,4606.6668,2840,25200,1040
3,7,1,1,4,44,2,1,16,5,1,33359,19786.6668,57272,34702.6668,5128,38896,8832
4,7,1,1,4,33,2,3,12,6,1,38779,7660,5448,5296,2328,13088,452
3,6,1,1,4,49,1,3,15,6,1,38778,11960,32544,6840,11160,5424,2172
4,7,1,1,4,35,2,3,12,5,1,31120,13008,14324,5080,3760,5840,4464
3,7,1,1,1,33,2,3,15,9,1,72410,8436,34476,5216,7200,26016,3220
4,9,1,1,1,59,2,3,13,7,1,48391.6,6933.3332,26605.3332,1573.3332,2040,4480,1440
1,7,1,1,1,38,2,3,16,9,1,72963,9672,10190.6668,6600,860,8016,940
4,7,1,2,4,29,2,5,12,4,1,22393.2,6933.3332,3960,960,1000,2560,440
3,4,2,1,1,43,1,1,11,9,1,72447.4,20800,11402.6668,3596,4033.3332,18160,320
3,4,2,1,1,50,2,1,15,9,1,85933,11093.3332,19880,7277.3332,6920,45440,5280
3,9,1,1,4,44,2,3,11,5,1,32287,5200,8888,3308,3400,3648,800
2,7,1,1,4,33,2,3,14,8,1,57991,3026.6668,12104,1806.6668,3824,2080,1560
4,7,1,1,4,39,2,5,14,5,1,32801,3224,13884,5004,752,3776,1212
2,7,1,1,4,43,2,5,13,5,1,28894.6,3796,10132,2292,2856,2944,468
2,5,2,1,1,36,1,1,16,9,1,130625,27040,39180,13620,5772,33067.2,660
2,3,2,1,4,35,2,1,14,8,1,63736,6752,19320,5804,5528,28768,1308
4,3,2,1,4,45,2,1,14,9,1,138797,55064,49700,25960,4436,31344,30360
2,9,1,1,2,31,2,3,12,6,1,41289,3986.6668,3186,1192,1416,2400,356
4,3,2,1,1,33,1,1,15,9,1,93793,8932,18852,9900,2924,16448,8632
3,3,1,1,1,40,1,1,16,9,1,152848,17160,38088,7836,7804,24400,12600
3,3,1,1,1,53,1,1,10,1,1,3870,3293.3332,4669.3332,8240,1616,1802.6672,500
4,3,2,1,1,33,1,1,15,4,1,25802,5293.3332,7082.6668,2024,1760,1600,1576
3,3,1,2,2,33,2,1,13,5,1,28080.6,8060,46776,4032,8256,6187.2,3580
4,3,2,1,4,34,2,1,12,9,1,69120,11240,19988,4372,5608,6240,2056
1,3,2,1,4,34,2,1,13,9,1,69310,8540,17600,7460,4568,19152,15968
1,3,2,1,4,41,1,1,12,6,1,40431,20800,18276,5800,4220,1408,2020
2,3,2,1,1,37,2,1,15,8,1,54174,8320,15624,8140,5704,63136,600
2,3,1,1,1,34,1,1,13,9,1,72623,2993.3332,4504,1840,1360,10458.6672,348
4,3,2,1,4,40,2,1,11,8,1,65565,1733.3332,9344,1936,1324,2192,1240
2,3,2,1,1,38,1,1,15,9,1,102909.4,11672,13780,64208,1880,15104,6024
4,3,1,1,1,35,1,1,16,8,1,54109.8,4324,12112,3528,2600,13920,392
2,9,1,1,1,49,2,5,12,7,1,51427,4080,10526.6668,2070.6668,6728,6880,828
3,9,1,1,4,48,2,4,14,6,1,44908,7400,13694.6668,2580,3484,11680,9640
4,3,2,1,4,30,1,1,12,6,1,42304.2,3900,22260,4100,2880,2880,312
3,3,1,1,1,38,1,1,13,8,1,67038,10204,31792,7628,6532,2720,5788
4,3,1,1,1,39,1,1,16,9,1,105697,13898.6668,21097.3332,2688,3704,4320,5360
3,3,1,1,4,42,1,1,13,8,1,55859,15600,6496,3680,5616,19680,1984
1,3,2,1,4,41,2,1,14,8,1,66296,10320,30540,4344,3720,15616,2088
2,3,1,2,1,32,1,1,10,9,1,73171.8,5200,15464,360,60,2400,160
4,3,2,1,1,36,2,1,16,9,1,175678,12357.3332,26860,5796,4400,29200,1604
2,3,1,2,1,39,1,1,10,6,1,43455,2426.6668,5650.6668,586.6668,396,7120,48
2,4,1,2,1,42,1,1,10,6,1,39812.4,3405.3332,11012,3436,160,640,40
4,4,1,1,4,43,1,1,16,6,0,35066.4,6877.3332,12660,14600,2280,12800,864
1,5,2,1,1,44,1,1,12,9,0,91755.4,5200,11284,5920,3940,3356.8,256
3,5,1,1,2,55,1,1,15,9,0,74115,3120,3458.6668,1068,2184,1998.4,284
1,4,2,1,1,52,2,1,15,9,0,65778,15860,10708,7484,3660,20800,3060
3,5,2,1,2,60,1,1,15,9,0,194875.4,3206.6668,3273.3332,3309.3332,228,26428.8,396
3,4,2,1,2,58,1,1,15,9,0,117465,9360,8972,20708,3716,31264,300
3,4,2,1,1,44,1,1,15,9,0,70813.4,1126.6668,8577.3332,1677.3332,1280,800,1980
1,4,1,1,2,49,2,1,12,5,0,33825,7280,9280,2277.3332,3280,1440,756
3,4,2,1,1,46,1,1,12,9,0,73624,3813.3332,15118.6668,2360,4340,13440,5396
4,1,1,1,1,56,2,1,16,9,0,86279.6,4480,19536,10756,1648,78795.2,4928
3,1,2,1,4,35,2,1,16,7,0,43761,2080,4756,1680,1200,5600,1072
1,1,2,1,1,54,1,1,15,9,0,114441.8,4766.6668,9524,1020,1800,6453.3328,400
3,1,2,1,4,31,1,1,16,8,0,45036,2253.3332,4260,80688,1120,13440,144
3,1,2,1,1,52,1,1,15,9,0,98606.6,17420,36728,20220,10000,48000,2556
2,1,2,1,1,63,1,1,13,9,0,99359.4,9100,32220,20456,5484,16432,12956
4,1,2,1,1,49,1,1,14,9,0,129525,5408,14397.3332,3360,3664,24000,4344
2,1,1,1,2,61,2,1,15,6,0,32734,329.3332,3529.3332,416,2132,2638.4,404
1,1,2,1,1,59,1,1,15,9,0,142574,8173.3332,18365.3332,8938.6668,2508,6805.3328,1408
4,1,1,1,1,54,1,1,12,8,0,59599,6980,16444,8292,4448,6400,2840
2,1,2,1,1,38,2,1,13,8,0,45042,4496,22676,3944,3868,10272,2344
3,1,2,1,2,33,1,1,12,9,0,83150.8,2600,2033.3332,1040,1420,2720,1140
4,1,2,1,2,59,1,1,12,9,0,78068,3466.6668,15121.3332,8076,3656,3760,480
2,1,2,2,2,53,1,1,13,8,0,62909,5200,6004,3632,3952,15200,2480
2,1,2,1,2,62,1,1,12,9,0,74635,3900,16192,2988,3456,59376,1224
4,1,2,1,1,60,2,1,10,6,0,32427.4,4940,9244,4116,3972,6464,540
1,1,2,1,2,37,2,1,13,9,0,111622.6,7760,19448,13840,8600,27200,3420
2,1,2,1,1,34,2,1,14,9,0,81092.2,5514.6668,13456,105020,2112,2634.6672,1208
4,1,2,1,1,28,1,1,15,9,0,73587,1993.3332,5894.6668,2276,1980,5861.3328,952
2,1,2,1,4,27,2,1,15,9,0,72684,1386.6668,5148,588,1000,2560,464
1,1,2,1,1,56,2,1,13,8,0,59063,4160,19512,2256,4816,2400,2228
2,1,2,1,2,64,2,1,12,8,0,57221,6860,12608,3164,5592,63451.2,1624
1,1,2,1,2,64,1,1,16,9,0,83535,6460,20804,3740,4772,22400,2000
3,1,2,1,1,35,1,1,15,9,0,113663,8796,15832,3960,3436,1680,2480
1,1,2,1,1,45,1,1,12,7,0,44290,4420,5321.3332,3640,3232,10576,1836
3,1,2,1,1,60,1,1,13,9,0,121800.2,5400,7864,9008,3920,41728,1032
4,1,2,1,1,33,2,1,16,9,0,146119,1906.6668,7604,906.6668,1524,10592,768
2,1,2,1,1,58,1,1,12,8,0,46564.4,2080,2558.6668,4292,1300,384,408
2,1,2,1,4,29,1,1,15,9,0,65167.2,4420,12564,4616,6408,17920,4944
1,9,1,1,2,59,2,5,15,8,0,48949.2,9100,10636,7888,7256,20635.2,2564
1,1,2,1,1,56,1,1,16,9,0,67638.4,5893.3332,13609.3332,2602.6668,3836,1760,2280
4,9,1,1,2,44,1,5,13,6,0,28900.2,6500,7930,4600,5880,25280,1268
3,9,1,1,2,62,1,5,15,9,0,64256,953.3332,9034.6668,200,1136,3790.4,864
3,1,2,1,1,51,2,1,15,9,0,69529,3293.3332,12493.3332,2986.6668,2176,7680,2084
3,9,1,1,2,53,2,3,16,8,0,54306.2,5940,8080,19960,2600,11275.2,2040
1,1,2,1,1,29,2,1,15,9,0,62654,7472,14316,59396,4868,6048,3764
3,1,2,1,1,39,1,1,15,9,0,101360,10920,39640,9556,4344,31200,1248
4,1,2,1,1,54,1,1,15,9,0,142005.4,3966.6668,7513.3332,3472,2708,7552,6272
3,1,2,1,2,58,1,1,12,8,0,58078,2340,2790.6668,63305.3332,2412,5546.6672,632
4,1,2,1,4,31,2,1,13,9,0,71738,10333.3332,21148,17476,1952,4768,2344
3,1,2,1,2,53,1,1,12,9,0,66619.6,6348,7056,5120,5280,23952,1176
3,1,1,2,2,57,1,1,12,5,0,24796.4,10400,5758,2720,4380,12000,1140
1,1,2,1,1,44,2,1,16,9,0,132173,12037.3332,10541.6668,3680,632,7338.6672,1640
3,1,2,1,1,60,2,1,15,9,0,78350,5564,25548,5528,3324,13856,1520
3,1,2,1,4,49,2,1,12,8,0,52023.4,5720,13800,4072,3880,26832,788
1,1,2,1,1,49,1,1,12,9,0,114448.8,5200,16544,46073.3332,2512,12256,3912
3,1,2,1,1,51,2,1,13,9,0,59964.4,2426.6668,2608.6668,1560,1080,12240,1228
3,1,2,1,2,52,1,1,12,8,0,59895,5460,6920,5120,4840,7680,2660
3,1,2,1,4,31,1,1,15,9,0,64161,6933.3332,3960,868,440,4016,252
4,1,2,1,4,39,2,1,13,9,0,62694,12740,19452,6596,2580,21600,2504
4,1,2,1,1,50,2,1,13,9,0,102885,10920,13648,4256,3672,20640,2736
2,1,2,1,1,50,1,1,16,9,0,115081.2,6852,14433.3332,5168,2916,3941.3328,3088
1,1,1,1,2,59,2,1,14,5,0,27193.8,3120,5042.6668,1596,2722.6668,5884.8,360
3,1,2,1,1,56,1,1,16,9,0,151654,1434.6668,6157.3332,353.3332,980,2240,2060
2,1,2,1,2,54,2,1,12,7,0,43446,10140,4480,984,2508,2736,2160
2,1,2,1,1,36,1,1,15,9,0,121615,7441.3332,44361.3332,10165.3332,992,10933.3328,25760
4,1,2,1,1,44,1,1,16,9,0,78702,4680,12546.6668,1032,4632,5440,660
4,1,2,1,1,48,1,1,16,9,0,124264,6586.6668,26782.6668,4580,2608,4853.3328,1896
2,1,2,1,1,30,1,1,15,9,0,107004.4,7800,11857.3332,1200,2600,11200,712
3,1,2,1,2,57,2,1,16,9,0,183416.6,11125.3332,36572,33436,3560,4144,8580
4,1,2,1,2,55,2,1,12,7,0,40158,5040,5088,3400,3608,5280,1640
3,1,1,1,2,63,1,1,12,8,0,58247.6,2513.3332,3693.3332,2821.3332,1880,8825.0672,140
1,1,2,1,4,31,1,1,15,4,0,18718,5130.6668,27380,1226.6668,1228,800,216
2,1,2,1,1,52,1,1,13,9,0,96900,7733.3332,19758.6668,10024,4228,6448,5276
4,1,2,1,4,30,1,1,16,9,0,94254,10700,24424,11512,1600,4640,3196
3,1,2,1,1,44,1,1,14,9,0,112893,3033.3332,8576,1688,1560,3706.6672,1976
3,1,1,1,1,47,2,1,15,9,0,69113.2,4420,6524,1170.6668,1960,3200,200
1,1,2,1,4,51,1,1,14,8,0,60531,5026.6668,4606.6668,3664,740,4506.6672,580
3,1,2,1,1,58,2,1,12,8,0,50811,6760,6958,2924,2740,23275.2,1036
3,1,2,1,1,59,1,1,12,8,0,56153.6,6240,4916,2200,2612,9738.6672,800
2,1,2,1,1,30,1,1,15,9,0,80400,3900,11628,2660,3128,13280,1240
1,1,2,1,1,63,2,1,15,8,0,52076.4,1877.3332,3981.3332,524,700,1678.4,120
3,1,2,1,1,45,1,1,16,9,0,153073.4,5720,20340,2460,3864,12480,3184
3,1,1,2,2,57,1,1,16,8,0,47151,9100,29918,3784,3916,42411.2,1636
1,1,2,1,2,62,2,1,12,9,0,69822,20800,22500,3920,7200,34080,2240
1,1,2,1,4,51,1,1,12,9,0,70330,8320,12356,9021.3332,2560,18805.3328,1080
3,1,2,1,4,40,2,1,12,5,0,22658,2080,2004,10126.6668,700,11525.3328,260
1,1,2,1,1,30,2,1,15,9,0,106115,1993.3332,10701.3332,3748,1076,1920,540
3,1,2,1,2,64,1,1,14,8,0,51031,4073.3332,2701.3332,480,1888,4800,424
3,1,2,1,2,54,1,1,12,9,0,83541,5893.3332,7294.6668,3444,4308,3552,2740
2,1,2,1,1,33,1,1,15,9,0,98722,4194.6668,6296,712,1024,2896,464
1,1,1,1,1,64,1,1,12,7,0,38660,8400,18368,8272,4380,27600,600
2,1,2,1,1,36,1,1,15,9,0,61890,8060,14064,2152,2648,20688,4320
1,1,2,1,4,60,2,1,12,8,0,50940.8,6240,19024,3456,2272,26064,1472
1,1,2,1,2,54,2,1,16,9,0,141923.6,2837.3332,7949.6668,7924,2480,6400,160
2,1,2,1,1,38,2,1,16,9,0,62900.2,6584,24556,7372,4364,19088,2828
4,9,1,1,4,35,2,5,13,6,0,35028.4,12018.6668,11600,7526.6668,1200,3452.8,4936
2,9,1,1,1,64,2,2,12,8,0,49988,6933.3332,7200,3600,2396,8284.8,1080
4,1,2,1,4,49,1,1,15,9,0,170016,3393.3332,18696,9165.3332,1080,4400,1164
3,1,2,1,1,60,1,1,15,9,0,139575.6,5946.6668,11348,17424,3920,34176,4392
1,1,2,1,1,45,1,1,15,9,0,87802,9440,27768,6064,5980,9360,4660
1,1,2,1,1,34,1,1,16,9,0,127340.6,3726.6668,12745.3332,1108,1180,8666.6672,5160
4,9,1,1,1,64,2,1,15,7,0,39682.6,2166.6668,1372,1100,1012,4000,868
3,1,2,1,4,57,1,1,12,9,0,75717,7002.6668,9960,5386.6668,2268,17312,2180
2,1,1,1,1,59,1,1,13,9,0,68793,5546.6668,14064,2500,2700,17333.3328,1176
3,1,2,2,1,48,2,1,12,9,0,79596,1733.3332,9252,3852,4236,9248,760
4,1,2,1,4,35,1,1,12,7,0,41562.4,1733.3332,4161.3332,1700,228,1109.3328,268
4,9,1,1,4,49,2,3,13,5,0,25635.4,3553.3332,8784,2500,900,8000,320
3,1,2,1,1,57,2,1,13,9,0,97311.4,4160,26529.3332,1840,2484,8666.6672,808
2,1,2,1,1,46,1,1,16,9,0,94544,2993.3332,4770.6668,95193.3332,1244,4506.6672,1464
4,1,2,2,1,60,1,1,14,9,0,91467,2773.3332,8504,2257.3332,3776,2768,3932
3,1,2,1,1,53,1,1,13,9,0,114224.4,3478.6668,8146.6668,480,1412,3680,80
3,1,2,1,1,44,1,1,12,9,0,75913,18200,10112,105572,3796,28800,240
4,9,1,1,2,50,1,3,13,2,0,10052.8,3293.3332,2660,1517.3332,1220,3456,300
1,1,2,1,1,57,1,1,14,9,0,72676,1993.3332,7920,880,716,8213.3328,320
3,1,2,1,1,41,1,1,12,8,0,48552,2166.6668,2701.3332,444,1868,5664,728
2,1,2,1,2,59,1,1,15,9,0,98482,4853.3332,2969.3332,2354.6668,1692,13610.6672,1020
3,1,2,1,1,58,2,1,15,9,0,115292,5720,23148,5272,4660,21360,5120
2,1,2,1,1,31,2,1,15,9,0,80111.4,6180,23036,4392,3200,13440,1896
2,1,2,2,1,48,2,1,14,8,0,53444,4856,9656,5704,4648,47280,2684
3,1,2,1,1,56,2,1,15,9,0,99463,9100,23156,3908,5808,20448,11092
4,1,2,1,1,63,2,1,15,9,0,145032,2946.6668,3150.6668,400,2296,640,196
3,1,1,2,1,62,1,1,11,6,0,33005,2600,7994,780,3684,6331.2,1032
3,1,2,2,2,32,1,1,13,9,0,139402.4,5546.6668,16975.3332,3944,2240,9600,1048
3,1,2,1,1,41,2,1,13,9,0,98686,19500,21204,5372,8740,24000,3480
2,1,2,1,1,60,1,1,14,9,0,115633,7100,14652,4280,3940,7520,1716
4,1,2,1,4,43,2,1,15,9,0,117686,12608,26308,13604,2668,22560,4392
3,1,2,1,1,56,2,1,15,9,0,104994.2,9660,11472,5420,2724,8800,5640
3,1,1,1,4,56,2,1,14,8,0,54796,1820,27096,5300,4992,41792,420
2,1,2,1,1,51,2,1,13,8,0,53901,6760,10228,4552,3628,10720,1272
1,1,2,1,4,42,1,1,16,8,0,52912,3726.6668,9856,3157.3332,1928,3466.6672,820
3,1,1,1,1,57,1,1,16,9,0,118553,5200,18200,1300,3320,20395.2,1660
3,1,1,1,1,50,1,1,13,9,0,62091,3813.3332,12825.3332,3730.6668,6000,8320,288
4,1,1,1,4,62,2,1,12,5,0,26060.2,2080,5488,8408,688,7516.8,832
1,1,2,1,1,55,2,1,12,8,0,50102,7540,21420,9820,4520,18880,1948
3,1,2,1,2,58,1,1,14,7,0,44053,3546.6668,3826.6668,1664,2960,27200,1600
3,1,2,1,1,53,2,1,15,9,0,81237,9360,11244,2632,5096,20400,2456
2,1,2,2,1,49,2,1,12,8,0,62330.8,4680,15084,2736,5352,15440,2644
2,1,2,1,1,38,2,1,13,9,0,86088,2773.3332,2961.3332,46550.6668,1426.6668,1456,388
4,1,2,1,1,53,2,1,16,9,0,174040,1273.3332,13896.6668,3060,1716,1562.6672,856
2,1,1,1,1,57,1,1,12,7,0,44696.8,7280,19928,1008,2924,26556.8,776
2,1,1,1,2,58,2,1,16,9,0,116199,3726.6668,3493.3332,2440,1376,9278.4,560
1,1,2,1,2,64,2,1,16,9,0,84748.2,9628,10332,5256,3364,2768,1524
3,1,2,1,2,57,2,1,13,9,0,141084.4,6760,33396,8360,5584,21120,5792
3,1,2,1,1,64,2,1,16,9,0,115896,2744,26073.6668,2746.6668,2260,9758.4,640
3,1,2,2,2,56,1,1,12,8,0,60207,4610.6668,2977.3332,2472,1701.3332,16640,1732
2,9,1,1,2,30,1,5,16,9,0,111200,10040,38220,222624,4260,16720,4272
3,9,1,1,1,50,1,3,15,9,0,94252,10920,10460,2552,5796,1440,1300
1,1,2,2,1,56,1,1,12,8,0,59175,3420,8336,9644,3680,15744,720
2,1,2,2,2,55,1,1,12,7,0,40420.4,1473.3332,4286.6668,246.6668,1320,10400,280
3,1,1,1,2,59,2,1,13,7,0,43210,3466.6668,2336,3000,936,13490.1328,2128
3,1,2,1,1,52,2,1,16,9,0,139818,5720,7777.3332,11008,3336,9952,1672
1,9,1,1,1,37,1,5,15,9,0,72948,4333.3332,5372,40,944,522.6672,160
1,1,2,1,2,57,2,1,12,9,0,76731.6,5320,6964,3496,4392,24064,1828
1,1,2,1,1,39,1,1,13,8,0,46210,2253.3332,58524,1536,4980,4800,11512
2,1,1,1,1,60,1,1,12,9,0,66963,5200,16708,7900,4560,20640,1920
3,9,1,1,4,59,2,3,15,8,0,48277,5228,5720,1616,1792,27691.2,1640
1,1,2,1,1,50,1,1,12,9,0,67587,2080,20324,9244,4240,12480,2100
2,1,2,1,2,55,2,1,13,9,0,79865,1733.3332,3396,3340,2532,3120,420
4,1,2,1,2,53,2,1,15,9,0,123718.6,15080,6852,2536,4872,8400,680
3,1,1,2,2,59,1,1,15,9,0,64247.6,5096,5582,3452,4132,20016,1680
3,1,2,1,2,52,2,1,14,9,0,94214.6,11080,9377.3332,3304,2896,52682.6672,1736
2,1,2,1,1,51,2,1,14,9,0,162452,5720,20140,13356,4764,13440,2484
2,1,1,1,1,54,1,1,11,8,0,57939,6760,9512,4080,5120,23275.2,2496
1,1,2,1,2,64,1,1,15,9,0,98512,11672,14372,2092,5320,71392,2040
1,1,2,1,1,64,2,1,12,8,0,59080,7540,13540,5556,2092,3200,840
3,1,2,1,1,28,1,1,16,9,0,79870,1560,14204,3768,4200,10560,2640
2,1,2,1,1,46,2,1,15,9,0,167602.6,3900,9773.3332,1300,988,7952,4108
3,1,2,2,2,59,2,1,12,6,0,36119.8,2426.6668,1336.6668,2528,1040,17982.4,160
3,1,2,1,1,58,1,1,12,8,0,44523,3986.6668,14564,3680,3972,10261.3328,872
3,1,1,1,1,36,1,1,15,7,0,45518,11960,14448,3900,2700,20800,2900
1,1,1,1,2,62,1,1,15,7,0,37593,2946.6668,3436,3352,1132,13653.3328,2140
3,9,1,1,1,58,1,5,16,8,0,57431,2253.3332,4817.3332,1964,1936,68494.4,688
4,1,2,1,1,62,1,1,15,9,0,135468.6,13000,33524,9600,5000,880,22400
4,1,2,1,4,31,2,1,16,9,0,98240,12360,34816,6756,4244,3360,4484
1,1,2,1,1,29,1,1,15,9,0,97037,9828,27072,108584,10920,6880,7188
4,1,2,1,1,48,1,1,15,9,0,108580.8,6916,65532,9500,4024,48720,1440
4,1,1,1,1,60,2,1,13,9,0,81606,3466.6668,19797.3332,2820,3812,22172.8,6740
4,1,2,1,1,45,1,1,15,9,0,142002,8564,72544,16324,5464,23344,4280
3,1,2,1,2,48,2,1,12,9,0,61289,3380,633.3332,5552,600,75818.6672,1600
2,1,2,2,1,56,1,1,12,9,0,92724,2080,8730.6668,1092,2428,16362.6672,3160
4,1,1,1,1,56,1,1,15,9,0,186331.8,10400,33676,3184,6780,10336,2952
3,1,2,1,1,56,1,1,13,9,0,110172,1993.3332,12394.6668,1788,2192,6400,1176
2,1,2,1,1,58,1,1,13,8,0,57357,1040,11900,3460,4664,10176,528
3,1,2,1,1,32,2,1,15,9,0,71890,3293.3332,10892,760,2616,9600,1048
4,1,2,1,1,57,1,1,15,9,0,117655.8,4981.3332,24720,5440,5896,9600,1792
3,1,2,1,1,55,2,1,14,9,0,156682,6680,29872,10084,1984,30133.3328,1908
4,1,1,2,1,64,2,1,15,6,0,38402,2966.6668,12253.3332,4700,1560,5678.4,1008
3,1,2,1,2,58,1,1,16,9,0,110108.4,5694.6668,9173.3332,6428,3268,14016,4988
3,1,2,1,4,50,1,1,13,8,0,60753,3120,9500,1528,2300,7840,1168
4,9,1,1,2,62,2,2,16,5,0,31320,20120,18220,7412,4288,54912,7148
4,1,2,1,2,54,2,1,15,9,0,110129,9533.3332,22556,4922.6668,5856,15296,4228
2,1,2,1,1,51,2,1,15,9,0,125609,9040,9616,10636,2288,26480,588
2,1,2,1,4,55,2,1,12,8,0,47035.6,2600,4256,736,1444,6933.3328,224
4,1,2,1,4,42,2,1,13,8,0,54777,6292,16892,9588,3576,77200,3308
3,1,2,1,4,29,2,1,15,9,0,120712,7720,18356,6952,2428,2768,2636
2,1,2,1,4,29,1,1,15,9,0,93574.6,2773.3332,8548,812,880,4693.3328,2132
4,1,2,1,1,57,1,1,13,9,0,108058,3120,18205.3332,2240,1824,9600,3120
2,1,2,2,2,56,2,1,11,7,0,42593.6,5320,6580,2400,2580,38475.2,2556
3,9,1,1,4,49,2,3,13,8,0,52461.8,2340,12496,4024,5392,3856,1188
4,1,1,1,1,42,1,1,14,9,0,105597,2820,12945.6668,300,1744,27360,1880
3,1,2,1,1,51,1,1,15,9,0,121701,2080,18864,4636,5220,14256,1560
1,1,2,1,4,34,2,1,15,7,0,42041,4333.3332,11468,3960,1484,8762.6672,8072
3,1,2,1,2,52,2,1,15,7,0,42523.2,8138.6668,7925.3332,4808,2932,7408,3048
3,1,2,1,4,32,2,1,16,9,0,149656.4,7973.3332,17636,7624,2336,1226.6672,1948
3,9,1,1,4,49,2,3,12,7,0,42786,866.6668,4236,324,1704,2158.4,160
3,1,2,1,4,34,1,1,16,7,0,45150,6856,17220,5216,1440,1040,2392
3,1,2,1,1,34,1,1,13,9,0,86994,2773.3332,10790.6668,7465.3332,3440,33600,160
3,1,2,1,1,51,2,1,16,9,0,100372.4,3248,4867.3332,5708,3012,7776,996
3,1,2,1,2,62,2,1,13,8,0,46700.8,5941.3332,3776,1168,1776,10496,992
2,1,2,1,1,62,1,1,12,9,0,98329,1473.3332,4058.6668,1933.3332,1180,1678.4,360
3,1,2,1,1,35,1,1,13,9,0,89050,3986.6668,6936,2288,1596,9600,556
1,1,2,1,4,48,1,1,11,8,0,45324,2864,8400,400,200,14400,200
3,1,2,2,1,62,1,1,15,9,0,170356.2,7280,8212,5728,3180,3200,1136
2,1,2,1,1,63,1,1,16,9,0,111010.6,4680,15384,3168,5836,256,788
3,1,2,1,2,62,1,1,12,7,0,45009.2,4160,21476,900,4788,67200,840
2,1,2,2,4,53,2,1,11,8,0,53496,5720,12372,11064,3608,9552,2400
2,1,2,1,2,54,2,1,14,9,0,66318,4681.3332,4962.6668,2040,2372,11072,724
3,1,2,1,1,62,2,1,13,9,0,60121,8860,20352,13768,5028,37755.2,4736
3,1,2,1,1,62,1,1,13,9,0,75569,2773.3332,11508,2340,2204,58608,4124
2,9,1,1,1,62,2,5,13,5,0,29742.6,1040,2394.6668,320,1432,1918.4,136
4,1,2,2,1,51,1,1,12,8,0,52263,1386.6668,6272,133548,1560,3856,304
3,1,1,1,2,57,1,1,16,7,0,37795,8580,10432,2160,4284,16800,2572
1,1,2,1,1,55,2,1,15,9,0,134069,10520,36384,8540,8040,22560,1500
4,1,2,1,4,43,2,1,15,9,0,88854.6,13512,30336,7144,2520,11936,5368
2,1,2,1,4,31,2,1,14,9,0,71778.4,2253.3332,9080,1820,1480,61013.3328,160
2,1,1,1,1,58,1,1,16,9,0,85115,4240,20760,1928,5200,2496,1944
3,1,1,1,2,47,1,1,11,6,0,31344,2080,2064.6668,1724,1588,5838.4,216
1,1,2,1,2,60,1,1,16,9,0,213318,8666.6668,34875.3332,1928,4360,20000,980
2,1,1,1,2,60,2,1,12,8,0,57134,6200,21548,1284,4760,52539.2,2272
2,1,2,1,1,44,1,1,14,9,0,126116,15600,18548,15128,4008,15600,10900
3,1,2,1,1,35,1,1,15,9,0,114482,3033.3332,6322.6668,513.3332,1000,1040,880
2,1,2,1,1,56,1,1,15,9,0,159882,4888,9741.3332,862.6668,1800,8544,2960
2,9,1,1,1,59,2,3,15,9,0,91887,7676,12124,3396,3492,61168,976
3,1,2,1,4,31,2,1,16,8,0,48668,3480,13160,7165.3332,2840,20416,1240
2,1,2,1,2,59,2,1,15,9,0,92484,3281.3332,3801.3332,684,1960,5338.6672,1060
3,1,2,2,1,50,1,1,12,9,0,92970,8012,25200,6520,4332,16720,9768
4,1,2,1,1,61,1,1,12,9,0,88668,4333.3332,2822.6668,616,1416,800,160
3,1,2,2,2,46,2,1,15,9,0,111929,3293.3332,2361.3332,1864,1828,7040,1184
2,1,2,1,1,28,2,1,15,9,0,77460,6760,22136,5468,2964,13920,416
3,1,2,1,2,57,1,1,13,9,0,112588.4,4506.6668,2716,760,1456,15253.3328,180
3,1,2,2,2,46,2,1,12,6,0,35373.6,2228,6176,2752,2412,21760,1512
2,1,2,1,1,31,1,1,15,9,0,83425.8,13936,26344,13760,4140,25760,6696
3,1,1,1,1,56,1,1,12,1,0,4800,1820,3135.3332,4488,1696,3882.6672,364
1,1,2,1,1,33,2,1,15,9,0,103032,1386.6668,8544,888,1776,9733.3328,624
1,1,2,1,1,63,2,1,13,9,0,85410.4,1872,4297.3332,3846.6668,1092,5466.6672,680
2,1,2,1,2,51,2,1,16,8,0,56418.4,5200,4564,1080,2800,17493.3328,732
1,1,1,1,1,59,1,1,15,9,0,87005.4,4160,11520,1020,2132,10666.6672,1120
3,1,2,1,2,63,2,1,14,7,0,42895,5980,10156,1708,5956,22400,168
3,1,2,2,1,47,2,1,14,9,0,67354,5720,10136,2132,6780,17200,2032
2,1,2,1,2,61,1,1,12,9,0,81454.8,5893.3332,8710.6668,2536,2576,8160,7788
2,1,2,2,1,30,2,1,15,9,0,86315,5960,8876,3440,3780,256,1260
1,9,1,1,2,31,1,5,13,9,0,69136.6,2946.6668,5489.3332,830.6668,1876,2222.4,200
1,1,2,1,2,59,1,1,13,9,0,85329,10560,39284,3540,7944,8800,3636
3,1,2,1,2,44,2,1,12,8,0,59501.2,2149.3332,2782,1604,1100,3952,2440
3,1,2,1,4,42,1,1,12,7,0,44995,4940,15928,5400,4756,25680,1112
4,9,1,1,4,52,2,3,13,8,0,52240,2080,5029.3332,19629.3332,1092,1678.4,232
4,1,2,1,1,29,1,1,14,9,0,90238.8,5720,6825.3332,1134.6668,1880,2240,3880
4,9,1,1,1,58,2,3,16,8,0,54138.2,7216,71316,3756,9416,33990.4,1416
1,1,2,2,1,55,2,1,13,9,0,136429,3880,20706,6768,5616,25632,2920
3,1,2,1,1,64,2,1,12,9,0,68648,5200,8993.3332,1208,2592,3200,560
4,1,2,1,1,57,1,1,12,9,0,94204.8,6292,18632,3080,2244,20208,1336
1,1,2,2,2,46,2,1,15,9,0,89066.8,6360,11680,10416,3944,91200,2064
3,1,1,1,4,35,1,1,16,9,0,74726,7280,24604,560,3576,160,2684
3,1,2,1,1,64,2,1,14,9,0,101064,1413.3332,3261.3332,1033.3332,968,400,432
1,1,2,1,1,54,1,1,14,9,0,103253,6933.3332,6682.6668,4497.3332,3164,20554.6672,2488
2,1,2,1,1,63,2,1,15,9,0,70233,1473.3332,4208,968,1236,10462.4,320
2,1,2,1,1,61,2,1,12,9,0,75522,12480,15752,6568,5424,23312,3744
3,1,1,1,1,61,1,1,12,8,0,45193,14040,19984,7984,4044,73248,1080
1,1,2,2,2,60,2,1,12,8,0,60961,3986.6668,11362.6668,1200,2448,8000,640
1,1,1,1,2,64,2,1,12,9,0,64690.8,5546.6668,12064,1693.3332,2520,2720,936
2,1,2,1,1,60,2,1,12,9,0,82774,3293.3332,3656,1520,1840,31728,272
2,1,1,1,2,63,2,1,13,9,0,74338,2160,5494.6668,736,1208,5033.0672,1784
2,1,2,1,1,62,1,1,13,9,0,79504.2,3033.3332,4148,504,1080,3813.3328,800
2,1,2,1,4,57,1,1,13,8,0,46988.4,5720,12460,3672,5740,58720,1456
1,9,1,1,4,44,1,4,12,5,0,22949,1126.6668,3984,464,640,2638.4,180
2,1,1,1,1,42,1,1,12,8,0,48219.2,3813.3332,21472,2706.6668,4896,25536,5340
4,1,2,1,2,58,1,1,15,9,0,129278.2,3660,5173.3332,1360,1840,7280,160
3,1,1,1,2,59,2,1,12,5,0,20858,953.3332,1140,320,980,1909.3328,264
2,1,2,1,2,58,2,1,11,9,0,89211.2,5720,8044,2557.3332,2604,5760,4932
2,1,2,1,1,57,1,1,12,9,0,95321.6,9400,26264,12864,3884,1040,1080
4,1,2,1,1,56,1,1,16,9,0,70306,5093.3332,10848,1665.3332,1264,6160,332
3,1,1,1,1,61,2,1,12,9,0,62969.8,5720,16260,3336,3852,15307.2,2840
4,1,1,1,4,50,1,1,15,9,0,63620,2013.3332,6220,9950.6668,1608,12624,984
3,1,2,1,2,57,1,1,15,9,0,112118,11860,30304,10640,2596,51664,3176
2,9,1,1,4,58,2,5,15,8,0,50942,9464,23956,3920,3436,21979.2,2664
3,1,1,1,2,32,1,1,15,9,0,99326,10400,11400,1980,5040,8848,8400
3,1,2,1,1,60,2,1,13,9,0,74353,5141.3332,6265.3332,26172,3388,6976,84
3,1,2,1,1,61,1,1,13,9,0,89942,8320,13944,8300,4684,61504,892
1,9,1,1,4,46,2,5,13,8,0,46206,9360,18324,5000,3440,8320,1604
3,1,2,1,1,52,1,1,15,9,0,86866,5720,8126.6668,1128,2600,11840,3124
4,1,2,1,4,57,2,1,12,9,0,78158.8,7540,29236,4136,3124,38400,800
4,1,2,1,1,63,1,1,13,8,0,56399,8580,15804,3000,3592,41760,984
1,1,2,1,4,35,2,1,15,9,0,100062.8,10480,7168,2680,2904,2880,4136
1,1,2,1,4,31,1,1,15,8,0,45435,9920,21744,3904,2460,4160,280
2,1,2,2,2,59,1,1,10,8,0,49498.8,4408,16700,3720,3732,13440,1320
1,1,1,1,1,59,2,1,13,7,0,45902.8,7280,9709.3332,6604,4088,4320,1872
2,1,2,1,4,60,2,1,15,9,0,126301,7280,31124,3566.6668,2576,19196.8,1260
4,1,2,1,1,47,1,1,15,9,0,94469.4,7021.3332,23026.6668,1148,1380,6400,880
3,1,2,1,2,39,1,1,14,8,0,47525.6,3900,5660,5204,3280,15600,1536
1,1,1,1,2,55,1,1,13,9,0,77156.2,11180,12008,4860,4868,7360,500
4,1,2,1,2,52,2,1,12,7,0,37506,8476,8184,3808,3444,12288,10472
4,1,2,1,1,57,2,1,15,9,0,131951,10068,59384,7516,2892,43019.2,4868
3,1,2,1,1,28,1,1,16,9,0,82163,11000,14756,4956,3244,13728,3092
2,9,1,1,4,53,2,3,15,6,0,36386.6,1352,5094.6668,1202.6668,1004,11824,752
3,1,2,1,1,33,1,1,16,9,0,65422,3726.6668,4889.3332,2733.3332,1008,5189.3328,340
1,9,1,1,2,60,2,5,12,5,0,24499.6,2928,6080,2000,4480,2240,1760
2,1,2,1,1,36,1,1,12,9,0,184803,11232,24400,2504,2388,42176,3188
3,1,2,1,1,31,2,1,16,9,0,140933.8,4506.6668,3316,2245.3332,840,1312,540
4,9,1,1,1,35,1,5,14,9,0,67518.2,2166.6668,2489.3332,5029.3332,980,12782.4,4320
4,9,1,1,1,56,2,3,15,8,0,54265.8,5000,11372,3856,4872,10080,6348
4,1,2,1,1,47,2,1,15,9,0,87354.8,8666.6668,13636,7820,2400,2240,880
4,1,2,1,1,50,2,1,15,9,0,121917,9360,13140,8000,4820,21216,660
3,1,2,1,1,52,2,1,15,9,0,83835,2613.3332,7600,4688,2724,11392,1192
4,1,2,1,1,41,1,1,12,8,0,60748.4,7124,30524,2680,1668,480,1136
1,1,2,1,4,33,2,1,15,8,0,59708,1560,4788,360,788,3866.6672,560
3,9,1,1,4,51,1,3,13,5,0,28140.4,5680,16736,3788,3300,6480,1640
3,1,2,1,1,50,2,1,14,9,0,79909.6,5133.3332,11370.6668,1536,3184,15402.6672,1840
2,1,2,1,1,31,1,1,14,9,0,68899,2773.3332,4400,496,1320,4090.6672,388
4,1,2,1,1,56,1,1,14,9,0,121815,3120,4684,813.3332,2208,17472,2560
1,9,1,1,2,46,2,3,12,8,0,48909,2166.6668,13104,250.6668,1536,1920,320
2,1,2,1,1,53,2,1,16,9,0,136124.4,4153.3332,30252,2020,4028,10640,1360
4,1,2,1,2,35,2,1,16,9,0,138397,7106.6668,25553.3332,6053.3332,5056,15520,13520
4,1,2,1,2,64,2,1,14,9,0,84386,2860,2534.6668,981.3332,1628,1678.4,1032
4,1,2,1,4,58,2,1,13,8,0,59182,2773.3332,13824,5200,1744,12512,2000
3,1,2,1,1,54,2,1,12,9,0,63265,7280,15110.6668,2544,4828,13866.6672,752
3,1,2,1,4,33,2,1,15,9,0,73720,5304,15240,1200,2040,1200,200
2,1,2,1,1,48,2,1,16,9,0,124633.8,7040,19440,12668,3628,6240,4016
3,1,2,1,1,58,1,1,14,9,0,144973,4766.6668,17478.6668,1490.6668,1400,2080,720
4,1,2,1,1,52,1,1,12,9,0,136059.4,7696,47896,8792,5984,53456,4176
4,9,1,1,4,62,2,3,15,6,0,32042.2,3900,24024,2696,5400,19200,1476
1,1,2,1,1,56,1,1,12,9,0,85330,2080,4680,2069.3332,1688,6960,640
2,1,2,1,1,62,1,1,16,9,0,113215,3986.6668,18970.6668,7556,2840,14378.6672,3760
2,1,2,1,4,30,1,1,15,9,0,80895,953.3332,6140,1553.3332,1300,4528,1756
4,1,2,1,1,56,2,1,13,9,0,85592,4940,7477.3332,344,2856,5166.4,544
2,1,2,1,4,59,2,1,15,7,0,38522,1646.6668,3180,836,580,4373.3328,600
1,1,2,1,2,56,1,1,15,9,0,64255.2,6586.6668,5985.3332,4357.3332,3448,8000,1004
4,1,2,1,2,58,1,1,12,9,0,71803,2506.6668,7249.3332,2688,3824,1968,720
2,1,1,2,1,47,2,1,12,7,0,45978.4,3160,5490,3884,1620,15115.2,1012
3,1,2,1,2,49,1,1,15,9,0,98057.4,3980,3140,616,1340,35072,920
2,1,2,1,4,27,1,1,15,9,0,83271.2,5070.6668,13725.3332,7961.3332,1208,6400,2948
4,1,2,1,1,46,2,1,13,9,0,82383,5720,15340,4376,5828,20880,2668
2,1,2,1,4,34,1,1,15,9,0,98476,3813.3332,7808,754.6668,980,4160,380
3,1,2,1,2,54,2,1,15,8,0,49596.6,10400,4800,4344,3340,24000,1200
1,1,1,1,2,62,2,1,11,8,0,56416.6,3900,2546.6668,2792,1480,9744,900
3,1,2,1,1,56,1,1,16,9,0,185204.8,6760,18937.3332,1936,4880,26880,1292
3,1,2,1,1,63,2,1,14,9,0,118644,5893.3332,27704,1200,2172,5504,12080
1,1,2,1,1,60,2,1,14,9,0,72962,7093.3332,11612,10328,3624,65520,3944
1,1,2,1,1,57,2,1,16,9,0,169979,3570.6668,11703,1536,2316,11200,1044
3,1,2,1,1,47,2,1,12,9,0,84370.2,13013.3332,24757.3332,2440,3452,20352,1700
1,1,2,1,1,58,2,1,15,9,0,92747.4,7402.6668,17101.3332,2220,5024,28704,1052
3,1,2,1,1,64,2,1,12,7,0,45363.2,3466.6668,14110.6668,3144,2136,8460.8,680
1,1,2,1,2,51,2,1,16,9,0,148549,3293.3332,9212,15048,2560,11680,468
3,1,2,1,2,63,2,1,15,9,0,88898.8,9285.3332,4493.3332,616,2640,6720,1128
2,1,2,1,2,64,1,1,15,8,0,51025.4,2293.3332,4396,200,1760,2080,264
2,1,2,1,4,52,2,1,15,8,0,59535.4,1646.6668,5780,2744,1340,7520,460
2,1,1,1,2,63,1,1,15,9,0,127248,4333.3332,5870.6668,2720,2140,22400,536
4,1,2,1,1,62,1,1,12,9,0,65913,3293.3332,6230.6668,386.6668,676,14912,1396
3,1,2,1,2,63,2,1,13,8,0,52535.8,33800,18948,5200,6228,32443.2,2276
3,9,1,1,4,50,2,3,11,6,0,29640,4397.3332,6168,480,1488,8348.8,832
4,1,2,1,4,30,1,1,16,9,0,89177,1993.3332,6168,4042.6668,1200,3813.3328,336
1,1,2,1,1,59,2,1,13,9,0,140516,5593.3332,6390.6668,1648,2240,5098.6672,640
2,1,2,1,2,56,2,1,15,9,0,66946.6,10820,20716,11264,2904,2880,2832
3,9,1,1,2,58,1,5,12,4,0,18744,866.6668,1528,512,1388,3086.4,260
1,1,2,1,1,29,2,1,15,9,0,69268.6,6476,19804,6948,1856,5184,1604
4,9,1,1,1,60,1,3,13,8,0,51794,1612,8770.6668,3024,1964,752,1336
3,1,1,1,2,59,1,1,13,7,0,43263,4090.6668,5981.3332,1280,3808,3804.8,1696
1,1,2,1,1,36,1,1,15,9,0,96926.8,6240,7844,3706.6668,3696,14880,844
1,9,1,1,1,49,2,3,15,9,0,101840,1820,6158.6668,2600,1240,9838.4,516
3,1,2,1,1,63,1,1,14,8,0,48957,1386.6668,3160,3969.3332,1544,13360,2412
3,1,2,1,1,47,2,1,13,9,0,158272,2513.3332,5380,1240,2140,12800,600
2,1,2,1,1,55,1,1,15,9,0,70907,3120,11556,2724,5076,39670.4,1536
4,1,2,1,2,62,2,1,14,9,0,102629,6240,11673.3332,9800,2048,8400,2400
3,1,2,1,1,31,1,1,14,9,0,123031,2773.3332,5081.3332,5485.3332,1360,4800,589.3332
2,1,2,1,1,42,2,1,15,9,0,176739,8146.6668,27436,8830.6668,2312,22080,3220
1,1,2,1,4,48,1,1,12,8,0,53124,14300,16376,8892,3032,2112,912
4,1,2,1,2,51,2,1,12,7,0,37687,1213.3332,6489.3332,2124,1280,28624,288
2,1,2,1,1,60,1,1,16,9,0,136997,14340,29680,18940,7692,23360,7372
3,1,1,1,4,64,1,1,16,2,0,5842,3986.6668,9576,520,1296,5760,1320
4,1,2,2,2,59,2,1,15,1,0,3951,2426.6668,2842.6668,3144,1280,22400,1410.6668
3,1,2,1,1,60,2,1,16,9,0,126693.8,5200,3731.3332,744,2040,800,4680
2,1,2,1,2,56,2,1,16,9,0,105539,18464,34444,18716,3816,171744,30112
4,1,2,1,4,49,2,1,13,9,0,66772,2080,5084,744,964,3728,340
2,1,2,1,2,32,1,1,16,9,0,80368,3900,9540,1606.6668,1136,3264,1332
2,1,1,1,2,62,1,1,13,9,0,72322.2,1941.3332,4237.3332,600,1984,7018.6672,560
4,9,1,1,1,53,2,3,15,9,0,72078.6,3070.6668,3608,163161.3332,1828,5045.3328,1900
3,1,2,1,1,58,1,1,15,8,0,51977,7626.6668,3532,3100,1200,16000,568
3,1,2,1,1,55,1,1,13,9,0,77779,2601.3332,1906,1800,1220,1344,2400
3,1,2,1,2,62,1,1,12,5,0,26506,2773.3332,2865.3332,2472,2032,10592,424
2,1,2,1,1,54,2,1,14,8,0,48547.4,8320,21648,2420,7132,14672,3320
4,1,1,1,4,31,1,1,15,8,0,49026,7620,21160,12488,1740,5760,2120
4,1,2,1,4,59,2,1,14,9,0,115868.2,3640,20772,14440,1560,38784,512
3,1,2,1,1,56,1,1,12,9,0,112359,1386.6668,4272,816,1540,8000,1280
3,1,1,1,1,57,2,1,16,9,0,86670,4160,10668,3960,6720,19915.2,480
4,1,2,1,1,54,2,1,14,9,0,77395.6,5728,20344,5068,6328,15946.6672,1044
2,1,1,1,1,57,2,1,12,8,0,55148,2253.3332,4510.6668,1960,1272,10078.4,4732
3,1,2,1,4,37,1,1,15,9,0,91550.2,7900,38124,11596,680,25696,524
1,1,2,1,4,41,2,1,13,8,0,54592,4420,16612,13900,2980,10880,6120
2,1,2,1,1,34,1,1,15,9,0,200592,3206.6668,12562.6668,1278.6668,1120,4266.6672,336
4,1,2,2,2,58,2,1,14,8,0,61145.8,4940,3836,360,1584,52832,1008
3,1,2,1,2,60,2,1,12,9,0,71025.4,10140,7336,5284,4092,9984,532
4,1,2,1,1,53,1,1,12,9,0,85500.6,6053.3332,20278.6668,4948,2388,1120,1824
2,1,2,1,1,62,1,1,12,9,0,69446,4506.6668,7494.6668,1013.3332,2812,11029.3328,432
3,1,2,1,1,50,1,1,12,9,0,69409.2,4194.6668,12728,3412,2792,22400,816
3,1,2,1,1,45,1,1,14,9,0,87842,10400,7450.6668,3360,2900,22400,2828
4,1,1,1,4,40,1,1,13,9,0,69139.8,1733.3332,14392,748,1320,16640,904
1,1,2,1,2,60,1,1,13,9,0,79886,5420,15640,5228,3596,59792,1024
3,1,2,1,1,63,2,1,16,9,0,77585,6240,27658.6668,1962.6668,3568,43264,1716
4,1,2,1,1,61,2,1,15,9,0,92856.8,5200,4568,2080,2400,16416,320
1,1,2,1,1,55,2,1,13,9,0,133302,8926.6668,22389.3332,8134.6668,5408,20448,1000
4,1,2,1,1,56,1,1,16,9,0,112059,4853.3332,6274.6668,2896,3320,800,1680
3,1,1,1,2,64,1,1,15,6,0,32703,780,2156,532,1596,4800,1360
3,1,2,1,1,59,2,1,16,9,0,136410,15156,41907.3332,21488,5100,4000,2760
3,9,1,1,1,52,2,3,14,9,0,75384,3973.3332,60196,3400,1608,16764.8,3280
3,1,2,1,1,53,1,1,12,8,0,53939,1126.6668,4222.6668,604,1420,3760,208
4,1,1,2,4,54,2,1,13,5,0,24400,8320,14340,3688,4032,21291.2,240
3,1,2,1,1,50,2,1,13,8,0,49575,1906.6668,4942,960,1816,4160,2392
1,1,2,1,1,59,1,1,12,9,0,128576.8,8840,22996,7396,5836,21504,3800
2,1,2,1,1,64,1,1,15,9,0,73514.4,4333.3332,8742.6668,1940,1768,60048,992
3,9,1,1,1,56,1,3,13,8,0,54982,4056,5554.6668,2593.3332,2440,6864,240
3,1,2,1,1,53,1,1,13,9,0,95342,7800,4628,3992,2364,8069.3328,2452
3,1,1,2,1,52,2,1,12,6,0,38133.6,780,2890.6668,180,1776,21102.4,180
1,1,2,1,2,61,1,1,15,9,0,104422.4,9776,49912,9564,5988,25760,1200
1,9,1,1,1,54,2,3,12,8,0,51481.6,4724,25852,1200,9560,22000,916
2,1,2,1,1,62,1,1,14,8,0,49537,4040,9718.6668,8268,4000,12924.8,1748
3,1,1,2,1,49,1,1,12,9,0,81943,13000,9022,8240,3096,18555.2,1008
2,1,2,1,4,45,1,1,13,9,0,197254.2,7053.3332,6638.6668,9557.3332,928,15360,100
4,1,2,1,1,29,1,1,15,9,0,169021,2860,27137.3332,2020,620,3813.3328,2928
4,1,2,1,4,59,2,1,13,8,0,51485.6,5720,24936,2212,6816,22080,4980
4,1,2,1,4,39,2,1,15,8,0,59319,3589.3332,6668,1036,1152,12832,372
1,1,2,1,4,55,1,1,13,6,0,31548.6,2080,16860,11804,5564,3248,640
1,1,1,1,4,55,2,1,16,8,0,52956,6240,9952,1080,1952,24474.6672,80
3,1,2,1,2,49,2,1,16,9,0,136838,10560,12853.3332,41717.3332,3200,39146.6672,1480
4,1,2,1,1,59,2,1,15,9,0,138859.4,3293.3332,8108,508,1464,17264,2512
2,1,2,1,1,55,1,1,15,9,0,66096,9360,17328,3600,6008,14400,1408
3,1,2,1,1,54,2,1,13,9,0,77420.8,8592,17496,3180,2392,54779.2,940
1,1,2,1,1,38,2,1,16,9,0,100958.2,4266.6668,9365.3332,10502.6668,2124,8213.3328,1688
3,1,2,1,1,53,2,1,15,9,0,215411,18620,45440,6156,9732,34208,4808
1,1,2,1,1,37,2,1,16,9,0,90972,5200,36928,6888,6324,15200,9244
4,9,1,1,1,64,2,2,14,6,0,35753.8,3553.3332,5274.6668,140,1888,30656,1656
2,1,2,2,2,52,2,1,12,9,0,72645,10400,10420,4856,5144,9984,7184
3,1,2,1,1,33,2,1,15,9,0,83509,4680,6417.3332,3288,2436,12949.3328,288
2,1,2,1,1,62,2,1,15,7,0,40918,2686.6668,11113.6668,113100,1404,2816,188
1,1,2,2,2,62,1,1,12,9,0,65093,3466.6668,4209.3332,1512,2376,7349.3328,1640
1,1,2,1,1,38,1,1,15,9,0,127899,6120,27864,10072,4380,32000,900
2,1,2,1,1,54,1,1,15,9,0,159427,5905.3332,35233.3332,1976,2936,11936,4244
2,1,2,1,1,29,1,1,15,9,0,92031,4333.3332,8981.3332,480,1632,11840,1732
3,1,2,1,4,35,1,1,15,9,0,68970,3206.6668,9020,333.3332,1440,5520,1148
3,1,2,1,1,49,2,1,12,8,0,53207.2,8592,11600,1480,3120,11616,3172
4,5,2,1,4,27,2,1,11,9,0,78407,19760,24248,15992,3120,9120,1608
2,5,2,1,1,59,1,1,15,9,0,88971,5912,16400,2904,4144,21959.4672,1980
4,4,2,1,1,46,2,1,12,9,0,115682.2,4853.3332,15244,2208,2116,5376,400
3,5,1,1,2,49,2,1,13,1,0,2824,2253.3332,4368,426.6668,3524,3356.8,240
4,5,2,1,1,34,2,1,15,9,0,83495.4,12133.3332,20952,1726.6668,456,6713.6,896
3,4,2,1,2,51,1,1,13,9,0,126363.6,7020,5924,3856,5564,24000,828
3,5,2,1,1,33,2,1,13,9,0,106685,3466.6668,8902.6668,1632,1900,8595.7328,784
3,5,2,1,1,50,1,1,12,9,0,97729,13866.6668,8612,5156,4800,13799.4672,1464
4,4,1,1,2,55,2,1,12,7,0,46478,7280,8461.3332,3340,3748,5200,80
2,5,2,1,4,35,2,1,16,9,0,76949,4160,18516,5588,2200,184592,304
1,4,2,1,2,62,1,1,10,7,0,40409.8,9013.3332,6276,4873.3332,5076,3356.8,480
1,4,2,1,2,58,2,1,14,8,0,63067,2426.6668,5658.6668,1268,2536,6366.4,828
3,4,2,1,1,64,1,1,12,9,0,77521,8420,16444,12732,5540,41536,1988
3,4,2,1,1,56,1,1,15,9,0,102721.8,2600,4844,1400,2420,8000,572
4,9,1,1,4,50,1,3,15,9,0,103344,3466.6668,5108,1496,848,9010.1328,472
3,5,2,1,1,59,1,1,13,9,0,119718.8,11180,14016,5376,4796,5035.2,2676
3,4,1,2,1,64,2,1,10,7,0,48666,4940,2440,1142.6668,1544,6332.8,800
3,5,2,1,1,43,2,1,12,9,0,82762.2,5960,21404,10604,3752,17756.8,5768
2,4,2,1,1,46,1,1,12,9,0,110470.8,4333.3332,20288,5944,4360,800,952
3,9,1,1,4,46,2,4,12,5,0,31415.4,3466.6668,2552,3200,1688,3356.8,1120
4,4,2,1,1,58,1,1,16,9,0,102223,7316,33020,9148,6468,31200,3528
1,9,1,1,1,41,2,5,15,8,0,59766,10660,13976,1440,1236,10560,700
1,9,1,1,1,51,2,2,13,7,0,39195,6240,22936,5404,4836,52128,4064
3,4,2,1,2,51,1,1,11,7,0,45406,6760,25608,2540,14240,14880,1368
3,5,2,1,1,34,2,1,15,9,0,65619,4073.3332,6306.6668,2040,706.6668,10858.6672,3072
3,4,2,1,1,56,1,1,16,9,0,92967,3120,10377.3332,3276,3888,10560,1384
4,4,2,1,1,53,1,1,15,9,0,161992,12740,44312,3880,7324,29760,4980
1,4,1,1,2,55,1,1,15,9,0,64511,2166.6668,3242.6668,680,2076,13280,1084
4,5,1,1,2,50,2,1,13,8,0,57529.6,5876,14874,4132,4040,39579.2,2300
4,4,2,1,1,56,1,1,14,9,0,92916,9064,11952,1492,4892,25756.8,1520
4,4,2,1,2,44,2,1,14,9,0,61394.4,5669.3332,15113.3332,1760,3980,2944,1640
3,9,1,1,4,45,2,3,11,8,0,58885,5200,16200,5020,6000,6448,1200
4,4,1,1,1,54,1,1,11,6,0,35676,6733.3332,23325.3332,5876,5024,13703.4672,624
3,4,2,1,1,51,1,1,13,9,0,61247,2600,1918.6668,1996,1292,5200,480
1,5,2,1,1,36,1,1,16,9,0,89543,10940,61140,16140,6712,12715.2,6136
3,4,1,1,4,55,1,1,14,3,0,12000,3293.3332,11752,976,1920,1600,448
3,9,1,1,1,60,2,4,12,5,0,34015,1525.3332,3804,220,1712,1178.6672,140
4,4,2,1,4,49,2,1,13,9,0,91121.2,6240,18573.3332,2901.3332,3884,9024,1340
3,4,2,1,1,43,2,1,13,9,0,107153.2,6980,22276,9836,6648,40512,2536
4,9,1,1,1,50,1,5,13,9,0,95546.6,8773.3332,16429.3332,7026.6668,3568,21785.6,2784
1,5,2,1,1,58,1,1,16,9,0,119097,3466.6668,9313.3332,4793.3332,3644,8611.7328,400
4,4,1,1,1,62,1,1,16,9,0,131400,3466.6668,36281.6668,428,3352,640,960
1,8,1,1,2,48,1,3,15,6,0,26263,7280,7912,2120,3160,1680,1220
3,8,1,1,1,48,1,3,13,9,0,68071.6,10740,11924,13664,2656,62096,3404
3,8,1,1,4,63,1,5,16,8,0,54598.2,1733.3332,3733.3332,1840,160,240,132
2,8,1,1,2,53,2,5,12,6,0,27530,4853.3332,4184,800,2104,16330.6672,84
3,8,1,1,1,37,2,5,15,9,0,76620,11200,21548,6780,2740,10608,5840
1,8,1,1,2,40,2,1,16,8,0,47812.4,5200,13248,1440,2492,7680,84
1,8,1,1,1,48,2,5,13,7,0,43176,3120,9922.6668,1484,2268,9877.3328,832
3,8,1,1,2,52,1,5,12,6,0,27276,606.6668,884,786.6668,884,2448,180
3,8,1,1,4,55,1,3,16,7,0,35897,4680,16736,1644,1524,18832,1692
3,8,1,1,4,29,1,5,14,6,0,26886,1906.6668,6292,2440,880,1920,572
2,8,1,1,4,29,2,5,15,3,0,14786,1646.6668,6508,940,300,400,1112
2,8,1,1,1,54,1,3,12,9,0,77607,5269.3332,4686.6668,4960,1500,10672,400
2,8,1,1,4,51,1,3,14,7,0,38659.6,1473.3332,2801.3332,1244,333.3332,1632,396
4,8,1,1,4,44,2,5,15,6,0,29852.6,4160,17704,4000,2308,19584,1344
3,8,1,1,1,36,1,5,12,6,0,28328,5512,12036,10364,1080,10800,120
3,8,1,1,1,35,1,5,13,6,0,30662,2600,3106.6668,1200,732,1040,28
2,8,1,1,1,56,2,3,14,8,0,52781,1760,13640,3852,2916,15600,3212
2,8,1,1,1,33,1,5,12,6,0,31669,1733.3332,9212,4416,1416,28480,520
3,8,1,1,1,48,2,3,15,8,0,50134,9040,19372,5036,4308,28320,1728
2,8,1,1,2,46,1,3,15,7,0,38558.6,2797.3332,2845.3332,1880,2832,9130.6672,1240
3,8,1,1,1,55,1,3,14,9,0,63279,6240,9652,544,2388,122944,480
4,8,1,1,1,39,1,3,15,9,0,88345,18592,20048,11032,2516,8800,10580
4,8,1,1,1,63,1,3,15,9,0,82587,5408,7104,2192,1628,44272,900
1,8,1,1,1,60,2,3,13,8,0,51030.8,3120,23144,1888,5016,20800,504
3,8,1,1,1,30,2,3,14,5,0,24621.6,9360,21036,95640,3540,6736,1720
3,8,1,1,1,63,1,3,15,8,0,56230,2426.6668,17697.3332,1680,1584,2560,40
1,8,1,1,4,57,2,3,12,6,0,29607,2756,11380,1760,1448,8336,480
4,8,1,1,2,54,2,2,15,8,0,50368.8,4360,49128,15772,7996,49360,8148
4,8,1,1,4,38,1,5,13,5,0,22899,5373.3332,5868,1340,516,8512,2416
2,8,1,1,1,46,2,3,13,2,0,5906,4160,12042,2688,2172,6464,5784
4,8,1,1,1,51,2,5,16,9,0,84400.2,9400,50144,8168,748,9376,2392
3,8,1,1,1,52,1,5,13,9,0,108234.6,3640,4902.6668,900,984,5200,700
2,8,1,1,1,27,1,5,15,9,0,78710,3389.3332,15426.6668,4373.3332,740,2005.3328,1480
3,8,1,1,4,27,1,3,13,5,0,24159,3380,11848,1700,1440,9344,96
1,8,1,1,2,64,1,5,14,7,0,44302,5200,14032,2044,9616,13296,12120
3,8,1,1,2,58,2,3,15,5,0,21918,1413.3332,2157.3332,400,1024,2080,356
2,8,1,1,1,51,2,5,16,8,0,53155.6,4160,10020,5700,2740,1280,7520
2,8,1,1,4,27,1,5,15,7,0,42642,2333.3332,6486.6668,4205.3332,420,1184,9088
4,8,1,1,1,35,2,3,15,9,0,81495,2253.3332,13433.3332,1706.6668,1228,1120,916
2,8,1,1,1,39,2,3,13,5,0,20183.6,8140,11316,3040,2512,144,1292
2,8,1,1,4,61,1,3,12,4,0,17075.2,693.3332,6992,1696,1888,5468.8,416
3,8,1,1,2,57,2,1,12,8,0,51125,3293.3332,4549.3332,1280,2816,25600,1040
2,8,1,1,1,56,1,5,13,6,0,31418,5373.3332,9020,141.3332,1908,4032,1172
3,8,1,1,1,59,1,3,12,9,0,69312,5893.3332,7084,960,1720,3008,680
2,8,1,1,1,62,2,5,12,5,0,18666,2253.3332,8718.6668,2320,2164,6240,664
2,8,1,2,2,59,2,5,15,8,0,54323.4,1906.6668,5444,4360,4204,3808,2220
2,8,1,1,4,28,2,3,13,8,0,52408,3813.3332,18664,4518.6668,1584,4800,2308
3,8,1,1,1,38,2,5,16,9,0,80630.2,7020,11960,2856,3168,2304,1040
3,8,1,1,4,29,1,5,15,7,0,35897,7280,11588,3408,2816,9600,780
3,8,1,1,1,61,1,5,14,7,0,41774,5546.6668,10920,3900,4400,5962.6672,400
2,8,1,2,2,38,1,5,14,8,0,56354,4853.3332,3366.6668,1840,2336,554.6672,720
3,8,1,1,1,42,1,5,15,8,0,53172,3640,10793.3332,1920,2520,1280,624
2,8,1,2,4,33,2,5,13,3,0,11272.2,866.6668,2840,1428,996,8010.6672,312
3,8,1,1,4,61,2,3,13,5,0,19623,10400,11308,3200,2468,9916.8,720
4,8,1,1,4,55,2,3,15,5,0,22001,953.3332,1980,588,1164,3642.6672,8168
3,8,1,1,1,46,1,3,12,7,0,41010,7128,18140,3548,3424,45632,4640
4,8,1,1,1,30,1,5,14,8,0,52852,4714.6668,7620,2172,1748,5056,4060
3,8,1,1,1,59,2,5,12,7,0,38553,866.6668,5891.3332,400,1020,4576,1232
1,8,1,1,1,63,1,5,12,8,0,47578,468,9020,884,1792,26533.3328,372
4,8,1,1,4,30,2,5,15,5,0,24348.8,3606.6668,10504,1200,520,7792,1188
2,8,1,1,4,60,1,3,13,5,0,18715,641.3332,3760,220,1120,1866.6672,80
3,8,1,1,1,43,2,3,15,9,0,73470,4200,17698.6668,1240,1440,14144,6864
3,8,1,1,4,31,2,3,12,8,0,45435,1126.6668,7173.3332,1072,1600,1840,520
2,8,1,1,1,57,2,3,13,8,0,52304.8,953.3332,8693.3332,3697.3332,1344,15360,204
2,8,1,1,4,52,1,5,15,8,0,44174,8436,17936,4128,2456,7200,2044
4,8,1,1,4,48,1,1,12,5,0,21269,5220,9172,540,2604,3856,1840
4,8,1,1,4,46,2,1,14,5,0,20684.4,1220,2528,800,720,4853.3328,112
2,8,1,1,1,30,1,5,10,6,0,33608,1040,5365.3332,1950.6668,1764,10261.3328,324
4,8,1,1,4,31,1,4,15,9,0,97359.4,4960,15448,3612,520,9600,2404
2,8,1,2,2,57,1,5,12,5,0,22302,2253.3332,2393.3332,1680,2032,3050.6672,728
3,8,1,2,4,30,2,5,15,6,0,31647,3900,7080,772,1680,9355.2,1400
2,8,1,1,2,28,1,5,15,9,0,58087,4506.6668,12113.3332,1858.6668,2060,5205.3328,1104
2,8,1,1,4,54,1,3,13,6,0,26275,1560,4172,952,1212,2080,720
4,8,1,1,4,34,1,5,15,8,0,50810.6,8666.6668,15536,5842.6668,2360,1760,1204
3,8,1,1,2,56,2,4,12,5,0,24414,4208,5496,1592,2396,11504,700
3,8,1,1,1,59,1,3,16,9,0,96133,1992,20736,6520,5156,4688,896
1,8,1,2,4,30,2,5,12,6,0,34967,4333.3332,5992,1460,392,4096,520
2,8,1,1,4,28,2,5,14,5,0,22465.6,3740,10620,2360,840,11803.2,1280
2,8,1,1,4,54,1,3,15,7,0,36239,6240,10300,3544,1288,1680,296
2,8,1,1,1,36,1,5,15,9,0,60802,5173.3332,9746.6668,1929.3332,1800,3840,2120
3,8,1,1,4,28,2,5,15,6,0,33356,1040,3680,328,240,576,252
3,8,1,1,2,57,1,5,15,5,0,21784.6,1040,1929.3332,2740,760,2624,1468
2,8,1,2,4,56,2,2,12,2,0,9012,866.6668,964,160,224,416,188
1,8,1,1,1,31,1,5,15,8,0,49040.2,7280,10772,70196,4220,18864,2952
4,8,1,1,4,32,2,5,15,6,0,26954,1504,7356,760,312,2218.6672,396
3,8,1,1,2,40,2,4,16,5,0,26984.6,5693.3332,11424,6860,700,1696,5124
2,8,1,1,2,63,2,3,16,9,0,60597,12380,18216,2096,2140,2400,360
3,8,1,1,1,34,1,5,16,7,0,42894,9600,26128,6404,3160,32608,6524
4,8,1,1,1,61,1,3,14,8,0,59889,4680,14544,7320,3808,7824,1308
2,8,1,1,1,35,1,5,16,8,0,48054,6456,22816,4112,5808,6256,3456
2,8,1,1,2,47,1,3,15,9,0,66840.6,7184,9656,4276,3248,40240,1740
3,8,1,1,1,45,1,3,13,8,0,50478.4,1560,4518.6668,5412,1380,1600,312
3,8,1,1,4,51,1,3,12,9,0,92688,7720,17540,2364,5360,19120,9448
1,8,1,1,4,52,1,3,12,7,0,38667,3380,19132,6040,4364,7008,3188
1,8,1,1,1,28,1,5,12,8,0,41499,3813.3332,13360,4672,3440,3376,720
1,8,1,1,4,49,2,5,13,8,0,44910,2600,23136,3988,6928,80,992
2,8,1,1,4,57,2,5,15,6,0,31338,3480,10448,3192,2088,6240,336
4,8,1,1,4,31,2,5,16,8,0,51988,3120,8624,2106.6668,784,4832,1280
3,8,1,1,1,57,2,3,16,9,0,220767,4686.6668,12912,13524,1584,10240,4064
2,8,1,1,2,60,2,5,16,8,0,49227,1616,3392,4192,2492,8400,1332
3,8,1,2,2,61,1,5,11,4,0,14475,1560,3240,1284,2720,1248,780
2,8,1,1,4,36,1,3,13,7,0,37286.2,2272,2820,404,320,4480,586.6668
4,8,1,1,4,48,1,4,12,5,0,21374.4,2773.3332,3140,780,640,2186.6672,320
3,8,1,1,1,28,2,1,12,5,0,24152,2600,4356,480,1120,1072,480
3,8,1,1,2,64,2,3,13,7,0,39798,2253.3332,4214.6668,1112,2188,25568,560
3,8,1,1,4,51,2,5,16,8,0,43935,2253.3332,8468,180,756,3520,588
2,8,1,1,4,37,1,3,13,3,0,12046.8,1473.3332,4064,1940,652,4302.4,180
3,8,1,1,4,30,2,5,15,5,0,25073,6392,11976,2504,3048,1440,1208
2,8,1,1,4,30,1,5,16,8,0,43893,5720,16672,3080,1792,5760,1056
1,8,1,1,4,27,2,5,12,8,0,49565,936,17664,8848,2964,125024,540
3,8,1,2,1,54,1,5,13,5,0,26697,4280,2980,4920,1440,4016,664
2,8,1,1,2,44,2,5,13,5,0,20221.8,5044,9184,1700,1612,12464,1488
2,8,1,1,4,56,1,5,15,5,0,18082,4353.3332,10468,4218.6668,1048,8314.6672,720
2,8,1,1,4,34,1,5,15,9,0,70399,3466.6668,14284,5600,2004,12480,520
1,8,1,1,2,60,2,3,15,7,0,38360,7504,16624,9288,2176,7840,9096
3,8,1,1,1,33,1,1,12,6,0,30797,8200,8240,3228,2960,5200,1252
1,8,1,1,1,31,2,5,16,8,0,52027,3400,37544,7068,2300,11408,2356
2,8,1,1,1,36,2,3,14,8,0,50054,4706.6668,8536,2057.3332,2368,1920,1012
3,8,1,1,4,43,2,4,15,9,0,77685,2600,8736,6013.3332,860,352,892
4,8,1,1,4,52,1,3,16,8,0,51177,4730.6668,10616,4624,956,800,2936
4,8,1,1,4,35,1,5,14,8,0,58462,7308,7640,4264,2280,6032,2640
3,8,1,1,1,56,2,4,13,3,0,13749,520,1918.6668,1012,1132,1872,276
1,8,1,1,1,44,2,5,14,9,0,62251,3480,11924,4768,4384,7488,2120
3,8,1,1,4,31,1,5,16,6,0,29089,3726.6668,4680,2173.3332,400,1920,36
1,8,1,1,2,61,1,1,14,8,0,42386,1906.6668,2506.6668,2012,1506.6668,1898.6672,168
3,8,1,1,4,61,2,5,11,1,0,754,1040,10021.3332,480,3368,3516.8,184
4,8,1,1,2,31,2,5,15,4,0,15669.6,1178.6668,825.3332,180,388,1322.6672,36
3,8,1,1,4,55,1,3,16,9,0,122497,5720,26728,14800,2224,20880,1096
4,8,1,1,4,62,1,3,12,7,0,40530,3813.3332,6468,1440,1736,23296,4056
4,8,1,1,4,28,2,5,12,4,0,16225,3728,5384,1876,1616,480,740
3,8,1,1,1,51,2,3,16,8,0,49543,2426.6668,4133.3332,788,1120,8816,392
4,8,1,1,1,63,2,3,14,9,0,60013.8,7540,8052,12104,3204,12352,360
3,8,1,1,1,44,2,5,15,9,0,67155,2773.3332,12018.6668,956,1504,3744,2320
2,8,1,1,4,50,1,3,16,9,0,103667,17770.6668,28416,11112,4176,18613.3328,4672
1,8,1,1,1,61,2,3,16,9,0,99580,5988,27672,15692,7144,4096,5468
4,8,1,1,4,41,2,3,15,9,0,89967,6448,18108,1572,1012,5328,1372
2,8,1,2,1,57,2,5,13,5,0,21616,2140,5418,1372,1840,4928,2316
3,8,1,1,4,36,2,5,13,6,0,27402,7973.3332,8584,1653.3332,2424,3356.8,360
1,8,1,1,4,58,2,5,14,6,0,30492.8,3380,18036,2968,2860,46272,2448
4,8,1,1,1,54,2,3,12,9,0,77938,1820,6454.6668,2760,956,3194.6672,512
3,8,1,1,1,50,1,5,16,9,0,79885,1386.6668,9592,1200,2148,3744,396
1,8,1,1,1,51,1,3,11,9,0,74557,450.6668,15576,1712,1748,773.3328,480
2,8,1,1,1,27,2,5,16,7,0,37315,4040,14072,2160,2136,3040,728
3,8,1,1,4,30,2,5,15,4,0,16763.8,3813.3332,7212,1000,1772,1802.6672,1216
3,8,1,1,1,48,1,5,16,9,0,82768.8,11480,21636,4628,4540,9312,4472
1,8,1,1,1,60,2,4,15,9,0,63850,3466.6668,14381.3332,960,5200,14400,1168
4,8,1,1,1,31,2,5,15,7,0,44476,1640,7529.3332,1132,80,1536,1816
3,8,1,1,1,59,2,5,15,4,0,18212,2946.6668,14366.6668,2637.3332,3280,4640,1576
1,8,1,1,4,49,1,5,12,6,0,34410,3120,7900,480,1400,4480,440
3,8,1,1,1,60,1,3,12,8,0,51407,3900,11744,1680,5444,1232,936
2,8,1,1,1,60,1,2,13,8,0,49720,3120,9640,3456,1668,4800,2060
2,8,1,1,4,63,2,4,12,5,0,21735.2,1888,6160,4084,1360,4544,1680
4,8,1,1,1,61,1,3,13,8,0,50135.6,3986.6668,6046.6668,2592,1580,18080,488
2,8,1,1,1,45,2,5,15,9,0,69228,2426.6668,18869.3332,2724,2616,13866.6672,896
3,8,1,1,4,30,1,5,16,8,0,46442,4140,14980,2872,2980,5216,2680
2,8,1,1,1,47,2,3,13,6,0,32147,1386.6668,4809.3332,2368,1540,13728,760
4,8,1,1,4,62,1,5,15,9,0,58223.6,6240,25268,1000,1148,480,2276
3,8,1,1,2,59,2,3,14,9,0,60684,1040,6854.6668,1512,4228,11744,496
3,8,1,1,1,59,2,3,13,9,0,108477,17680,10074.6668,1582.6668,1640,91349.3328,2184
1,8,1,1,1,33,1,5,15,9,0,68186,9280,65056,8960,3960,11024,156
3,8,1,1,4,42,1,5,13,6,0,28252,2149.3332,4864,1398.6668,1000,800,120
1,8,1,1,4,29,2,5,15,8,0,47241,5026.6668,7901.3332,320,800,7754.6672,304
4,8,1,1,4,29,1,5,15,9,0,80830,3482.6668,22690.6668,5345.3332,1520,7520,2752
4,8,1,1,1,59,2,3,13,9,0,65742.6,3466.6668,8592,2960,3820,26432,7564
4,8,1,1,4,43,1,5,12,5,0,19001.6,5380,8068,2668,2400,21120,60
3,8,1,1,4,31,1,5,13,6,0,30946.4,3346.6668,8968,1060,1400,1280,600
3,8,1,2,2,62,1,3,12,7,0,36331,1040,2379.3332,308,2000,480,444
4,8,1,1,1,62,1,3,13,9,0,64124,3778.6668,21661.3332,15361.3332,560,1440,672
3,8,1,1,4,27,2,5,16,7,0,38450,4366.6668,6268,3060,1664,2880,560
4,8,1,1,4,28,2,5,15,5,0,23709,5528,11916,3120,920,6080,160
4,8,1,1,4,29,1,5,15,4,0,14587,1126.6668,4280,682.6668,480,1216,240
2,8,1,2,4,44,1,3,14,8,0,51670.4,2080,3324,116,904,7093.3328,800
1,8,1,1,4,40,1,4,16,9,0,116657,6240,60570.6668,613.3332,2816,8448,3536
1,8,1,1,4,29,2,5,16,8,0,44942,1646.6668,6032,520,220,1920,288
4,8,1,1,4,31,1,5,13,6,0,28871,8320,19748,2736,1140,8320,2532
2,8,1,1,4,48,1,4,15,9,0,115124,4853.3332,36844,4249.3332,1360,10400,1560
3,8,1,1,1,45,1,5,15,6,0,30329,3466.6668,7629.3332,1200,3008,1920,712
3,8,1,1,4,33,2,3,16,8,0,46832.2,2426.6668,9200,2560,640,9600,480
2,8,1,1,1,44,2,3,12,8,0,49176.6,4940,13160,8196,5840,4576,1680
1,8,1,1,4,61,1,3,12,8,0,56954,1802.6668,4560,1728,396,18352,304
4,8,1,1,4,50,2,5,12,5,0,23209.4,3986.6668,4384,400,400,640,184
4,8,1,1,4,29,1,5,16,9,0,67506.4,6264,16544,5956,1864,8640,2980
1,8,1,1,4,64,2,5,15,8,0,48479.8,1906.6668,12230.6668,4560,944,13440,2876
4,8,1,1,1,37,1,5,15,9,0,83875.2,6720,27136,16500,1944,3840,5268
3,8,1,1,4,50,1,3,12,6,0,30318,1733.3332,3044,400,860,3536,1336
4,8,1,1,4,48,2,5,16,9,0,61820,3120,16900,1704,1420,4080,1704
2,8,1,1,4,39,1,5,12,6,0,30200,4160,7708,4076,2688,1472,336
2,8,1,1,1,28,2,5,15,6,0,31837,3813.3332,8416,720,1912,20288,2344
3,8,1,1,4,45,1,3,13,7,0,39302,4940,11192,1640,1328,8880,1444
1,8,1,1,2,63,2,3,14,8,0,52442,4004,11896,3488,6628,8144,2268
4,8,1,1,4,52,1,5,15,6,0,25530,5200,8924,1912,696,5696,64
4,8,1,1,2,54,2,2,15,8,0,47941,4506.6668,9068,1376,4748,8224,4004
4,8,1,1,1,58,2,3,12,7,0,43248,2688,16232,6836,2820,6224,796
1,8,1,1,1,30,1,5,16,9,0,68315,3553.3332,4616,3200,360,2394.6672,300
3,8,1,1,1,60,2,2,16,8,0,30296,3380,25180,52112,7680,19200,2336
4,8,1,1,1,47,1,4,13,8,0,46919,2149.3332,8861.3332,640,1718.6668,29472,7280
2,8,1,2,2,58,1,5,12,8,0,49827,3656,2368,6706.6668,1768,14122.6672,1428
3,8,1,1,2,50,1,3,13,9,0,79407,2426.6668,1248,800,1108,2464,592
4,8,1,1,1,28,2,4,16,8,0,60719,2253.3332,9406.6668,2044,1888,4800,1136
1,8,1,1,4,28,1,5,16,5,0,23466,3813.3332,5360,216,560,3968,760
3,8,1,1,2,62,2,3,15,9,0,66685,1560,7112,3160,3620,21328,1320
1,8,1,1,4,56,2,5,14,1,0,1461,1966.6668,2202.6668,608,296,1936,440
2,8,1,1,1,42,1,5,15,9,0,102196.6,5160,45040,6928,3372,13536,1772
2,8,1,1,4,29,1,3,13,8,0,49200,1733.3332,2200,1568,800,1456,120
3,8,1,1,1,53,1,1,11,7,0,35118,1213.3332,3810.6668,1644,1584,560,176
4,8,1,1,4,49,2,2,15,5,0,20110,2600,12896,1320,2380,16656,292
4,8,1,1,2,61,2,5,15,9,0,75117,5720,6220,4968,1796,14432,260
4,8,1,1,1,35,2,5,16,8,0,48940,3640,19012,6588,2688,6896,1476
2,8,1,1,4,42,2,4,12,8,0,50787.4,1612,21740,2960,308,1376,300
4,8,1,1,4,52,1,3,13,9,0,70816.2,1906.6668,7725.3332,3005.3332,1528,31920,5144
4,8,1,1,4,28,2,5,13,7,0,40692.4,2602.6668,5360,500,860,5760,2592
3,8,1,1,1,61,2,3,13,5,0,25847,1733.3332,5800,688,2304,1472,1040
2,8,1,1,1,60,2,3,13,9,0,57800,7200,13724,5092,2960,5184,1600
4,8,1,1,1,55,2,5,13,9,0,85497.4,3404,20696,7360,2288,12128,1704
4,8,1,1,2,51,2,5,15,8,0,50367.6,3640,4640,837.3332,2520,19200,336
1,8,1,1,4,36,2,5,15,9,0,55725,6900,24600,2956,1300,4768,2460
2,8,1,1,4,48,2,3,15,7,0,38153,4333.3332,6944,2124,656,3200,348
2,8,1,1,1,51,1,3,12,9,0,85113,1213.3332,5545.3332,400,688,10400,316
1,8,1,1,4,32,1,5,16,9,0,60354,6240,15560,6824,2856,6848,5164
3,8,1,1,1,62,2,2,13,8,0,54866.8,8173.3332,16982.6668,5720,7868,1600,6400
2,8,1,1,4,28,1,5,12,9,0,82334,6933.3332,9200,13186.6668,3280,13696,200
1,8,1,1,4,49,1,5,15,9,0,57298,6240,7432,1441.3332,1160,5280,968
2,8,1,1,1,27,1,5,15,8,0,51567.6,6500,14772,1200,1488,3120,6492
4,8,1,1,1,34,1,5,15,8,0,48480,1646.6668,4926.6668,5120,448,6789.3328,572
1,8,1,1,1,64,2,3,15,8,0,48579.4,7540,19180,3852,1956,18720,3316
3,8,1,1,4,48,2,3,11,6,0,32348,7280,6968,3320,2168,1920,1784
2,8,1,1,1,37,2,5,16,9,0,69993,4544,12280,2872,2012,20800,4564
3,8,1,1,2,62,2,5,14,7,0,34837,506.6668,1910.6668,784,1020,1701.3328,240
3,8,1,1,2,49,1,3,12,8,0,49372,5200,4908,5940,2988,19200,1188
1,8,1,1,1,62,2,2,16,9,0,82083,8840,17400,2376,5652,26160,6384
2,8,1,1,1,59,2,3,14,6,0,31451,2200,11044,3144,3028,12160,948
3,8,1,1,2,46,2,3,14,2,0,7598.4,5980,3292,1200,3092,432,1212
4,8,1,1,4,55,2,2,13,8,0,48721,2166.6668,5308,2240,500,800,356
1,8,1,1,1,61,1,3,13,2,0,6119,1906.6668,8934.6668,1980,3880,13596.8,632
4,8,1,1,4,31,2,5,15,9,0,64098.4,3120,12368,3536,1904,6400,1340
2,8,1,1,1,50,1,5,15,9,0,90852.8,4333.3332,7680,1700,1144,7274.6672,1300
2,8,1,1,4,41,2,5,13,5,0,22032.6,1673.3332,2884,776,1220,3022.4,900
1,8,1,1,4,32,2,5,15,9,0,66991.8,11104,24440,10724,4616,2400,16416
2,8,1,1,4,28,2,5,16,8,0,44258,4226.6668,18544,6666.6668,2568,1920,840
4,8,1,1,4,36,2,5,11,6,0,26218,1820,10044,1844,4172,6400,1044
4,8,1,1,1,33,2,3,15,8,0,53429,1925.3332,4300,4684,960,1562.6672,520
4,8,1,1,1,54,1,3,13,9,0,64661,2986.6668,13564,2100,3160,6432,1280
2,8,1,1,1,45,2,5,15,7,0,38745.2,1560,5608,3352,644,3088,420
1,8,1,1,1,58,1,3,12,7,0,39936,10400,11692,1628,1536,5552,3176
3,8,1,1,1,54,2,3,13,9,0,73907,2860,11156,3160,6016,16000,1140
4,8,1,1,4,48,1,3,14,9,0,56218,1733.3332,7688,576,780,2394.6672,732
2,8,1,1,1,50,1,5,14,8,0,57769,7496,57148,2760,2880,10896,1632
2,8,1,1,2,59,2,3,15,8,0,54771,2253.3332,3084,1557.3332,1240,10485.3328,216
2,8,1,1,1,50,1,3,13,9,0,75346,1300,4737.3332,1638.6668,1648,8688,1264
4,8,1,1,4,36,2,3,15,3,0,10679.2,2374.6668,4396,3285.3332,1396,6400,900
3,8,1,1,4,31,1,5,15,7,0,38641,2692,6836,2176,640,4160,280
3,8,1,1,4,46,1,3,12,7,0,37942,1906.6668,8240,5408,608,4576,640
3,8,1,1,1,52,2,3,15,5,0,21126,832,3437.3332,2260,2712,3605.3328,120
3,8,1,1,1,60,2,2,14,6,0,28186,450.6668,9756,4136,2260,7388.8,240
3,8,1,1,4,41,2,5,15,8,0,49918,2056,13388,1324,880,7680,1884
4,8,1,1,1,57,1,5,15,8,0,46540,15600,8512,3220,2920,11424,876
4,8,1,1,4,32,2,5,15,8,0,50791,2825.3332,3800,270.6668,560,2256,368
4,8,1,1,1,53,1,3,15,9,0,105063,4506.6668,41082.6668,2416,2964,8672,11320
2,8,1,1,4,59,2,4,12,2,0,6674,1733.3332,7864,653.3332,1144,4064,496
2,8,1,1,4,42,1,3,15,7,0,38722,1213.3332,8564,1324,1576,7626.6672,64
3,8,1,1,2,64,2,5,16,6,0,33177.4,468,2398.6668,752,492,6032,596
1,8,1,2,1,57,2,3,16,8,0,59045,7373.3332,18848,2897.3332,1660,26197.3328,1336
1,8,1,1,4,36,1,5,15,5,0,18319,1300,3468,330.6668,488,8736,440
3,8,1,1,1,58,1,3,16,9,0,99327,3293.3332,12152,572,1716,4800,1016
3,8,1,1,1,34,2,5,15,8,0,46211,5720,21156,5072,3660,6400,1584
3,8,1,1,4,31,2,3,15,7,0,38127,14640,13636,11148,2400,19248,1056
3,8,1,1,4,63,2,3,15,5,0,25212,5026.6668,12076,1216,1020,2912,572
3,8,1,1,1,62,2,3,14,9,0,73410.6,2253.3332,3044,468,480,3040,988
1,8,1,2,1,52,2,3,12,5,0,21535.2,1464,4898.6668,1424,984,2880,260
4,8,1,1,1,37,1,5,15,9,0,81826,3813.3332,13418.6668,2128,1360,2400,2900
2,8,1,1,4,51,1,5,13,8,0,48423,4176,18228,3108,480,10800,4824
3,8,1,1,4,28,2,5,13,5,0,22204.4,606.6668,4552,264,420,480,896
1,8,1,1,2,55,1,4,15,8,0,57418.2,17556,18541,1160,1788,7056,1300
2,8,1,1,2,57,1,5,16,8,0,42849.8,2496,2853.3332,1600,1840,6240,400
4,8,1,1,4,41,2,3,12,7,0,39592.6,1733.3332,4628,1804,672,2256,1448
1,8,1,1,1,29,1,5,16,8,0,54702,3553.3332,4610.6668,521.3332,780,869.3328,760
3,8,1,2,1,46,2,3,14,5,0,20181,1040,2109.3332,400,760,1600,300
4,8,1,2,2,63,2,3,13,6,0,35936,726.6668,2021.3332,280,732,12752,400
3,8,1,1,1,62,2,5,16,2,0,5494,8493.3332,13644,3116,2476,20768,14888
1,8,1,1,4,63,2,3,12,5,0,22814.8,2600,9804,3176,4104,14096,3400
3,8,1,1,1,53,1,5,14,8,0,58062,2166.6668,2373.3332,2949.3332,260,6181.3328,188
3,8,1,1,4,46,2,5,13,5,0,24507,5200,11000,3812,2184,6176,1680
3,8,1,1,4,58,1,3,11,5,0,26382,2400,4768,4070.6668,384,9152,600
3,8,1,1,1,49,1,5,14,8,0,47100.4,4506.6668,10592,3626.6668,1920,16000,1120
1,8,1,1,1,30,2,5,15,7,0,35946,5720,7328,6884,960,4864,3388
4,8,1,1,1,50,1,3,14,9,0,65764,3293.3332,4901.3332,8342.6668,1736,3008,368
3,8,1,1,1,56,1,5,16,9,0,85408.2,13000,31864,4280,6124,29280,1464
4,8,1,1,4,52,2,5,13,1,0,4541,1404,13696,1220,1200,10715.2,1124
4,8,1,1,1,35,1,5,14,9,0,66891,5893.3332,11621.3332,5660,2012,3125.3328,400
3,8,1,1,1,58,2,3,12,8,0,48091,2357.3332,8613.3332,648,2900,11776,2012
4,8,1,1,2,46,2,5,15,7,0,40236.8,8060,14884,79032,1808,6720,2156
3,8,1,2,2,50,2,5,15,9,0,71147,2426.6668,2640,980,2040,24320,640
2,8,1,1,2,50,2,5,16,8,0,44343,2593.3332,5721.3332,1356,1084,12928,660
4,8,1,1,1,29,1,1,16,8,0,55733,2773.3332,17077.3332,1920,680,2640,1848
3,8,1,1,1,57,1,3,16,9,0,119025,1386.6668,5104,1580,1292,10490.6672,1944
4,8,1,1,2,60,2,2,15,9,0,59494,6933.3332,5793.3332,2636,1328,1632,3040
2,8,1,1,1,43,1,3,12,8,0,54243,1560,5700,1484,3200,1600,432
3,8,1,1,4,58,2,4,12,5,0,23156,1213.3332,3044,760,1000,3093.3328,308
3,8,1,1,4,36,2,5,16,7,0,40073.8,1213.3332,2880,488,480,13872,60
1,8,1,1,4,27,2,5,15,9,0,68904,4160,14464,960,1440,81749.3328,656
1,8,1,1,4,44,1,3,14,9,0,93196,4160,10184,4700,1000,4352,1840
3,8,1,1,1,59,2,5,16,9,0,59926,6240,14468,5188,3240,4288,1008
3,8,1,1,4,39,1,5,12,8,0,44829,4160,9688,3760,1000,8016,160
1,8,1,1,1,50,2,3,12,6,0,29652.8,1005.3332,4798.6668,15624,1948,1733.3328,632
4,8,1,1,4,29,1,5,15,7,0,36397,8560,8916,3100,120,2880,680
4,8,1,1,4,31,1,5,15,9,0,64205,15360,16260,13988,940,6800,24060
4,8,1,1,4,29,1,5,15,8,0,57435,1733.3332,7152,654.6668,564,1178.6672,768
4,8,1,1,4,28,1,5,16,9,0,75004,2426.6668,8124,360,500,2336,1036
3,8,1,1,1,61,1,1,13,8,0,53350.2,3640,8593.3332,3514.6668,1656,6784,624
3,8,1,1,1,41,1,5,11,8,0,43063,1820,2672.6668,260,1204,2949.3328,560
2,8,1,1,2,47,1,3,15,9,0,82831.4,8060,7308,7892,1920,13168,1104
2,8,1,1,1,29,2,5,16,8,0,52116,3053.3332,10068,2272,1488,1600,3032
2,8,1,1,1,31,1,5,12,8,0,50566.4,2773.3332,11009.3332,3400,2460,5205.3328,240
2,8,1,1,1,61,1,3,16,9,0,88316,9880,59532,12400,6308,400,336
1,8,1,1,2,31,1,5,15,8,0,49668,1646.6668,636,1180,308,1600,1232
3,8,1,1,1,50,1,5,12,4,0,14479,1213.3332,2360,640,420,1733.3328,128
2,8,1,1,1,33,1,5,15,9,0,68300.8,4120,11670.6668,6952,1828,2986.6672,5416
4,8,1,1,4,30,1,5,12,7,0,39017,4940,10468,5384,1096,7184,2688
4,8,1,1,4,35,1,5,15,9,0,65110,9120,15024,11340,1376,3200,4856
1,8,1,1,2,55,2,5,15,9,0,92718,5824,14480,6660,1264,10560,1080
3,8,1,1,4,36,2,5,13,5,0,26003.4,2513.3332,3368,80,568,4288,612
3,8,1,1,1,53,1,3,13,9,0,59015,1733.3332,2550.6668,800,1000,5600,288
4,8,1,1,2,61,2,5,15,6,0,31693.8,2840,2010.6668,500,580,11200,2400
3,8,1,1,4,50,2,5,12,1,0,3461.2,3640,10732,56960,2752,8640,96
4,8,1,1,4,27,1,5,13,9,0,74993,9084,18148,7416,2440,16160,3096
4,8,1,1,1,56,2,5,14,7,0,37720,6900,15288,2820,1108,9472,1280
1,8,1,1,4,54,2,3,13,9,0,71129,242.6668,6964,844,1920,1173.3328,888
1,8,1,1,4,29,1,5,12,4,0,16791,1560,4256,680,640,3189.3328,128
4,8,1,1,4,28,2,5,15,7,0,40069,5360,21828,5640,1556,13920,400
2,8,1,1,2,60,1,5,14,3,0,11498,1594.6668,1496,1860,672,5600,208
1,8,1,1,4,31,1,5,13,9,0,59674.2,1906.6668,6456,1438.6668,404,3466.6672,1744
3,8,1,1,2,62,1,3,12,6,0,30468,1473.3332,3150.6668,800,864,5941.3328,664
4,8,1,1,1,45,1,3,14,9,0,79332,5980,26172,2208,4356,13920,2900
4,8,1,1,1,42,2,5,14,9,0,77363,4260,37004,7060,4180,1600,3932
2,8,1,1,4,49,1,3,12,9,0,66101,1560,5080,1448,780,5786.6672,100
1,8,1,1,4,39,1,5,12,7,0,35171,2253.3332,9302.6668,1080,1076,9578.6672,1000
3,8,1,1,1,59,1,2,16,9,0,101783,10826.6668,11211,9690.6668,1264,3360,440
3,8,1,1,2,64,2,3,15,8,0,47831.2,4701.3332,4446.6668,600,2528,9600,1008
2,8,1,1,4,52,1,5,13,9,0,57915,4586.6668,13700,2880,2224,6517.3328,528
3,8,1,1,4,35,2,5,16,9,0,56317,2773.3332,15240,2544,928,1504,1944
2,8,1,1,2,54,1,5,15,4,0,14753,3016,4364,5392,2092,27456,2580
1,8,1,1,2,48,1,4,14,8,0,52326,1993.3332,4433.3332,162.6668,1180,4160,300
1,8,1,1,1,54,2,5,15,8,0,49967.8,2253.3332,3904,1680,824,3200,440
4,8,1,1,2,39,1,5,13,6,0,33973,2706.6668,14997.3332,13000,1960,160,912
1,8,1,2,4,42,2,3,12,6,0,27410,520,7788,8997.3332,1692,3061.3328,296
3,8,1,1,4,52,1,5,15,8,0,46202.4,2600,14168,360,140,14144,900
1,8,1,1,1,34,2,5,11,8,0,43924,2426.6668,12521.3332,1992,2080,5546.6672,1120
3,8,1,1,2,59,1,2,12,5,0,20141.6,953.3332,1553.3332,828,1380,3200,880
3,8,1,1,4,57,1,3,12,4,0,16678,260,3560,340,880,208,544
1,8,1,1,4,36,2,1,16,8,0,53096.4,19760,47948,3200,1020,38400,2840
1,8,1,1,2,52,1,5,12,9,0,57114,5460,8764,1920,3440,26075.2,1176
4,8,1,1,4,42,2,5,15,9,0,74648.6,1560,5040,874.6668,944,4656,2856
3,8,1,1,2,53,1,3,11,7,0,40017,7280,6724,1200,1764,5200,840
4,8,1,2,2,52,1,5,13,7,0,37876,606.6668,1220,230.6668,500,2400,200
1,8,1,2,4,32,1,5,15,9,0,61705,7020,12808,960,1444,3440,1428
3,8,1,1,1,39,1,3,14,7,0,34936,1854.6668,3051.3332,800,868,1328,80
1,8,1,1,4,48,1,5,13,9,0,69170.2,6486.6668,5926.6668,1937.3332,1326.6668,6240,160
2,8,1,1,4,47,1,5,12,5,0,26230,1560,4788,1156,1540,1701.3328,424
4,8,1,1,4,55,2,3,13,7,0,37994,3813.3332,11900,864,1892,6730.6672,820
2,8,1,2,1,53,2,3,16,6,0,32191.8,1560,14100,1596,3720,6240,2668
3,8,1,1,1,52,2,5,14,8,0,48413.6,866.6668,2477.3332,1333.3332,1000,2426.6672,480
1,8,1,2,4,42,2,5,16,9,0,65285,1820,5845.3332,1830.6668,268,1669.3328,224
3,8,1,1,4,36,1,3,13,6,0,28803,2600,10896,1140,2080,4512,1408
3,8,1,1,4,53,1,5,13,6,0,34098.6,866.6668,4660,248,660,320,40
2,8,1,1,4,32,1,5,16,8,0,43029.8,8320,9536,1274.6668,1712,10400,2288
3,8,1,1,2,59,2,2,13,6,0,31405.2,1386.6668,2116,3180,1188,6256,1012
1,8,1,1,2,58,2,3,15,9,0,154454.6,3466.6668,21044,5220,2684,89909.3328,2220
2,8,1,1,4,60,2,3,12,6,0,27673,1473.3332,2776,480,416,7632,420
2,8,1,1,4,34,2,5,16,9,0,103789,5200,8944,7968,1720,2944,1016
4,8,1,1,4,56,2,5,14,8,0,49080,1144,9508,720,1188,6240,600
4,8,1,1,1,33,1,5,15,9,0,61207.4,7160,19900,8176,1992,8320,2548
2,8,1,1,1,60,1,3,12,9,0,110762.2,5720,12240,900,2640,35840,840
3,8,1,1,4,45,2,3,16,9,0,73505,2226.6668,9044,944,620,4736,420
2,8,1,1,1,52,2,3,13,5,0,22446.4,1126.6668,3746.6668,344,1072,19600,1356
3,8,1,1,4,34,1,1,13,3,0,10153,11700,10812,6200,1896,5616,1008
2,8,1,1,4,31,1,5,14,9,0,74396,15080,14140,4796,2540,6560,152
3,8,1,1,1,36,1,5,15,8,0,59996,3226.6668,14820,2354.6668,1320,2560,1528
1,8,1,1,2,58,2,5,15,7,0,41561,5200,5176,1376,2724,27856,1960
1,8,1,1,4,59,2,5,15,8,0,48369,1112,4400,800,400,1776,1640
2,8,1,1,4,41,2,5,13,7,0,37205,2773.3332,9768,840,1368,10880,2300
2,8,1,1,1,35,2,5,15,9,0,84736,2946.6668,14632,2244,3232,3200,2360
2,8,1,1,1,56,2,3,13,9,0,70041,3500,21408,5016,3576,11120,5816
2,8,1,1,4,29,1,5,14,5,0,21209,1060,1464,34496,484,2261.3328,772
3,8,1,1,4,29,2,5,15,5,0,19028,3536,8268,900,1200,5546.6672,260
2,8,1,1,1,28,1,5,13,9,0,60454,1906.6668,7364,2034.6668,2076,4704,1720
2,8,1,1,4,27,2,5,16,5,0,24981,2594.6668,10020,1924,1260,4080,1392
1,8,1,1,4,27,2,5,16,9,0,74378,5893.3332,14516,1328,240,7573.3328,3232
2,8,1,1,4,27,1,5,15,9,0,66571,1733.3332,4308,668,508,9770.6672,264
4,8,1,1,1,51,2,5,16,8,0,51752,2773.3332,2492,940,980,3797.3328,644
2,8,1,1,4,56,2,5,13,6,0,28975,3120,6768,1672,856,4064,696
4,8,1,1,2,53,2,5,16,5,0,26333,5546.6668,3029.3332,1653.3332,1016,12661.3328,1888
2,8,1,1,4,45,2,5,15,7,0,38575,433.3332,3436,600,900,1632,360
2,8,1,1,1,58,1,3,16,9,0,73725,1022.6668,2292,368,936,3840,312
3,8,1,1,4,28,2,5,15,6,0,27472,2426.6668,5928,3480,1328,3354.6672,1448
3,8,1,1,1,43,1,2,12,5,0,25702,2200,4190.6668,16632,1437.3332,7626.6672,496
3,8,1,1,1,38,2,5,13,8,0,54342,1196,3302.6668,716,568,1280,388
1,8,1,1,4,35,1,5,15,7,0,41078,3120,17424,4388,1908,16320,2148
2,8,1,1,4,62,2,5,14,5,0,24944,381.3332,2804,700,548,144,440
1,8,1,1,4,30,2,5,13,6,0,30784,4228,10880,3624,2036,8720,944
1,8,1,1,1,48,2,5,15,3,0,11596.2,2860,13386,2132,5160,3840,580
2,8,1,1,4,64,2,2,15,4,0,17306,6066.6668,15992,480,2072,59024,200
2,8,1,1,1,60,1,3,12,5,0,26798,2253.3332,7901.3332,3048,2052,2304,936
3,8,1,1,1,44,1,5,14,9,0,66286,4420,11896,6140,5508,47568,3240
4,8,1,1,4,27,2,5,15,8,0,55278,4213.3332,24980,12574.6668,2800,2400,4504
4,8,1,1,2,51,1,5,15,8,0,45365,5461.3332,9199.3332,5128,1032,6096,128
3,8,1,1,2,64,2,2,16,9,0,70803,1560,6140,3360,2580,15600,960
3,8,1,1,1,57,1,3,15,9,0,79868.4,2229.3332,22360,4252,824,5600,280
3,8,1,1,4,42,2,4,12,5,0,18892.8,1644,2980,400,840,1941.3328,260
2,8,1,1,4,28,1,5,16,9,0,67063,7800,16140,2392,2568,14400,4444
3,8,1,1,1,48,2,5,13,7,0,38695.6,2140,10504,4280,2596,5824,160
3,8,1,1,4,44,1,4,12,7,0,35902,2526.6668,8520,1736,1976,4992,1692
1,8,1,1,4,59,2,5,12,3,0,14496,4333.3332,15100,912,2900,1152,1312
2,8,1,1,1,41,2,5,15,7,0,40318,1386.6668,6169.3332,5764,1096,88288,1600
4,8,1,1,4,39,1,5,15,9,0,74037,5209.3332,17340,6198.6668,2272,6805.3328,11384
1,8,1,1,4,43,2,5,15,9,0,110703.2,9060,45160,6764,1604,17568,4152
3,8,1,1,2,53,2,5,14,8,0,43935,1816,1144,280,644,2010.6672,536
3,5,2,1,1,51,2,1,15,9,1,66330,7280,31244,3892,4044,25723.2,1020
3,9,1,1,4,49,2,2,13,9,1,68507.2,8280,16920,6600,6780,29035.2,5536
1,9,1,1,4,28,2,5,13,6,1,45454,6600,15184,14452,2524,13883.2,2884
3,5,2,1,1,50,1,1,16,9,1,92312.2,3112,8041.3332,3804,2220,5491.7328,1160
3,4,1,1,4,39,2,1,14,5,1,30257,4853.3332,17500,3280,3692,3804.8,3248
1,4,2,1,1,49,1,1,12,9,1,120315.8,6512,11801.3332,5412,2308,8320,888
4,4,2,1,1,50,2,1,13,9,1,102715,3986.6668,17404,1482.6668,4952,33344,2624
1,4,2,1,2,53,2,1,16,9,1,199070,11640,40736,200440,11276,73280,15304
2,4,2,1,1,39,2,1,12,9,1,70026.6,11660,12636,6324,4888,2800,1784
2,4,2,2,1,45,1,1,16,9,1,98173,8640,13634.6668,11420,4020,10544,992
3,4,2,1,2,53,2,1,13,9,1,68047,6920,12192,5816,6540,71776,2048
4,9,1,1,1,60,2,3,15,9,1,72052,9724,26356,6444,5096,11467.2,4072
1,5,2,1,2,55,1,1,12,9,1,132698.2,4333.3332,3325.3332,3116,1912,5840,1520
3,4,2,1,2,58,1,1,13,9,1,115965,10400,7616,3016,3596,15840,2160
1,4,2,1,4,46,1,1,12,9,1,79931,12869.3332,21228,12993.3332,3280,44800,3416
3,5,1,1,2,62,1,1,13,7,1,49741,1426.6668,2956.6668,636,2260,6750.4,1484
3,5,2,1,4,49,2,1,12,9,1,74424,10316,19972,4200,5304,20800,1188
2,4,2,1,1,42,2,1,14,9,1,103852,7760,13644,6254.6668,3620,4096,2236
3,4,2,1,1,46,2,1,12,9,1,98516,3193.3332,5522.6668,1052,1676,2080,232
2,4,2,1,1,55,1,1,12,8,1,52383,9280,14608,12144,7164,6400,792
3,4,2,1,2,49,2,1,16,9,1,125073.6,16840,10444,15868,5384,55440,1232
3,4,2,1,1,40,1,1,15,9,1,94465,7020,18744,7168,7296,15840,1136
2,4,2,1,1,44,2,1,13,9,1,72508,10306.6668,9330.6668,4552,3544,6944,1456
3,4,2,1,1,51,2,1,13,8,1,60082.2,17160,15616,16000,4908,80,2188
4,9,1,1,2,47,1,5,12,9,1,81722,4160,7452,1973.3332,3760,12260.2672,676
4,7,1,1,1,38,2,3,15,9,1,76179,5382.6668,9940,10600,1596,8896,932
3,7,1,1,4,42,2,5,14,5,1,24601,2206.6668,6380,1168,2780,3356.8,872
3,6,1,1,4,52,1,3,16,2,1,11516,3960,11369.3332,4614.6668,1460,4144,2708
3,7,1,1,4,27,2,4,13,8,1,44305,8840,23948,6680,2280,528,1844
2,7,1,1,4,28,2,5,13,7,1,41087.4,5893.3332,8528,1468,2160,8736,800
3,6,1,1,4,27,1,5,12,6,1,31283,6413.3332,2800,2040,280,11200,200
3,7,1,1,4,33,2,3,14,5,1,23952,5460,11380,1732,2752,8160,108
1,7,1,1,4,35,2,3,16,9,1,67097,1240,9104,333.3332,1120,3365.3328,1616
3,7,1,1,4,27,2,5,12,4,1,20235,1733.3332,5168,240,464,3189.3328,24
4,6,1,2,1,57,1,3,15,9,1,78507,2220,6029.3332,1560,1428,29760,320
4,7,1,1,2,37,2,2,16,6,1,29270.4,4788,39724,4736,2396,12832,2160
3,7,1,1,4,33,2,5,12,5,1,24393,2773.3332,7728,1120,1152,8048,1520
3,7,1,1,2,42,2,3,12,6,1,31363,11568,9064,24748,4060,26880,2648
1,6,1,1,1,50,1,2,15,8,1,57768,7020,16840,4920,3692,6240,2160
3,7,1,1,1,40,2,1,14,8,1,60701,4333.3332,6746.6668,836,2760,4512,1184
1,7,1,2,4,47,2,3,16,9,1,63322,1466.6668,5588,3601.3332,1640,5893.3328,348
3,7,1,1,4,42,2,1,14,7,1,38881,4906.6668,7292,1356,2268,16058.6672,2624
1,7,1,1,1,33,2,1,16,8,1,51336,4506.6668,10125.3332,2300,2520,19413.3328,1040
1,6,1,1,1,46,1,4,11,9,1,76261,1386.6668,7397.3332,4992,2608,640,480
1,6,1,1,1,33,1,4,12,7,1,42791,1733.3332,5354.6668,526.6668,1860,693.3328,552
2,7,1,1,1,43,2,3,16,9,1,74656.2,5413.3332,7698.6668,2370.6668,1084,6080,7332
1,6,1,1,4,60,1,1,16,9,1,79494,7760,8080,5600,1960,22400,720
2,7,1,1,4,49,2,3,16,7,1,38717.2,6066.6668,19944,1877.3332,1400,25760,3804
3,7,1,1,4,28,2,4,13,6,1,30187,4160,8816,3060,1700,2608,652
4,7,1,1,4,41,2,3,16,9,1,62068.6,9620,21224,7180,4092,10912,10736
1,6,1,1,1,45,1,3,15,9,1,92311,6896,17893.3332,2806.6668,5804,16960,920
2,7,1,1,4,38,2,5,13,8,1,48277,5200,8384,2864,1680,2560,2656
3,7,1,1,2,32,2,5,13,4,1,19322,7292,2878,51840,2220,3840,240
3,7,1,1,4,41,2,3,11,5,1,23584.4,2166.6668,4092,746.6668,1112,1920,480
3,7,1,1,4,35,2,5,15,6,1,31933,2946.6668,8372,1208,2888,3584,1300
3,7,1,1,4,32,2,5,12,6,1,33625,5200,14588,2684,2160,14160,1444
2,7,1,1,2,40,2,3,13,5,1,24714,766.6668,2746.6668,580,1340,1386.6672,1000
1,7,1,1,4,47,2,5,13,6,1,32595,9360,31088,3708,2956,5232,2000
4,6,1,1,4,47,1,3,16,8,1,55052,8860,15452,3028,840,5120,1540
3,7,1,1,4,55,2,4,13,9,1,76739,12220,30872,3800,5188,38800,2808
3,6,1,1,1,47,1,3,12,9,1,84103,9040,23062,1104,1936,34720,1056
2,7,1,1,4,44,2,5,13,6,1,32657.8,3986.6668,5498.6668,2553.3332,948,1678.4,700
3,7,1,2,4,31,2,4,14,8,1,44459,2080,3496,1080,1660,4304,724
2,6,1,1,1,28,1,5,12,9,1,67755.8,4420,41916,5300,3760,20096,6892
4,9,1,2,4,60,2,3,14,6,1,34137,4820,15424,3084,2644,9984,600
4,7,1,1,4,43,2,3,12,9,1,71311,15704,15412,5609.3332,1660,4576,5756
3,6,1,1,1,46,1,3,15,9,1,122469,4333.3332,26160,2680,3560,10880,1560
4,6,1,1,1,42,1,3,15,8,1,59344,10140,13400,10952,2220,640,1120
4,7,1,1,4,55,2,1,16,4,1,19183,3206.6668,6928,143020,68,4000,92
3,7,1,1,4,50,2,4,15,7,1,36973,10280,18064,3440,840,16832,3280
2,6,1,1,4,39,1,2,13,7,1,39546.8,6240,12912,1920,1420,192,4344
3,7,1,1,4,35,2,5,13,6,1,33751.2,3358.6668,10756,4289.3332,2696,5226.6672,1692
3,7,1,1,4,32,2,5,14,4,1,19476,2269.3332,6936,892,1608,1760,740
2,7,1,1,1,37,2,3,14,8,1,46992,2600,4506.6668,1200,1072,6586.6672,356
4,7,1,1,1,41,2,3,16,9,1,109920,3900,11528,2893.3332,928,1706.6672,1108
3,7,1,1,1,44,2,3,15,6,1,33922,3900,3520.6668,400,1400,320,1344
3,7,1,1,4,45,2,5,13,5,1,28982,6760,9456,3164,1656,19552,60
1,7,1,1,2,55,2,1,16,4,1,19164,2166.6668,7324.3332,11202.6668,1144,10560,780
1,2,2,1,4,29,2,1,16,9,1,76422,12528,31684,17760,340,4085.3328,4008
4,2,2,1,1,33,1,1,16,9,1,98575,8360,24680,8080,8036,1872,2560
1,3,2,1,1,51,1,1,12,9,1,97137,2340,3494.6668,2832,1616,1904,840
2,3,2,1,1,47,1,1,14,9,1,116138,9400,12145.3332,1760,2920,17024,3680
3,3,2,2,1,54,1,1,16,9,1,78079,3690.6668,4396,928,1732,4400,640
3,2,2,1,4,36,1,1,13,9,1,69798,2080,5346.6668,1348,1024,11392,244
3,2,2,1,4,35,1,1,15,9,1,141275.6,10400,24972,6948,3808,36704,5424
1,2,2,1,1,33,1,1,16,9,1,102860,7540,27700,5216,2624,13808,2068
3,3,2,1,1,55,1,1,15,9,1,126580.2,14568,18272,9696,12596,10512,8020
1,2,2,1,1,35,2,1,13,9,1,113858.8,9362.6668,22849.3332,8312,3088,19072,200
2,3,2,1,1,40,2,1,13,9,1,109724.2,14300,19000,4772,8172,12224,9688
2,2,2,1,1,34,2,1,16,9,1,105675,2686.6668,10170.6668,880,1572,4000,1972
3,3,2,1,1,51,1,1,14,8,1,55171,1040,3529.3332,732,2200,5200,260
3,3,2,2,1,38,2,1,16,9,1,108000,13520,22388,10512,4936,130784,1000
2,3,2,1,1,32,2,1,15,4,1,22586,5352,20808,4368,4648,16800,80
3,2,2,1,1,31,1,1,14,9,1,69951,3318.6668,3800,932,1160,6384,820
4,2,2,1,4,33,1,1,13,9,1,77384,8960,31024,4604,2448,12400,2720
4,2,1,1,1,49,1,1,15,9,1,92862,5546.6668,14750.6668,3942.6668,3684,19200,2480
1,2,2,1,4,33,1,1,16,9,1,155060,2773.3332,25153.3332,2808,2000,20800,1200
2,3,2,1,1,36,1,1,14,9,1,87250.6,5912,22268,3580,3592,4800,3388
4,3,1,1,1,50,2,1,15,8,1,60779,9560,16836,5304,2136,23360,1140
3,2,2,1,1,30,2,1,12,9,1,101067,5200,5546.6668,1388,2208,40000,712
4,3,2,1,4,37,1,1,15,9,1,126897,3532,8381.3332,562.6668,1360,4640,1568
4,3,2,1,4,45,2,1,16,9,1,75109,2426.6668,6920,3700,800,29760,920
3,3,2,1,1,58,1,1,15,9,1,70265.2,4766.6668,5269.3332,3748,2680,8053.3328,865.3332
3,2,1,1,1,29,1,1,12,8,1,51366,3380,6408,1824,3500,1920,720
3,2,2,1,1,33,1,1,12,9,1,73630,6240,9797.3332,2590.6668,2904,4320,1276
3,3,2,1,4,48,2,1,13,9,1,90169,5373.3332,14184,3200,2064,3488,840
3,3,2,1,4,29,1,1,12,9,1,72922,31256,22448,10220,3616,20768,5092
2,2,2,1,1,31,1,1,15,9,1,106584,5720,35880,1172,3640,9440,4080
3,2,2,1,4,27,1,1,12,9,1,74352,2166.6668,9960,600,1960,54848,180
3,7,1,1,4,43,2,3,13,6,1,32369,4680,14680,2486.6668,3380,23328,1264
3,3,2,1,1,47,2,1,15,9,1,112030,32500,5938,5572,4800,69280,5400
4,2,2,1,1,39,1,1,13,9,1,112233,5940,38876,10360,4588,9984,340
3,2,2,1,1,27,1,1,13,9,1,113515,11440,20068,8420,3800,30160,3320
1,3,2,1,1,44,1,1,11,9,1,184179.4,14820,56280,8968,17592,4704,1080
4,2,2,1,1,33,1,1,13,9,1,90488.8,1906.6668,7498.6668,4768,1880,6933.3328,468
4,3,2,1,1,58,2,1,13,9,1,93984,5642.6668,10965.3332,1246.6668,2040,7280,15764
4,3,2,1,1,31,1,1,12,8,1,47135,3206.6668,4057.3332,3029.3332,1920,54848,440
1,9,1,1,2,55,1,5,12,5,1,20116,1993.3332,9168,1700,3140,1678.4,1312
4,3,2,1,4,40,2,1,16,9,1,112719,5633.3332,7916,2616,1996,3328,3684
4,2,1,1,1,45,1,1,16,6,1,35847,3016,5172,2552,2068,12640,1592
1,3,2,1,4,38,1,1,11,5,1,30469,2166.6668,7644,1390.6668,1864,1616,140
3,7,1,1,4,34,2,5,12,5,1,32348,3120,8696,800,2416,2293.3328,280
3,2,2,1,1,32,2,1,16,9,1,143410,9620,16572,4256,4820,4160,4600
1,2,2,1,1,40,2,1,12,9,1,84642,3120,20418.6668,10594.6668,5008,80,1216
4,3,2,2,4,53,1,1,16,9,1,76164,4160,6516,320,1548,12000,2240
4,3,2,1,4,44,2,1,15,9,1,69096,3272,8020,1080,1824,2400,2260
4,3,1,1,1,53,1,1,13,9,1,97727,7333.3332,14670.6668,3000,1308,27824,3360
3,3,2,1,2,48,2,1,15,9,1,78535,4960,8812,6440,5076,416,5276
3,3,2,1,4,44,2,1,14,7,1,44920,3640,14452,3992,4196,40256,2480
3,2,2,1,1,30,2,1,15,9,1,149215,14164,48112,1856,2020,13920,8056
3,3,2,1,2,63,1,1,16,9,1,101959,12480,13576,2940,8044,6400,6664
4,3,2,1,1,38,2,1,15,9,1,103980,8880,10004,9328,4920,14800,8908
1,2,2,1,1,31,2,1,16,9,1,92550.8,10540,37776,1872,3872,4448,1256
3,3,2,1,1,45,1,1,13,9,1,92381,13520,12756,8072,5408,40320,3768
3,3,2,1,1,50,1,1,11,7,1,45066,3900,7786,5240,3480,28384,1412
2,2,1,1,1,32,1,1,12,8,1,49132,5026.6668,9689.3332,1200,4080,9013.3328,992
2,3,2,1,1,49,1,1,12,9,1,98887,3352,3990.6668,3244,1144,960,1076
2,9,1,1,4,44,2,5,11,7,1,39241,1040,6693.3332,1108,1504,5116.8,2000
3,2,2,1,1,32,2,1,15,9,1,106352,3380,10734.6668,132700,1584,3904,1548
3,9,1,1,4,58,2,3,13,7,1,41534,2513.3332,4974.6668,452,964,6688,80
2,2,2,1,1,32,1,1,15,9,1,161149.6,2634.6668,12470.6668,520,1440,1594.6672,488
4,3,2,1,1,56,1,1,15,9,1,134214,6760,26412,6908,3984,73936,9644
3,3,2,1,1,45,1,1,13,9,1,84303.2,6933.3332,9605.3332,4304,4160,21845.3328,320
4,3,2,1,1,41,2,1,16,9,1,157502,17820,44024,2400,3320,15600,1600
2,2,2,1,1,40,1,1,13,9,1,84943.6,7020,23920,2116,3548,9984,5164
3,3,2,1,1,42,2,1,16,8,1,51069,5373.3332,10546.6668,4140,6192,19200,1600
3,3,2,1,4,42,2,1,11,8,1,49448.6,8320,6000,3200,2800,2720,1760
2,9,1,1,2,36,1,5,12,5,1,27795,2773.3332,1108,480,980,1280,708
3,3,2,1,1,55,1,1,16,9,1,125345,6586.6668,37317.3332,1824,4096,40640,2344
4,3,2,1,1,37,1,1,14,9,1,122734.6,9013.3332,23393.3332,2528,2368,16053.3328,1660
1,2,2,1,1,41,1,1,15,8,1,65073.4,6500,39196,9408,6796,2400,1316
3,3,2,1,1,51,2,1,13,9,1,77624,3920,5725.3332,4868,1876,16080,1564
4,3,2,1,1,57,1,1,15,8,1,56683,3466.6668,4382.6668,6840,2440,15104,792
2,9,1,1,4,54,2,3,10,3,1,13812,2217.3332,2516,240,804,2158.4,120
2,3,2,1,1,44,2,1,12,9,1,85458.4,2166.6668,9565.3332,1428,1520,5120,600
1,2,1,1,4,29,1,1,15,9,1,65814,2530.6668,10636,3449.3332,1648,17744,1704
1,3,2,1,2,48,2,1,15,9,1,103605,10420,9612,5360,3236,17760,7736
1,2,2,2,4,29,2,1,12,8,1,60750,9880,22080,6620,5436,43488,2456
4,3,2,1,2,45,2,1,15,9,1,193589.6,15600,5741.3332,1300,2484,30400,10692
1,3,1,1,2,63,1,1,12,7,1,40463,2773.3332,9002.6668,4372,5672,19200,1280
2,3,2,1,4,31,2,1,12,6,1,37997.6,11266.6668,4796,2248,1100,12176,280
2,2,2,1,4,29,2,1,15,9,1,81572,5720,23160,6880,3260,5376,2380
3,3,2,1,1,29,2,1,12,9,1,98314.2,5933.3332,14948,5626.6668,2856,5312,1792
2,2,2,1,1,34,2,1,14,9,1,80060,4246.6668,3882,7620,1660,4288,1540
4,3,2,1,2,46,1,1,15,9,1,66845.6,2946.6668,2246.6668,360,1260,21728,36
2,9,1,1,4,45,1,5,15,9,1,63205.6,7020,24324,2400,5400,43200,4356
2,2,2,1,1,49,1,1,13,7,1,47143.2,4680,15456,1640,1956,23925.3328,800
3,3,2,1,1,47,1,1,16,9,1,119665,20600,22276,90940,3796,24000,1308
2,3,2,1,1,44,2,1,15,9,1,104970,7384,13922.6668,4432,3192,46400,2108
2,2,2,1,2,39,1,1,16,9,1,82160.8,2438.6668,5392,2012,1132,4400,436
4,2,2,1,1,38,2,1,15,9,1,115351,4160,15124,532,2380,6384,1280
1,2,2,1,4,39,2,1,15,9,1,124402.2,2253.3332,11280,8090.6668,1020,3466.6672,1400
3,3,2,1,1,44,2,1,12,9,1,62927,5813.3332,8877.3332,1920,4520,12106.6672,1592
3,3,2,1,1,43,2,1,12,1,1,2800,6933.3332,12098.6668,1750.6668,3288,15808,2000
4,2,1,1,4,29,1,1,15,9,1,88041.6,7540,27528,92048,6348,13120,360
2,3,2,1,1,45,1,1,13,9,1,112218,12853.3332,15184,5536,2344,240,3704
4,3,2,1,2,57,1,1,15,9,1,125031.6,7800,4933.3332,1692,1700,5200,1360
4,2,2,1,1,40,2,1,15,9,1,95810,3813.3332,10136,4000,1844,10400,760
3,2,2,1,1,31,2,1,16,9,1,123589.8,10660,25900,7424,2236,13712,704
3,3,2,1,1,57,1,1,16,9,1,181587,4017.3332,9141.3332,2834.6668,2840,6288,1152
3,3,2,1,1,27,2,1,15,9,1,103506.6,5400,15196,2628,1400,4480,1936
3,2,2,1,1,33,2,1,16,9,1,95384,8580,24904,4148,5156,25824,5596
1,2,2,1,4,27,1,1,14,8,1,49471,2600,4424,2833.3332,732,2704,2660
3,3,2,1,1,45,1,1,15,9,1,119746,13720,19260,6968,6744,17280,4672
2,3,2,1,4,49,1,1,12,7,1,43467.2,10400,12920,4560,960,18320,640
4,2,2,1,1,30,1,1,15,8,1,62150,4160,17352,5680,3236,31200,5660
3,3,2,1,1,35,2,1,16,9,1,90799,2080,4191.3332,974.6668,1506.6668,6741.3328,3576
4,3,2,1,1,61,1,1,10,7,1,40163,7280,36416,9080,3480,24320,440
4,3,2,1,1,52,2,1,15,9,1,114547.8,15900,23748,3880,2980,10192,4816
3,3,2,1,1,45,2,1,16,9,1,78952,4333.3332,12637.3332,11960,3160,14400,3200
3,3,2,1,2,51,1,1,12,8,1,48304.4,5893.3332,4261.3332,3848,2060,2400,3576
3,3,2,1,1,43,1,1,13,9,1,88507,2080,9937.3332,1572,2832,6208,668
1,7,1,1,1,45,2,3,12,9,1,61966,10660,18448,1280,6872,5040,3128
3,2,2,1,4,37,1,1,14,9,1,156854,9013.3332,16198.6668,5020,2320,4666.6672,920
4,2,2,1,1,28,2,1,12,8,1,58488,7940,43552,2800,3820,10928,244
1,2,2,1,4,47,1,1,14,9,1,78268.2,2964,21508,3616,3576,1424,1164
1,5,2,1,1,36,2,1,14,9,1,125858,5026.6668,22222.6668,66264,2780,13077.3328,1864
3,2,1,1,4,27,1,1,14,5,1,30067,3293.3332,17804,2161.3332,1920,13866.6672,4400
2,2,2,1,4,29,2,1,15,9,1,70857,6340,16408,10220,3628,9152,1984
4,3,1,1,1,53,1,1,14,9,1,83822,2600,4008,4364,1628,4368,400
1,3,2,1,4,34,1,1,12,9,1,62916,1958.6668,6092,3558.6668,2188,12549.3328,2164
3,2,2,2,1,34,2,1,12,8,1,54453.2,3120,8070.6668,2084,3988,3040,368
4,3,2,1,4,41,1,1,15,9,1,84228,3640,7196,1056,1812,7546.6672,668
3,2,2,1,1,33,1,1,15,9,1,73365,10400,35816,1248,3604,164864,3148
1,2,1,1,1,41,1,1,15,9,1,102403.4,10120,17704,4720,3192,22032,1728
2,2,2,1,1,33,2,1,16,9,1,70292,6586.6668,31310.6668,3632,2296,9952,3336
2,3,2,2,1,38,1,1,12,9,1,85033.8,10476,8232,14564,3876,26400,4296
2,3,1,1,1,56,2,1,14,8,1,49787,2860,14748,2546.6668,2584,5840,1072
2,3,2,1,4,32,2,1,15,9,1,76608,7800,13240,14360,4560,37600,2960
3,2,2,1,4,39,2,1,16,9,1,78197.6,7480,29696,3872,3948,15200,1860
4,2,2,1,1,35,2,1,15,9,1,63660,12116,22892,5824,3804,66448,2508
4,3,1,1,1,49,2,1,15,9,1,89153,4893.3332,15926.6668,3277.3332,2784,2080,920
3,2,2,1,1,36,2,1,16,9,1,102567.6,4940,11590.6668,8188,1696,7600,3440
1,3,2,1,1,47,1,1,16,9,1,69790,9381.3332,17038.6668,2845.3332,1600,1760,680
1,3,2,1,1,55,2,1,14,9,1,115682,4492,9990.6668,2986.6668,3272,16704,1240
2,5,2,1,2,62,2,1,13,8,1,59157,9040,15508,4644,5520,40603.2,2340
1,5,2,1,1,51,2,1,12,9,1,62953,3640,10414.6668,1612,2664,15975.4672,3592
2,3,2,1,2,58,1,1,16,9,1,129432,15125.3332,19157.3332,19053.3332,2116,3840,1940
1,2,2,1,4,29,1,1,13,8,1,57752.8,1646.6668,7384,10800,1000,2640,512
4,5,2,1,2,52,1,1,16,9,1,112363,9360,15880,144896,32,53104,1392
2,3,2,1,1,54,1,1,15,9,1,105226.8,4917.3332,12145.3332,3024,1528,39008,2488
3,3,2,1,2,52,2,1,15,9,1,62802,2686.6668,3638.6668,1080,2168,21333.3328,472
4,2,2,1,1,35,2,1,16,9,1,117323.2,3466.6668,16457.3332,3660,1464,5440,3056
3,2,2,1,1,37,1,1,15,9,1,152995,9040,18828,4664,3600,15040,3116
3,9,1,1,2,50,1,4,13,4,1,20911,10920,5960,2080,4560,20960,800
3,5,2,1,4,54,2,1,15,9,1,104566,4853.3332,11028,1228,2252,9120,1108
1,3,2,1,2,42,2,1,13,9,1,70999,7386.6668,12648,6066.6668,5400,36640,2272
4,2,2,1,4,36,1,1,11,9,1,96864.2,5546.6668,25736,2616,2000,9760,980
1,3,2,1,2,55,1,1,15,9,1,108065.6,2773.3332,4032,509.3332,1432,4437.3328,1188
3,3,2,1,1,42,1,1,16,9,1,107183.2,6117.3332,16748,2720,3336,27957.3328,1396
4,3,1,2,1,47,1,1,13,8,1,52515,5720,8656,3656,3088,29755.2,5944
3,9,1,1,2,51,1,3,14,8,1,61513,15184,7384,7856,2880,35099.2,2928
2,3,2,1,1,34,2,1,12,9,1,74467,2513.3332,3387.3332,1360,2200,4933.3328,400
3,3,1,1,1,43,1,1,15,8,1,58040.6,4093.3332,12174.6668,2650.6668,4000,11776,1986.6668
3,2,1,1,1,34,1,1,13,9,1,76783,3466.6668,12682.6668,3240,2560,7680,1680
1,3,2,2,1,51,1,1,14,9,1,76985,2246.6668,4994.6668,640,840,4160,320
2,3,2,1,1,50,1,1,14,9,1,103935.2,1733.3332,5953.3332,4160,1456,10133.3328,20
1,2,2,1,1,36,1,1,16,9,1,95109.8,10626.6668,14885.3332,8453.3332,2240,20000,3168
3,2,2,1,1,27,2,1,16,9,1,104743,6380,23184,8848,5364,38880,4916
1,3,2,1,4,55,1,1,12,8,1,53325,4506.6668,16448,844,2608,6800,304
3,3,1,1,4,32,2,1,16,5,1,25669,8480,25508,3080,4640,800,24932
4,3,2,1,1,51,1,1,15,9,1,132266,11588,19124,8816,7296,1056,2060
3,3,2,1,1,45,1,1,15,9,1,126294,7506.6668,8426.6668,3160,2448,3200,400
2,2,2,1,1,35,2,1,15,9,1,74344,6586.6668,16108,3840,2672,9888,1208
3,3,2,2,1,43,1,1,14,9,1,109568,14520,17172,5460,7980,19600,2740
3,2,2,1,1,30,1,1,15,9,1,114938,6240,26800,3884,5484,36864,2364
2,2,2,1,1,34,2,1,15,9,1,112083,5460,14346.6668,4792,3956,6832,6393.3332
2,3,2,1,1,46,1,1,14,9,1,111897.4,10920,17356,179732,5604,11712,108
3,7,1,1,2,52,2,2,12,7,1,42721,7613.3332,8156,2012,3500,19493.3328,2388
3,3,2,2,1,49,1,1,12,8,1,63426,5720,9944,3884,2916,19680,792
3,2,1,1,1,47,1,1,14,8,1,54810,8060,8760,4920,4344,31616,1576
3,3,2,1,1,45,2,1,16,9,1,119647,20460,21216,70140,6096,40240,19972
3,2,2,1,1,39,1,1,15,9,1,172555,8060,48392,7108,4608,43488,1176
2,2,1,1,4,35,1,1,15,9,1,69672,2600,20832,2820,2640,12960,732
1,3,2,1,4,42,1,1,12,8,1,53878.4,11960,9112,1660,2812,24000,4100
3,3,2,2,2,44,2,1,16,9,1,144869,11700,7080,9700,4388,5856,1212
1,2,1,1,4,33,1,1,15,7,1,45042,5360,17928,5092,3864,9440,4540
3,2,2,1,1,31,1,1,15,9,1,64589,3033.3332,3996.6668,1000,1408,5920,404
3,2,1,1,4,27,1,1,13,8,1,55461.4,4160,15276,1600,3032,33098.6672,1504
1,3,2,1,1,41,1,1,16,9,1,101127,7677.3332,16286.6668,1125.3332,3640,32000,312
1,3,2,1,4,51,1,1,10,8,1,47876,11700,19048,5760,4408,3840,360
4,3,2,1,1,46,2,1,13,9,1,86730,3586.6668,5560,2265.3332,2504,4896,612
2,2,2,1,4,28,1,1,16,6,1,38498,4573.3332,9220,4888,2136,1440,200
4,2,2,1,1,35,1,1,12,9,1,97547,2582.6668,6232,560,1568,5989.3328,1112
3,2,2,1,2,32,2,1,13,8,1,54271,6413.3332,6368,5608,2276,5088,2916
1,3,2,1,1,58,1,1,12,9,1,100484,4177.3332,7112,3172,2516,16229.3328,2768
1,9,1,1,1,32,2,5,14,6,1,34974.2,5546.6668,8713.3332,880,3320,11196.8,2560
4,3,2,1,4,64,1,1,15,9,1,77822.8,3033.3332,9792,4513.3332,1800,6176,1912
3,2,2,1,1,44,2,1,16,9,1,91745,6066.6668,15830.6668,9142.6668,3184,43392,2312
3,3,2,1,1,42,2,1,16,9,1,108116,10122.6668,17008,5134.6668,2868,14080,768
3,2,2,1,2,32,1,1,15,9,1,125648,8320,11900,3300,4820,12960,1600
3,4,1,1,4,40,1,1,13,7,1,46011,12600,16256,5188,2960,29040,2716
4,4,2,1,4,40,1,1,13,7,1,44162,12076,13320,1968,3988,5280,1660
3,5,2,1,1,42,2,1,15,9,1,124488,13866.6668,14634.6668,2372,4972,13756.8,5200
3,4,1,1,1,35,1,1,12,6,1,37738,7020,28872,17800,7700,24480,1164
3,4,2,1,2,40,1,1,12,9,1,114944.8,14320,43144,4436,8892,8576,6888
2,4,2,1,1,46,1,1,13,9,1,127248,11700,17852,4904,7432,14720,1404
3,4,2,1,4,37,2,1,12,8,1,57529,2253.3332,5760,640,1600,12480,620
3,4,1,2,1,48,1,1,14,8,1,55235.8,3033.3332,3681.3332,2120,2052,11173.3328,572
1,4,2,1,1,47,1,1,14,9,1,109718,7280,19024,9800,4644,52800,2916
4,5,2,1,1,44,2,1,15,9,1,140121,6456,11116.6668,4745.3332,3524,2878.4,860
3,9,1,1,4,35,1,5,12,6,1,35985.2,6240,12520,4112,3860,5035.2,1912
2,5,2,1,1,35,1,1,16,9,1,110810.2,5610.6668,26634.6668,1680,3840,20800,12596
4,9,1,1,2,54,1,2,12,9,1,99634.4,7800,8700,64780,5628,46395.2,1296
3,4,2,1,1,38,1,1,13,9,1,106384,6760,24824,13120,3120,17680,1600
2,3,1,1,2,44,1,1,15,8,1,49326.4,4966.6668,3976,480,1604,8336,468
3,3,1,1,1,47,1,1,13,6,1,42143,8682.6668,14892,3492,3812,18272,560
1,3,2,1,1,41,1,1,15,8,1,52455.4,6240,22190.6668,7072,3680,4160,2480
3,3,2,1,1,37,1,1,13,9,1,102575.8,5026.6668,12232,1276,2332,8384,3256
4,3,2,1,4,34,1,1,11,8,1,51306,7106.6668,14640,2733.3332,3440,2773.3328,2280
2,3,2,1,1,38,1,1,15,9,1,127525,12132,39252,18616,6500,48064,5108
3,3,2,1,4,29,2,1,13,9,1,88909,5228,20728,11456,7940,22160,1280
1,3,2,1,2,51,1,1,15,9,1,125007,2877.3332,15157.3332,726.6668,2408,6293.3328,1372
1,2,2,1,1,38,2,1,15,9,1,162681,18809.3332,43256,19536,6040,22560,21560
1,3,2,1,1,35,1,1,15,9,1,101005,5480,17296,124117.3332,2240,14304,6188
1,3,2,2,1,47,1,1,12,9,1,116997,21248,28596,19636,7152,12688,10808
4,2,2,1,1,30,1,1,15,9,1,177030,10693.3332,45126.6668,7853.3332,3016,57600,8560
3,3,2,1,1,39,1,1,16,4,1,24097,8666.6668,14985.3332,8004,2000,3466.6672,5320
4,2,2,1,4,29,1,1,12,9,1,87256,5980,14340,7284,3252,31200,1068
4,2,2,1,1,33,2,1,13,9,1,124762,3986.6668,12054.6668,1765.3332,2060,28896,2596
3,3,2,1,1,37,2,1,16,9,1,146525.6,20260,16164,4800,3752,26000,1336
1,3,2,1,2,62,1,1,14,9,1,75082,23048,15840,8220,1488,91488,6780
3,2,2,1,4,37,1,1,15,9,1,117066,8792,43494.6668,11828,4360,3200,1244
3,3,2,1,1,33,2,1,15,9,1,68366,4220,24212,3276,3420,9616,1896
4,3,2,1,1,51,1,1,13,9,1,142371,13520,34292,11616,7704,18320,3640
3,3,2,1,1,36,1,1,13,9,1,71405.4,6760,18800,3132,3880,2400,1376
3,3,1,2,4,31,1,1,12,5,1,33767,5720,12632,2020,6152,9600,2152
4,3,1,1,1,50,1,1,15,9,1,73768,4853.3332,5801.3332,1000,1620,4240,2548
3,2,2,1,1,28,2,1,15,9,1,84455,15620,12734,106516,7184,9360,1196
2,2,2,1,1,31,2,1,14,9,1,72086,1629.3332,4757.3332,492,992,6720,1080
2,3,2,1,2,43,2,1,16,9,1,118339.6,3240,3140,2225.3332,2640,1152,1836
1,3,2,2,2,46,2,1,16,9,1,120535,7186.6668,11096,3644,2556,26901.3328,4481.3332
1,2,2,1,1,34,1,1,15,9,1,129060.2,6240,20729.3332,4012,4000,16320,6956
4,2,2,1,1,29,1,1,12,9,1,64475,3733.3332,3775.3332,344,1060,485.3328,492
1,3,2,1,1,52,2,1,12,9,1,86588.6,7020,14692,2184,2208,4480,588
4,9,1,1,4,40,1,5,12,7,1,41712.6,8320,18120,2100,1840,5712,792
4,3,2,1,4,48,1,1,12,9,1,69082.4,6053.3332,11536,2600,1976,41696,368
4,2,2,1,1,34,2,1,15,9,1,126989.2,14040,31077.3332,4717.3332,1380,23680,3008
4,3,2,1,1,41,2,1,15,9,1,91299,3354.6668,7534.6668,3040,1240,3360,2040
2,3,2,2,4,35,1,1,11,8,1,65583.4,2733.3332,10728,8116,792,128,6800
4,2,2,1,1,31,1,1,13,9,1,115629,9400,28004,11000,3540,13360,1080
2,3,2,1,1,46,1,1,13,9,1,101199,4986.6668,21672,4232,3320,13802.6672,1780
3,5,2,1,1,29,2,1,13,8,1,52846,3813.3332,7586.6668,2484,4092,11200,760
3,2,2,1,2,33,2,1,15,8,1,62923.2,4704,5000,3220,1920,27232,4492
1,3,2,1,4,34,2,1,14,8,1,53405,7020,28192,10316,6372,4000,3680
3,2,2,1,4,33,2,1,15,8,1,59656,3120,5684,4240,1104,7733.3328,1260
1,2,2,1,1,38,1,1,16,9,1,120828,8933.3332,15485.3332,3980,2312,27957.3328,9312
3,3,2,1,1,34,2,1,14,9,1,97576,1478.6668,7701.3332,1304,960,970.6672,1820
4,2,2,1,1,30,2,1,15,9,1,79058.4,6673.3332,4657.3332,914.6668,1340,4188.8,232
3,2,2,2,4,32,2,1,14,9,1,97583,5200,19616,9444,3424,9280,816
4,2,2,1,1,40,1,1,13,9,1,134524,9221.3332,25085.3332,4217.3332,4052,5909.3328,11404
3,2,1,2,1,35,1,1,13,8,1,49586,2080,1586.6668,1424,920,3200,1200
4,3,2,1,1,45,1,1,12,5,1,34628.8,11093.3332,9929.3332,1772,4000,12800,3708
2,3,1,1,1,38,1,1,15,9,1,113099,15540,41880,8348,2808,1760,3128
3,3,2,1,1,40,2,1,14,8,1,64746,7800,7933.3332,6200,2328,31893.3328,1544
1,3,2,1,1,31,2,1,14,8,1,56181.4,953.3332,4197.3332,400,1600,869.3328,416
3,3,2,1,2,33,2,1,12,9,1,67906,13000,9076,191752,4492,25568,4124
3,2,1,2,2,28,1,1,12,5,1,32960,4576,3433.3332,3204,2500,1600,568
2,3,2,1,1,49,1,1,16,9,1,133636.4,24700,31648,11608,9528,13680,4360
3,3,2,1,1,48,1,1,15,9,1,83034,3293.3332,3222.6668,557.3332,1680,8533.3328,8352
4,3,2,1,1,40,2,1,14,9,1,111886.6,11960,58616,12600,7360,28096,4520
1,3,2,1,1,47,2,1,16,9,1,105310.4,15080,28312,3432,2868,36800,1320
2,3,2,1,4,32,2,1,14,9,1,78436,6213.3332,13400,5848,3400,26560,1572
2,3,1,1,1,37,1,1,12,5,1,31368.6,7280,8317.3332,3520,3920,9600,192
4,3,1,1,1,50,1,1,13,9,1,100956.2,3144,7366.6668,1320,2460,15840,3796
2,3,2,1,1,35,1,1,12,9,1,85059,3761.3332,5857.3332,1570.6668,1816,8186.6672,1364
4,3,2,1,1,39,2,1,16,9,1,109495,5200,26266.6668,1840,3440,34560,1360
3,3,2,2,2,28,2,1,14,7,1,43637,2981.3332,1645.3332,846.6668,1432,2272,3800
3,3,1,2,1,35,1,1,12,9,1,94150,13000,15268,4188,5640,1248,5528
1,3,2,1,1,37,2,1,16,9,1,99150.2,7189.3332,21250.6668,3256,4228,16000,1440
2,3,2,1,1,47,2,1,13,9,1,69856,18120,24068,8640,5680,2880,1892
4,2,2,2,1,27,1,1,12,9,1,94887.2,3640,7792,3048,3560,15680,1528
3,3,2,1,4,48,1,1,15,9,1,118064.2,9880,21912,4832,4672,18720,2100
3,2,2,1,1,40,1,1,15,9,1,95505.8,7130.6668,18912,2357.3332,2544,9642.6672,1920
3,3,2,1,4,48,1,1,12,9,1,101946,10660,21240,5352,3140,29536,4700
2,3,1,1,1,47,1,1,15,9,1,107937.8,3380,3606.6668,9280,1280,19200,600
3,3,2,1,1,48,1,1,15,9,1,129472.6,4506.6668,8640,5536,5920,7680,1760
4,3,1,1,1,36,1,1,15,8,1,62501,5200,10813.3332,1836,4076,27040,1956
3,3,2,1,1,28,1,1,12,9,1,74292.8,8060,27160,4104,6820,21280,2176
1,3,2,1,4,57,1,1,15,8,1,56737,2593.3332,8090.6668,584,1340,7626.6672,524
2,2,2,1,1,28,1,1,14,8,1,62735,1993.3332,6210.6668,1284,912,127296,500
2,3,2,1,1,43,2,1,16,9,1,110609.4,5893.3332,8656,3553.3332,3440,21760,1012
2,2,2,1,1,35,1,1,14,9,1,71729,11700,20388,12004,4564,16800,6924
3,3,2,1,1,40,2,1,15,9,1,79528,7130.6668,14332,4026.6668,2388,22640,4496
1,3,2,1,1,32,1,1,12,9,1,71354.2,3986.6668,11980,2800,2264,4800,9732
4,3,2,1,4,32,2,1,15,8,1,57480,4373.3332,10080,1484,3212,17440,1916
3,3,2,1,1,45,1,1,15,9,1,160516,7066.6668,15677.3332,8160,5964,7360,10444
3,3,2,1,4,51,1,1,10,6,1,39503.4,5526.6668,7249.3332,5672,1928,1200,1024
3,2,2,1,1,33,1,1,16,9,1,84850,8004,21140,45108,2580,92576,2640
1,3,2,1,1,45,1,1,15,9,1,155878,12226.6668,40416,3376,5556,17200,2544
1,2,1,1,4,30,2,1,14,6,1,42825,3466.6668,7029.3332,1384,1856,3466.6672,2560
4,3,1,1,1,51,1,1,16,9,1,132552,9533.3332,31509.6668,2000,6800,35200,2648
3,3,2,2,1,28,2,1,13,8,1,63906,2946.6668,5225.3332,760,1880,1040,620
3,3,2,1,1,44,1,1,13,9,1,110258.4,5546.6668,10025.3332,652,3912,25226.6672,1056
4,3,2,1,4,34,2,1,15,9,1,148699,6933.3332,21838.6668,3506.6668,1612,3600,8420
1,3,2,1,1,46,2,1,15,8,1,57323.4,5546.6668,14752,720,3040,13866.6672,2320
1,3,1,1,4,35,1,1,15,9,1,89391,9360,44448,23240,5080,20800,2080
1,3,2,1,1,33,2,1,16,9,1,98779,6933.3332,13953.3332,3066.6668,3344,4160,1336
2,3,2,2,2,33,1,1,16,9,1,68528.8,7130.6668,3680,4800,1800,8320,3670.6668
2,3,2,1,1,37,1,1,13,9,1,107554.6,7800,12560,2400,2400,13866.6672,3984
2,2,2,1,1,50,1,1,15,9,1,97930,7053.3332,26132,3193.3332,2904,15866.6672,8100
2,3,2,1,1,41,1,1,16,9,1,92637.8,7386.6668,9632,6988,3844,2880,2320
2,3,2,1,4,47,1,1,16,9,1,178264,4660,11200,620,1372,128,876
1,3,2,1,1,40,1,1,15,9,1,101051.4,3873.3332,5737.3332,912,1180,2832,344
1,2,2,1,1,36,2,1,16,9,1,94431,13940,37900,5020,5748,36000,4108
2,3,1,1,1,35,1,1,16,9,1,89396.2,11960,22404,3708,4520,14928,2248
3,3,2,1,2,46,1,1,13,9,1,65325,2920,2706.6668,1214.6668,2160,11680,2032
3,3,1,1,1,48,1,1,15,9,1,134548,5893.3332,33325.3332,13220,4640,9600,7100
4,3,2,1,4,38,2,1,15,9,1,103311,6620,41176,4560,8276,960,2760
2,3,2,1,1,39,1,1,13,9,1,69206.2,5980,15532,2988,6780,16000,2832
3,3,2,1,2,37,2,1,16,9,1,124703.8,5784,9682.6668,4176,1484,18224,2520
3,3,1,1,1,35,1,1,15,9,1,98029,11420,9516,55880,3672,43408,3272
4,3,2,1,1,38,2,1,15,9,1,110293,15768,37184,6500,4112,12160,3028
3,3,2,1,4,38,2,1,13,7,1,44640,6240,17460,1780,8880,16960,1120
4,2,2,1,4,31,2,1,15,8,1,50455,5720,17560,8288,4352,400,1104
2,2,2,1,4,31,1,1,15,8,1,54194,6965.3332,17084,2604,1544,14800,568
1,3,2,1,1,43,2,1,15,9,1,84105.6,7312,28985.3332,5080,4192,50720,920
1,3,2,1,1,36,1,1,16,9,1,81360.8,11128,21808,7180,4120,2400,6216
4,3,1,1,1,40,1,1,16,9,1,117805,7300,8052,8556,3908,17440,6108
3,3,2,1,4,42,2,1,15,9,1,76050.2,7282.6668,8004,1800,4244,9226.6672,1772
3,3,2,1,1,36,2,1,16,9,1,89810,8580,12068,4276,3864,2400,1400
4,3,2,1,1,42,1,1,15,9,1,116182.4,9168,19580,1760,4500,19200,8328
4,3,2,1,1,38,2,1,16,9,1,128005,8493.3332,20138.6668,960,2376,30048,881.3332
2,3,2,1,1,39,1,1,16,9,1,135475.6,7206.6668,11489.3332,4405.3332,2116,9045.3328,3704
4,3,2,1,1,48,2,1,15,9,1,105921,5846.6668,8930.6668,3396,3024,4080,2568
1,2,2,1,1,37,2,1,16,9,1,110158,2422.6668,14420,5024,2812,3466.6672,800
3,3,2,1,2,52,1,1,14,9,1,108262,7540,12020,10008,5800,17280,1664
1,3,1,1,1,40,1,1,15,9,1,108051,14560,28956,8264,6600,17264,11900
4,2,2,1,1,33,2,1,15,9,1,92789.4,9100,31408,5964,4052,32000,1804
3,9,1,1,4,54,2,2,13,5,1,34764,2080,7476,3840,2468,24480,876
3,3,2,1,1,42,1,1,16,9,1,69997,11460,43284,8816,5124,19824,7080
2,3,2,1,1,46,2,1,13,7,1,41120.2,7973.3332,10430.6668,2000,3544,11488,516
4,3,2,1,1,39,1,1,12,9,1,112050.8,4053.3332,9510.6668,2341.3332,2304,9344,1340
3,3,1,1,4,37,1,1,12,1,1,650,2946.6668,3952,341.3332,708,960,372
1,3,2,1,1,50,2,1,16,9,1,197258.4,12612,20058.6668,31384,5008,16768,3076
4,3,2,1,1,29,2,1,15,9,1,71602,13160,38060,8556,5596,6480,2916
4,3,1,1,1,51,1,1,12,4,1,25265,1958.6668,1782.6668,2093.3332,884,1552,220
3,2,2,1,1,32,1,1,15,9,1,72527.4,7280,36620,1660,8340,56624,4184
2,2,2,1,1,38,1,1,14,9,1,148992,5893.3332,15317.3332,1600,3440,10400,1600
2,3,2,1,1,39,1,1,16,9,1,130046.8,3466.6668,10037.3332,453.3332,1680,10400,468
2,3,2,1,1,37,1,1,10,7,1,45111.6,5784,4606.6668,1736,3460,19146.6672,704
4,3,2,1,1,35,1,1,12,8,1,63375,9880,11144,4192,4160,4160,576
2,2,2,1,1,46,1,1,15,9,1,135486,10746.6668,17152,5898.6668,3300,40800,1832
1,3,2,1,1,36,1,1,15,9,1,94310.4,16120,74064,4688,6240,4800,3888
2,3,2,2,1,29,1,1,12,8,1,61356,3817.3332,2774.6668,906.6668,1560,3882.6672,5316
3,3,2,1,1,45,1,1,13,9,1,110707,6480,8061.3332,6136,2080,103872,2252
3,3,2,1,4,49,1,1,15,9,1,80897,12340,32516,7380,10932,30160,8088
1,2,2,1,4,41,1,1,13,9,1,140360,6413.3332,18800,960,4080,11093.3328,1856
2,3,2,1,1,41,2,1,15,9,1,128591,10920,12613.3332,10956,3280,7626.6672,3020
3,2,1,1,4,34,1,1,16,6,1,38473.2,13000,11728,448,616,6640,1680
4,3,2,1,1,48,1,1,15,9,1,105841.2,18004,19792,2160,4460,63616,6180
2,3,2,1,4,40,1,1,13,9,1,67765,10200,12520,1480,3744,1600,3816
2,2,2,2,1,36,2,1,13,7,1,42509,606.6668,8830.6668,544,1360,7893.3328,244
2,3,2,1,1,43,1,1,15,9,1,70703,5720,13366.6668,2896,3216,12138.6672,1000
1,3,2,1,4,46,2,1,10,1,1,1250,5200,8688,800,1688,3200,552
3,3,2,1,2,32,2,1,12,9,1,80206,6213.3332,7104,2938.6668,3520,25194.6672,2480
1,2,2,1,1,37,2,1,15,9,1,108363.4,1646.6668,15418.6668,3812,1720,2880,4260
2,3,2,1,4,48,1,1,13,8,1,54889,10080,17784,2436,7516,9120,344
1,2,2,1,1,45,2,1,15,9,1,105976,3986.6668,16682.6668,9916,3316,20117.3328,1916
3,3,2,1,1,38,2,1,15,9,1,128387.8,3986.6668,12200,1600,1604,6933.3328,652
1,3,2,1,1,52,1,1,15,9,1,120972,22160,29764,10956,7184,20800,8764
2,3,2,1,1,41,2,1,15,9,1,177195.8,5330.6668,8212,6964,2028,10880,2292
3,3,2,1,1,48,1,1,13,8,1,62411.8,10053.3332,7784,2100,4936,11520,2020
1,2,1,1,2,55,1,1,15,9,1,84733,9480,19240,2860,6072,480,1460
3,3,2,1,1,34,2,1,14,8,1,59846.8,7130.6668,6789.3332,1280,2632,12800,576
3,3,1,1,1,31,1,1,12,6,1,39836,8813.3332,9912,2488,3380,1040,3836
4,3,1,1,1,37,1,1,11,7,1,43811,14240,13196,6640,4120,108336,3420
1,3,2,1,1,35,2,1,16,9,1,145568.6,8280,24198.6668,95344,1428,25600,3128
2,3,2,1,1,52,2,1,13,9,1,122036.6,9128,13756,3780,3236,11530.6672,3228
4,5,2,1,4,63,2,1,13,7,1,50547.6,8773.3332,11048,2706.6668,1448,4156.8,192
4,3,2,1,1,35,2,1,16,9,1,67633,2600,5837.3332,644,1080,1200,2172
2,2,2,1,4,32,2,1,15,9,1,78412,10920,19900,6496,4700,17392,9080
4,2,2,1,2,34,1,1,15,9,1,114357,15784,59660,9580,3840,5024,2132
2,3,2,1,1,39,1,1,16,9,1,112604,7280,17713.3332,2100,3720,8960,3680
2,2,2,1,1,45,1,1,16,9,1,106066.2,8320,23284,22532,4616,7280,2620
1,3,2,1,1,50,1,1,15,9,1,124425.4,8413.3332,22812,2153.3332,4080,29866.6672,2160
3,3,2,1,1,51,1,1,15,9,1,152522,4420,3262.6668,500,1004,14480,980
1,3,2,1,1,36,2,1,16,9,1,90292,3280,12683,1386.6668,340,9536,2648
3,3,2,1,2,33,1,1,13,9,1,139600.2,14080,16584,3760,3984,25600,2940
4,3,2,1,4,38,2,1,16,8,1,52997,8168,2264,3801.3332,852,368,2896
4,2,2,1,4,38,2,1,13,1,1,2650,4600,17140,1600,3600,8480,1140
3,3,2,1,1,39,2,1,16,9,1,109323,17272,27784,5032,5600,16080,7728
2,3,2,1,1,37,2,1,16,9,1,172430.2,8397.3332,17526.6668,2160,1800,7200,3716
4,2,2,1,1,35,1,1,14,9,1,128124,5720,19125.3332,5200,3960,12746.6672,1256
4,3,2,1,1,54,1,1,15,9,1,162744,7313.3332,47624,10044,5436,3872,25512
3,2,2,1,1,32,1,1,16,8,1,61970.4,5720,15776,7036,2000,10400,480
2,2,1,1,1,29,1,1,13,9,1,86316,8533.3332,17740,9444,3288,9365.3328,1144
1,3,2,1,1,53,2,1,16,9,1,156322,3773.3332,21669.6668,908,1840,3200,1320
1,3,2,1,1,40,1,1,15,9,1,103248,10680,21472,3788,4464,13008,2240
3,3,2,1,1,43,1,1,15,9,1,110197,6760,13568,960,3540,8458.6672,1280
2,3,1,1,1,46,2,1,13,7,1,42827.8,2253.3332,5050.6668,2408,636,80,440
3,3,2,1,1,28,1,1,12,9,1,116180,7480,16096,2181.3332,3404,10800,3200
3,3,2,1,1,38,1,1,12,9,1,99278,3206.6668,4353.3332,4968,1640,7973.3328,4432
4,3,1,1,4,34,1,1,12,9,1,73448,4149.3332,17288,2441.3332,1340,6800,3428
1,3,2,1,1,52,2,1,15,8,1,51262,8708,16684,2276,3592,21600,1124
2,3,2,1,4,39,2,1,15,9,1,79365,6837.3332,15280,2952,3420,20144,4120
1,2,2,1,4,37,2,1,15,9,1,70976,6586.6668,22208,2522.6668,2948,9920,1152
1,2,1,1,2,36,1,1,16,9,1,97067,10400,41542.6668,1173.3332,3844,9712,10692
3,3,2,1,4,34,2,1,11,9,1,96233,4573.3332,15816,110128,4080,1920,2704
2,3,2,1,1,34,2,1,15,9,1,82503,21572,37632,17412,3720,43440,11236
3,2,2,1,4,33,2,1,10,5,1,35625,4506.6668,11485.3332,2620,2672,1280,1800
2,2,2,1,1,30,2,1,16,9,1,79760,5860,15012,2776,1812,30320,3064
1,2,2,1,2,33,2,1,12,9,1,153549.6,5200,6840,1046.6668,1520,2080,5208
2,3,2,1,4,32,2,1,14,9,1,71807.6,4061.3332,5260,1246.6668,1080,5600,952
2,3,2,1,4,46,1,1,12,8,1,59357,2773.3332,12709.3332,6885.3332,3048,20901.3328,2572
4,3,2,1,1,45,1,1,16,9,1,189146,5840,28602.6668,6964,1848,11680,2040
3,3,2,1,1,49,1,1,15,9,1,126182,6898.6668,11046.6668,127536,5200,23680,400
3,5,2,1,1,55,1,1,12,9,1,107931,13520,18680,4572,5000,7280,2752
2,3,2,1,2,49,2,1,12,9,1,74241,7101.3332,14042.6668,2716,3876,12080,672
3,3,2,1,1,42,1,1,12,9,1,71574,4040,18176,5130.6668,4516,6400,1048
4,3,2,1,1,45,1,1,16,9,1,102881,7373.3332,24880,11080,2416,12245.3328,504
1,3,1,1,1,42,1,1,15,9,1,91180,8304,19217.3332,7648,4720,7360,2000
1,3,2,2,4,27,2,1,12,5,1,35037,4333.3332,10944,2288,4032,448,364
4,2,2,1,4,40,1,1,16,9,1,144678,2860,11712,685.3332,1804,1808,464
3,3,2,1,1,39,2,1,15,9,1,133581.4,6640,21916,3928,3216,15893.3328,13288
2,2,2,1,4,34,1,1,16,9,1,148689,3553.3332,9256,964,720,12512,32
3,3,1,1,2,62,2,1,15,1,1,1680,3068,2600,1582.6668,1052,7872,800
1,3,2,1,1,50,1,1,12,9,1,79572.8,3809.3332,9544,657.3332,1430.6668,2085.3328,712
2,2,2,1,1,34,1,1,15,9,1,155544,3140,49664,2242.6668,1600,4576,3388
1,5,2,1,1,37,2,1,14,7,1,44415,3293.3332,19809.3332,2416,2632,1280,2800
2,7,1,1,4,35,2,5,12,4,1,25534.6,6760,6948,240,1548,1440,360
2,7,1,2,1,28,2,5,13,2,1,9773,4680,6532,2680,2408,48,1236
1,7,1,1,1,38,2,3,16,9,1,65201,6400,14758.6668,3764,3520,8320,2520
3,6,1,1,4,33,1,5,15,9,1,66377,8112,35276,3788,1484,26720,3560
3,7,1,1,2,50,2,3,15,8,1,55365,7800,9136,4744,5936,54048,1260
2,6,1,1,1,43,1,3,14,9,1,91949,13260,18328,7724,2628,18720,3028
3,7,1,1,1,32,2,5,16,8,1,46061,1560,6573.3332,2280,760,3466.6672,660
2,7,1,1,4,33,2,5,11,4,1,23554,3900,9156,1200,1188,4992,960
3,7,1,1,2,39,2,5,13,5,1,30369,5546.6668,4953.3332,1084,3080,18656,1168
3,7,1,1,4,30,2,5,15,6,1,36902,3293.3332,8800,1280,1644,869.3328,320
3,7,1,1,1,46,2,2,14,9,1,89663,9100,20164,5792,3944,14400,7320
4,7,1,1,4,31,2,3,12,5,1,31360,7800,10316,2384,1052,8400,2392
2,7,1,1,4,34,2,3,14,6,1,33543,2080,9536,2144,340,2944,872
2,9,1,1,4,41,2,5,12,4,1,24626,2600,4760,1328,1088,2016,816
1,6,1,2,1,49,1,3,16,9,1,107638,12640,21512,7752,7492,26768,9752
2,7,1,1,4,42,2,4,14,8,1,50235.8,1906.6668,4200,2189.3332,644,4000,432
4,6,1,1,4,44,1,3,15,9,1,94472,8400,37400,2501.3332,1400,23040,1400
2,7,1,1,1,34,2,3,16,9,1,70028.6,2860,3237.3332,1316,1420,2074.6672,296
3,7,1,1,4,32,2,5,15,5,1,32317.2,3000,4212,240,800,5546.6672,388
3,6,1,1,1,49,1,3,15,9,1,81626.6,5026.6668,6901.3332,6884,1480,27733.3328,284
3,7,1,1,4,28,2,5,15,9,1,78154,3380,16224,4024,2040,13264,1156
2,7,1,1,1,43,2,3,16,9,1,84492,7280,30084,2568,5000,17520,5056
3,7,1,1,4,29,2,3,13,5,1,27460,1866.6668,5945.3332,720,400,2880,1280
3,7,1,1,4,36,2,3,14,7,1,44286,6293.3332,8800,2052,2520,12960,960
4,7,1,1,4,33,2,5,13,7,1,40075,6426.6668,13824,3177.3332,4448,2688,2784
2,7,1,1,1,46,2,3,15,8,1,47951,2753.3332,3924,306.6668,1180,2160,1476
3,7,1,1,4,43,2,3,15,8,1,55483,6933.3332,11220,1704,1816,45888,4104
1,6,1,2,1,47,1,3,11,7,1,45601,21840,14026,3112,6000,24523.2,3548
4,7,1,1,1,43,2,3,14,6,1,38754,5026.6668,9233.3332,1792,2744,25600,216
4,6,1,1,2,52,1,4,15,8,1,45240,9900,18276,6800,8788,12192,1320
2,7,1,2,4,34,2,3,14,5,1,31425,4850.6668,8288,2304,2928,2080,2568
1,5,2,2,2,45,2,1,12,9,1,104553.8,3640,6292,1164,3072,7698.1328,800
2,3,2,1,4,33,2,1,12,8,1,60547,3866.6668,8992,7296,2728,4640,3904
3,3,2,1,1,33,1,1,12,9,1,81084.6,2600,5673.3332,3060,2792,12800,904
1,3,2,1,1,37,1,1,12,9,1,136702,7386.6668,24285.3332,7394.6668,2480,7013.3328,5000
4,3,2,2,1,30,2,1,12,7,1,49670.4,1733.3332,11182.6668,2604,3464,17600,160
3,3,2,1,4,29,1,1,11,9,1,112399,6760,15792,7028,3280,15744,4184
2,3,2,1,1,36,1,1,14,9,1,138619.6,5200,23117.6668,1500,2440,11696,17192
2,3,2,1,1,39,1,1,14,9,1,109840.8,5560,36256,11720,5828,34240,8716
3,3,2,1,1,54,1,1,15,9,1,114684,8448,17470.6668,7801.3332,3380,8000,3008
1,3,2,1,1,36,1,1,13,9,1,84787,6980,25644,5308,4916,6816,10956
4,3,2,1,1,39,2,1,14,9,1,78687,6760,6704,6808,3976,26240,2696
2,3,2,1,1,37,2,1,16,9,1,174625,18420,30544,11820,4608,97776,9856
3,3,2,1,1,39,2,1,14,9,1,79104,5962.6668,9128,4024,2484,24144,1584
1,3,2,1,1,34,1,1,13,9,1,106875,15964,16572,4336,7128,6400,5808
2,3,2,1,1,39,2,1,12,6,1,40072.6,5098.6668,2985.3332,2680,1296,4853.3328,732
3,3,2,1,1,30,2,1,14,9,1,79812,4469.3332,9904,1454.6668,1440,11216,2256
3,2,2,1,1,29,2,1,15,9,1,84097,15600,32948,6192,2552,11584,9672
4,3,2,1,1,33,2,1,15,8,1,63435,4373.3332,8614.6668,3280,2760,13866.6672,80
3,5,2,1,2,61,2,1,10,7,1,49733.4,7100,8384,8052,4308,13120,2024
2,2,2,1,1,36,1,1,15,9,1,144079,6760,24636,9000,2020,188496,2896
3,3,2,1,1,48,1,1,12,9,1,76636,6500,18524,12080,3508,41184,1680
4,3,2,1,1,37,1,1,15,9,1,99164.6,3053.3332,7733.3332,2592,1328,6400,1768
3,3,2,1,1,38,2,1,13,9,1,114775,12700,14936,3024,3652,101035.2,4748
3,3,2,1,4,31,2,1,13,8,1,52144.2,1820,6660,2553.3332,1440,13386.6672,480
2,3,1,1,2,44,2,1,12,6,1,41043,5200,5058.6668,1756,2472,10058.6672,5112
4,3,1,2,4,56,1,1,10,6,1,38738,14040,13620,2480,1628,31040,1632
1,3,2,1,4,40,2,1,12,5,1,34393,9500,23760,11016,4080,960,2268
2,3,2,1,1,45,2,1,15,9,1,81148.2,11512,12648,1800,6840,11520,2920
4,3,2,1,4,41,2,1,11,7,1,46561,2253.3332,6700,973.3332,300,160,80
1,3,2,1,1,43,2,1,16,9,1,136853.8,9360,20780,2496,4004,14720,4700
2,3,2,1,1,33,2,1,13,8,1,61839,14200,28396,3920,7224,26400,1848
4,3,2,1,1,46,2,1,13,8,1,59453.6,2513.3332,7138.6668,2356,2188,5920,4340
2,3,2,1,1,38,2,1,16,9,1,129999,11254.6668,21776,8442.6668,2824,15866.6672,17060
1,3,2,1,1,40,2,1,16,9,1,118586,21220,34224,9260,9316,12400,7840
3,3,2,1,4,38,2,1,11,9,1,82899,7477.3332,12468,9326.6668,2552,16917.3328,720
4,3,2,1,1,45,1,1,16,9,1,78227.2,2686.6668,6541.3332,1018.6668,2012,8672,2912
2,3,2,1,1,44,1,1,15,9,1,103228,4060,6890.6668,1000,1400,1440,1588
4,2,2,1,1,39,2,1,15,9,1,90657,8493.3332,10132,1420,2420,41616,1792
2,3,2,2,1,38,1,1,12,8,1,58456.8,3380,3814.6668,600,1396,2112,504
1,3,2,1,4,29,2,1,15,9,1,84063,2253.3332,19148,3528,3608,9600,1896
2,2,2,1,1,34,2,1,15,9,1,107996.4,7280,31017,245636,5088,24080,1500
4,3,2,1,1,40,2,1,16,9,1,70385,4506.6668,8610.6668,4820,2812,7040,624
2,3,2,1,1,47,1,1,16,9,1,176457,19360,34692,5200,3260,32000,1104
1,3,2,1,4,30,2,1,13,9,1,142898,2080,15674.6668,756,2868,6720,160
1,3,2,2,2,44,1,1,16,9,1,98982,3629.3332,4322,1642.6668,2116,18240,772
3,3,2,1,4,34,2,1,13,9,1,81647,33800,29096,72984,5328,1280,3084
3,3,2,1,1,39,1,1,15,9,1,123238,3250.6668,10289.3332,1200,2460,6000,2400
3,3,2,1,4,32,1,1,12,9,1,69747,13960,19960,20568,4032,5920,4536
2,3,2,1,1,38,2,1,14,9,1,71011,8266.6668,33673.3332,1448,6524,5280,7532
2,3,2,1,1,40,1,1,15,9,1,86110,9553.3332,17273.3332,1444,2236,14986.6672,5724
4,3,1,1,1,31,1,1,13,8,1,65071,2080,6604,2140,1720,5200,648
3,2,2,1,1,35,1,1,15,9,1,219251,14980,34256,14356,4980,27488,5540
1,3,2,1,2,46,1,1,16,9,1,218926,15784,53113,10432,8924,31728,7632
2,2,2,1,1,34,2,1,15,9,1,217504,2166.6668,17685.6668,3556,1400,2981.3328,2284
4,3,2,1,4,43,1,1,12,8,1,59367,6040,13626.6668,8128,1948,9536,432
3,3,2,1,4,40,1,1,16,9,1,142399.2,14760,32780,3748,3620,22880,11320
2,2,1,1,4,33,1,1,11,9,1,67843,3726.6668,3644,4126.6668,724,15360,2000
2,3,2,1,1,37,1,1,15,9,1,106876,1973.3332,14942.6668,1040,1384,976,432
3,3,2,1,1,35,1,1,13,9,1,72489.6,10688,12366,4792,5520,15600,8700
4,2,2,1,1,35,2,1,15,9,1,112014,10573.3332,20733.3332,1626.6668,4400,16800,2076
1,2,2,1,1,37,1,1,16,9,1,122008,4853.3332,64960,1520,4080,10784,624
2,3,2,1,2,47,2,1,12,8,1,60264.8,4706.6668,7533.3332,2253.3332,3260,7200,280
4,2,1,1,1,29,1,1,13,6,1,41819,5720,24514,4788,3528,20736,348
3,3,2,1,1,39,1,1,15,9,1,70528,14040,27948,6141.3332,3140,9280,4284
2,3,2,1,1,36,1,1,14,8,1,59103,866.6668,5781.3332,240,3100,1200,400
4,3,2,1,1,34,2,1,14,6,1,43838,6184,12638.6668,2936,2572,28080,3548
4,7,1,1,4,31,2,3,12,5,1,30755,3796,16220,2988,1740,4432,1680
1,7,1,1,1,38,2,3,16,9,1,72842,7120,18706.6668,2440,1648,10240,3320
4,7,1,2,4,30,2,5,12,5,1,28266.6,5026.6668,8160,1346.6668,1000,2560,504
3,7,1,1,1,34,2,3,15,9,1,72921,11920,43812,2708,5984,26176,2396
4,6,1,1,1,40,1,3,12,5,1,33502,7880,15384,2380,4120,6240,1200
2,7,1,1,4,33,2,3,16,7,1,44190.2,1566.6668,6552,588,1568,6336,3700
3,7,1,1,4,31,2,5,11,5,1,33426,15340,5520,5156,1200,2608,900
2,5,2,1,1,36,2,1,14,9,1,129349.4,10218.6668,21017.3332,5708,5144,3312,5344
4,4,2,1,1,40,2,1,15,7,1,47985,3986.6668,8105.3332,4200,2600,17600,72
1,5,2,1,4,34,1,1,14,8,1,59418.2,11856,47688,65004,5280,170539.2,8236
3,9,1,1,4,45,2,3,11,5,1,31917,6413.3332,8888,800,3400,3648,800
3,5,1,1,4,55,1,1,12,9,1,88766,9018.6668,10544,2444,4360,11402.6672,2080
2,7,1,1,4,33,2,3,14,8,1,57803,2845.3332,11202.6668,3914.6668,2944,5696,3336
4,7,1,1,1,52,2,5,16,5,1,28503,6933.3332,11844,2616,2884,24544,1916
2,7,1,1,1,38,2,3,13,6,1,36785,2280,6982.6668,2857.3332,2140,480,916
3,7,1,1,4,31,2,5,14,8,1,62658,7780,23416,2640,4644,8768,3612
4,4,1,1,1,41,1,1,13,9,1,101504.4,7233.3332,8692,4822.6668,1284,9440,19200
2,3,2,1,4,35,2,1,14,8,1,62453.4,9412,19208,42232,4988,25344,1844
4,3,2,1,1,38,2,1,16,9,1,106263,6534.6668,16716,5474.6668,2840,20064,8032
2,3,2,1,1,45,1,1,16,9,1,85938,8840,27856,5012,5244,26720,3336
3,3,2,1,4,40,2,1,12,8,1,59226.2,8493.3332,13240,1880,5800,8320,1600
4,3,1,1,1,36,1,1,16,8,1,56174.8,6760,9056,6892,3008,11536,712
2,3,2,1,1,38,1,1,15,9,1,101838.6,15548,14908,5968,1800,11904,4184
1,3,2,1,1,41,2,1,13,9,1,92562,4784,7162.6668,570.6668,2628,7466.6672,868
4,3,2,1,4,45,2,1,14,9,1,135305,23940,30860,6840,3812,21120,5448
1,3,2,1,4,34,2,1,13,9,1,69025,6900,19944,4944,4104,19152,2732
2,3,2,1,1,47,2,1,15,9,1,174214.6,4640,13437.3332,3736,1788,400,2448
4,3,2,1,4,34,2,1,12,9,1,68818,7404,21800,2812,6000,83040,7024
3,3,2,1,1,46,1,1,13,9,1,111249,14040,23244,3432,2784,41760,2340
4,3,1,1,2,43,1,1,15,9,1,89173,7626.6668,3056,1296,488,8533.3328,396
3,3,2,1,4,45,1,1,12,6,1,43944,8760,16812,1440,6020,5760,988
2,3,1,1,1,34,1,1,13,9,1,72225,3966.6668,12368,3140,1840,11845.3328,912
2,3,2,1,1,41,1,1,14,9,1,79354,5893.3332,14444,1780,3044,7360,872
1,3,2,1,4,41,1,1,12,6,1,40158,15600,8928,240,4620,7707.2,1200
4,3,2,1,1,33,2,1,13,7,1,50188,4417.3332,11366.6668,9716,1840,1200,4608
3,3,1,1,1,40,1,1,16,9,1,153530,9920,36468,3648,7468,26672,19844
3,3,1,1,1,53,1,1,10,1,1,3870,2426.6668,4417.3332,1992,1712,2010.6672,260
4,3,2,1,1,46,1,1,15,9,1,109524.8,13200,14940,8544,4616,41040,1244
4,3,2,1,4,40,2,1,11,8,1,65351,3033.3332,9020,1365.3332,280,2480,1040
4,3,2,1,1,34,1,1,15,9,1,100849,9680,23008,2732,2640,16448,3420
2,3,2,1,2,35,2,1,14,9,1,96618,4437.3332,23732,4048,3460,68096,4724
4,3,1,1,1,42,1,1,16,9,1,111615,6066.6668,11738.6668,1800,1972,5920,828
4,3,2,1,4,34,1,1,13,9,1,90305.4,14000,27444,980,3452,16,1280
4,3,2,1,4,35,2,1,12,7,1,52740.8,6240,14652,1360,3260,3356.8,2828
3,3,1,1,4,42,1,1,13,8,1,55650,5200,20496,2660,4116,19680,1340
4,7,1,1,4,46,2,4,12,7,1,52380,6066.6668,5128,1392,396,1376,120
4,3,2,1,4,30,1,1,12,5,1,34010.6,4160,24688,3684,5400,3792,1772
2,3,2,1,4,35,1,1,12,8,1,60877,5980,18120,7372,6604,7200,3460
2,3,1,2,1,32,1,1,10,7,1,49684.4,1560,6260,480,60,2400,832
1,3,2,1,1,33,2,1,13,9,1,85588,12293.3332,35882,5380,4266.6668,1440,200
